20190504,宝山,杨行,远洋香奈 全南两房 采光无遮  户型正气 很温馨,315万,远洋香奈  | 2室1厅 | 67.29平米 | 南 | 精装 | 有电梯,https://image1.ljcdn.com/310000-inspection/prod-f4468d99-ba85-4742-a55f-0f292ccb7596.jpg.296x216.jpg
20190504,宝山,杨行,无增值税 双南户型 采光好 杨泰校 配套成熟,249万,杨泰二村  | 2室1厅 | 75.43平米 | 南 | 简装 | 无电梯,https://image1.ljcdn.com/310000-inspection/prod-581e58aa-4101-43e9-9ac0-b90ada61af65.jpg.296x216.jpg
20190504,宝山,杨行,满五唯一 小区中位置 婚房装修一室户新上,230万,海尚明城  | 1室2厅 | 59.96平米 | 南 | 精装 | 有电梯,https://image1.ljcdn.com/310000-inspection/prod-bfe9bd5e-0031-4c21-b55c-7b29a607e57b.jpg.296x216.jpg
20190504,宝山,杨行,飘鹰58弄 带车位 距离地铁站365米 无户口 无贷款房主自荐,360万,荣域飘鹰锦和花园(公寓)  | 2室2厅 | 89.32平米 | 南 | 毛坯 | 有电梯,https://image1.ljcdn.com/310000-inspection/prod-65a682fd-f176-45e0-be95-2064f8c98000.jpg.296x216.jpg
20190504,宝山,杨行,远洋香奈，少见小三室，邻地铁，近School,430万,远洋香奈  | 3室2厅 | 103.74平米 | 南 | 简装 | 有电梯,https://image1.ljcdn.com/310000-inspection/prod-52531981-3938-4768-b0f9-b4f603279cdf.jpg.296x216.jpg
20190504,宝山,杨行,天馨花园 低总价 近地铁 2楼带露台 小区中间位置,208万,天馨花园(公寓)  | 1室1厅 | 53.59平米 | 南 | 精装 | 无电梯,https://image1.ljcdn.com/310000-inspection/test-f70da52d-a22b-4078-b333-b1054593bb53.png.296x216.jpg
20190504,宝山,杨行,香逸湾，中间楼层。价格看中可谈，业主诚心出售！,550万,香逸湾  | 4室2厅 | 136平米 | 南 北 | 毛坯 | 有电梯,https://image1.ljcdn.com/310000-inspection/prod-b1e4f817-ba69-45d2-9dad-729c3cb6577c.jpg.296x216.jpg
20190504,宝山,杨行,景观小两房，无遮，无户，无贷，爱的就是你的欢喜,310万,万业紫辰苑  | 2室2厅 | 70.31平米 | 南 | 精装 | 有电梯,https://image1.ljcdn.com/310000-inspection/prod-d46945ec-e296-4844-a585-9f8c47e434f6.jpg.296x216.jpg
20190504,宝山,杨行,飘鹰158弄 2011年小区  精致一方 南北通户型 有钥匙,265万,荣域飘鹰锦和花园(公寓)  | 1室1厅 | 64.21平米 | 南 | 毛坯 | 有电梯,https://image1.ljcdn.com/310000-inspection/prod-7dde5170-89fb-4d54-aa43-1c03a5df8ab9.jpg.296x216.jpg
20190504,宝山,杨行,万科经典小三房，中间楼层，拎包即住。,380万,万科四季花城  | 3室2厅 | 87.69平米 | 南 | 精装 | 有电梯,https://image1.ljcdn.com/310000-inspection/prod-14930435-e95f-488b-9a29-4a37359a55a1.jpg.296x216.jpg
20190504,宝山,杨行,精装修二年 楼梯房复式 看房方便 近友谊西路地铁站,380万,东方丽都  | 3室2厅 | 99.41平米 | 南 北 | 精装 | 无电梯,https://image1.ljcdn.com/310000-inspection/prod-63e75a4b-4995-4a0c-a0ab-780bc9e9a8b1.jpg.296x216.jpg
20190504,宝山,杨行,地铁沿线，经典复式5复6，房型正气，精装修，拎包即住,425万,康桥水都(公寓)  | 3室2厅 | 143.6平米 | 南 | 精装 | 无电梯,https://image1.ljcdn.com/310000-inspection/prod-d1a857c7-ee5b-4f58-ae37-930a51709c7f.jpg.296x216.jpg
20190504,宝山,杨行,康桥水都 大三房 楼层好 户型方正,415万,康桥水都(公寓)  | 3室2厅 | 126.35平米 | 南 | 简装 | 无电梯,https://image1.ljcdn.com/310000-inspection/test-6d5f7175-bec3-4f1d-b069-b9a563cbff5f.png.296x216.jpg
20190504,宝山,杨行,婚房装修，双南户型，采光好，中间位置，可拎包入住！,255万,杨泰二村  | 2室1厅 | 73.66平米 | 南 | 精装 | 无电梯,https://image1.ljcdn.com/310000-inspection/test-311f2fe6-dcd1-4f5e-871e-8039fa946209.png.296x216.jpg
20190504,宝山,杨行,万业好卖小户型，依傍一号线与公园，满五年且唯一,290万,万业紫辰苑  | 2室2厅 | 70.07平米 | 南 | 精装 | 有电梯,https://image1.ljcdn.com/shfdfs-image/20170803/8ce77f66-f450-488f-bdb5-ca5e422aa6dd.jpg.296x216.jpg
20190504,宝山,杨行,总高2层联排别墅，随时看房！此套为3叠4,468万,绿地海域笙晖(别墅)   | 叠拼别墅 | 2室2厅 | 100.9平米 | 南 | 毛坯 | 无电梯,https://image1.ljcdn.com/310000-inspection/6e6f04ea-0518-42e3-a9b9-e68c87e54873.jpg.296x216.jpg
20190504,宝山,杨行,2009年电梯三房，1梯2户，业主诚意出售,410万,天馨花园(公寓)  | 3室2厅 | 111.28平米 | 南 | 毛坯 | 有电梯,https://image1.ljcdn.com/310000-inspection/prod-86ac1b7f-0259-470a-8627-8fbe0f3ad112.jpg.296x216.jpg
20190504,宝山,杨行,远洋香奈，开发商精装大3房，楼层佳,470万,远洋香奈  | 3室2厅 | 111.59平米 | 南 | 简装 | 有电梯,https://image1.ljcdn.com/310000-inspection/prod-4e000fc6-8f32-4bf9-81df-590b4ef22b9c.jpg.296x216.jpg
20190504,宝山,杨行,飘鹰58弄步行地铁站约400米，Five, the only有钥匙,375万,荣域飘鹰锦和花园(公寓)  | 2室2厅 | 89.41平米 | 南 北 | 毛坯 | 有电梯,https://image1.ljcdn.com/310000-inspection/prod-9862d2e8-f656-4919-bb1f-799997250174.jpg.296x216.jpg
20190504,宝山,杨行,近地铁，楼层好采光好，有钥匙随时看房,370万,荣域飘鹰锦和花园(公寓)  | 2室2厅 | 91.36平米 | 南 | 简装 | 有电梯,https://image1.ljcdn.com/310000-inspection/prod-8291a6e1-aa63-43d2-af0b-f28551b73a24.jpg.296x216.jpg
20190504,宝山,杨行,小区的中间位置，业主自住的装修,450万,万科四季花城  | 3室2厅 | 123.3平米 | 南 北 | 精装 | 有电梯,https://image1.ljcdn.com/310000-inspection/test-42c106d7-cb1a-4478-a683-3a61a685d748.png.296x216.jpg
20190504,宝山,杨行,远洋香奈，精品两房，全南户型，看房随时方便。,340万,远洋香奈  | 2室2厅 | 85.48平米 | 南 | 简装 | 有电梯,https://image1.ljcdn.com/310000-inspection/test-5404a0d2-7922-48eb-963a-44283139abf3.png.296x216.jpg
20190504,宝山,杨行,远洋香奈 带车位 精装修三房两厅两卫房主自荐,540万,远洋香奈  | 3室2厅 | 125.88平米 | 东南 南 北 | 精装 | 有电梯,https://image1.ljcdn.com/310000-inspection/prod-c34a14b8-fab9-4eba-ab59-a945eb64dfa1.jpg.296x216.jpg
20190504,宝山,杨行,飘鹰58弄 两房朝南 厅南北通 东边套 毛坯房 靠地铁,370万,荣域飘鹰锦和花园(公寓)  | 2室2厅 | 86.88平米 | 南 北 | 毛坯 | 有电梯,https://image1.ljcdn.com/310000-inspection/prod-6d6d98f2-1e08-4dee-a7c7-529c61e13232.jpg.296x216.jpg
20190504,宝山,杨行,海尚明城 毛坯两房 楼层好 。楼梯位置好，视野广阔,328万,海尚明城  | 2室1厅 | 94.04平米 | 南 | 毛坯 | 有电梯,https://image1.ljcdn.com/310000-inspection/test-2d3c1692-bffc-486e-838d-0cbc4ea30017.png.296x216.jpg
20190504,宝山,杨行,海尚明城 精装三房 满五唯一  楼层好 采光充足,430万,海尚明城  | 3室2厅 | 117.38平米 | 南 | 精装 | 有电梯,https://image1.ljcdn.com/310000-inspection/prod-facd67d9-eefc-4576-86b5-e94198d7be33.jpg.296x216.jpg
20190504,宝山,杨行,海尚明城  业主诚心出售 一房 到价签字,230万,海尚明城  | 1室2厅 | 59.96平米 | 南 | 精装 | 有电梯,https://image1.ljcdn.com/310000-inspection/prod-799f3c0b-43f1-4b4a-8ea0-1561238adf4e.jpg.296x216.jpg
20190504,宝山,杨行,海尚明城 2室2厅 355万,355万,海尚明城  | 2室2厅 | 97.18平米 | 南 | 简装 | 有电梯,https://image1.ljcdn.com/310000-inspection/prod-75d10495-c539-4cf0-84c2-0c54a944034a.jpg.296x216.jpg
20190504,宝山,杨行,春江美庐精装一改二 满五唯一 看房便利 价格可谈,248万,春江美庐(公寓)  | 1室2厅 | 51.71平米 | 南 | 精装 | 有电梯,https://image1.ljcdn.com/310000-inspection/prod-36fbe8ed-52dc-4f07-89d0-c80147eed9e7.jpg.296x216.jpg
20190504,宝山,杨行,地铁边，小区C位位置好；户型正气，南北通透好格局；,330万,丽景翠庭  | 3室2厅 | 110.22平米 | 南 北 | 精装 | 有电梯,https://image1.ljcdn.com/310000-inspection/prod-9800fe7a-f87a-4409-bf7d-16206cad0014.jpg.296x216.jpg
20190504,宝山,杨行,别墅社区前排高层采光好接近轨交,350万,招商海德名门  | 2室2厅 | 92.55平米 | 南 | 简装 | 有电梯,https://image1.ljcdn.com/310000-inspection/prod-177d1a61-b466-48dc-9bb0-fba215acff95.jpg.296x216.jpg
20190504,宝山,杨行,远洋香奈 带地下室带50平花园 户型方正采光无遮,470万,远洋香奈  | 2室2厅 | 94.3平米 | 南 | 精装 | 有电梯,https://image1.ljcdn.com/310000-inspection/prod-505df348-b8dc-4c4c-849c-1ffdd1bc5b84.jpg.296x216.jpg
20190504,宝山,杨行,康桥水都精装修两房，刚需户型，适合居住，出行方便,305万,康桥水都(公寓)  | 2室2厅 | 74.5平米 | 暂无数据 | 简装 | 有电梯,https://image1.ljcdn.com/310000-inspection/test-109ff8de-e190-4914-806c-93a7421591b1.png.296x216.jpg
20190504,宝山,杨行,满五唯一底楼三房带花园，近地铁，,320万,宝启公寓  | 3室1厅 | 81.93平米 | 南 | 简装 | 无电梯,https://image1.ljcdn.com/310000-inspection/prod-2675b1e0-0d08-4e2a-8837-5f68a445ba72.jpg.296x216.jpg
20190504,宝山,杨行,满五唯一，近地铁，带弧形飘窗，房型方正房主自荐,360万,荣域飘鹰锦和花园(公寓)  | 2室2厅 | 90.65平米 | 南 | 简装 | 有电梯,https://image1.ljcdn.com/310000-inspection/test-043f921f-c6fb-464e-9562-679e12230b76.png.296x216.jpg
20190504,宝山,杨行,万业三房，正对白沙公园，双轨交房主自荐,370万,万业紫辰苑  | 3室2厅 | 95.24平米 | 南 | 精装 | 有电梯,https://image1.ljcdn.com/310000-inspection/prod-225a3885-3e27-4d8f-8a68-a815eb2a8012.jpg.296x216.jpg
20190504,宝山,杨行,满五唯一  采光好 配套设施完善,251万,春江美庐(公寓)  | 1室1厅 | 54.28平米 | 南 | 精装 | 有电梯,https://image1.ljcdn.com/310000-inspection/prod-6debc7e8-e5c1-460f-a499-231e75a56b8d.jpg.296x216.jpg
20190504,宝山,杨行,婚房法式精装，全屋嵌入式立体音响，南北通楼层极好房主自荐,460万,远洋香奈  | 3室2厅 | 109.38平米 | 南 | 精装 | 有电梯,https://image1.ljcdn.com/310000-inspection/test-029c6b8a-7355-410e-ba60-83f312db4254.png.296x216.jpg
20190504,宝山,杨行,香逸湾，满五年，大三居价格可谈,530万,香逸湾  | 3室2厅 | 118.31平米 | 南 | 精装 | 有电梯,https://image1.ljcdn.com/310000-inspection/prod-0fd4a3f6-ec23-431f-ab3d-e4ea832ba07a.jpg.296x216.jpg
20190504,宝山,杨行,飘鹰58弄 房子满五年 无户口 次顶楼 西边套房主自荐,580万,荣域飘鹰锦和花园(公寓)  | 3室2厅 | 140.95平米 | 南 | 毛坯 | 有电梯,https://image1.ljcdn.com/310000-inspection/test-6afd4722-1922-402e-a738-57caf5d3c83f.png.296x216.jpg
20190504,宝山,杨行,简单装修大三房两卫带产权车位 别墅品质物业 诚意出售,440万,招商海德名门  | 3室2厅 | 124平米 | 南 北 | 简装 | 有电梯,https://image1.ljcdn.com/310000-inspection/prod-1446f2fe-253a-4fc0-85d2-ec2e6a3cf5b6.png.296x216.jpg
20190504,宝山,杨行,给你两卫，给你拐角飘窗，给你阳光，再给你整个公园,375万,万业紫辰苑  | 2室2厅 | 94.76平米 | 南 北 | 精装 | 有电梯,https://image1.ljcdn.com/310000-inspection/prod-ea989b4c-1551-407f-8e61-df386025503e.jpg.296x216.jpg
20190504,宝山,杨行,东方丽都大三房 保养好 步行到一号线友谊西路站300米,430万,东方丽都  | 3室2厅 | 128.47平米 | 南 | 精装 | 无电梯,https://image1.ljcdn.com/310000-inspection/test-38ba70f0-bb73-4551-97f4-6adac8558d55.png.296x216.jpg
20190504,宝山,杨行,春江美庐(公寓) 3室2厅 490万,490万,春江美庐(公寓)  | 3室2厅 | 102.02平米 | 南 北 | 精装 | 有电梯,https://image1.ljcdn.com/310000-inspection/prod-01cb3d00-3c5e-4340-96dd-400f632b7e2e.jpg.296x216.jpg
20190504,宝山,杨行,高楼层，自住看房方便，因置换诚意..,330万,春江美庐(公寓)  | 2室1厅 | 82.69平米 | 南 北 | 精装 | 有电梯,https://image1.ljcdn.com/310000-inspection/prod-f2e09ba9-c03c-41da-8c54-e36a57d329e8.jpg.296x216.jpg
20190504,宝山,杨行,电梯一房 一梯二户 南北直通 满五唯一 主卧带拐角飘窗,290万,东方丽都  | 1室1厅 | 67.81平米 | 南 | 精装 | 有电梯,https://image1.ljcdn.com/310000-inspection/prod-26e87e0d-bb6e-4e64-bd52-1de9c580a140.jpg.296x216.jpg
20190504,宝山,杨行,大黄馨园一手动迁，无增值税，三房带阁楼带露台,400万,大黄馨园  | 3室2厅 | 116.42平米 | 南 | 简装 | 无电梯,https://image1.ljcdn.com/310000-inspection/prod-acfa1e62-9e32-484b-9e27-e6f829669380.jpg.296x216.jpg
20190504,宝山,杨行,经典一房 满五唯一 低楼层 一梯三户,170万,杨泰三村  | 1室1厅 | 44.07平米 | 南 | 简装 | 无电梯,https://image1.ljcdn.com/310000-inspection/prod-ff462d5e-7793-4a61-b93a-6489c4124d56.jpg.296x216.jpg
20190504,宝山,杨行,花园小区， 满两年，精装修，随时可看,405万,远洋香奈  | 2室2厅 | 94平米 | 南 北 | 精装 | 有电梯,https://image1.ljcdn.com/310000-inspection/prod-383c34af-e62e-41c5-a4fd-b236cb42454b.jpg.296x216.jpg
20190504,宝山,杨行,满5唯1，带产权车位，看房方便。,420万,柏丽华庭  | 2室2厅 | 98.93平米 | 南 | 精装 | 有电梯,https://image1.ljcdn.com/310000-inspection/prod-0fd52aa5-ca33-418c-84a0-840f8d6f7169.jpg.296x216.jpg
20190504,宝山,杨行,1号线友谊西路站  06年商品小区 南北通透二房改三房,385万,东方丽都  | 2室2厅 | 93.82平米 | 南 北 | 精装 | 无电梯,https://image1.ljcdn.com/310000-inspection/prod-a02bf38f-1e3d-40aa-af47-278084b5a1df.jpg.296x216.jpg
20190504,宝山,杨行,俯瞰花园 景观楼层 两卧朝南 客厅朝南南北通 无个税,400万,天馨花园(公寓)  | 2室2厅 | 107.33平米 | 南 | 精装 | 有电梯,https://image1.ljcdn.com/310000-inspection/prod-5c431056-8b46-41b9-ba5d-003ad07efaef.jpg.296x216.jpg
20190504,宝山,杨行,康桥水都经典顶楼复式，得房率高，改动空间大,445万,康桥水都(公寓)  | 3室2厅 | 151.25平米 | 南 | 毛坯 | 无电梯,https://image1.ljcdn.com/310000-inspection/test-7c46c6eb-c001-4a89-8c05-073253b98d51.png.296x216.jpg
20190504,宝山,杨行,满五年唯一，经典一室户，价格可议，诚心出售，,190万,杨泰二村  | 1室1厅 | 45.59平米 | 南 | 简装 | 无电梯,https://image1.ljcdn.com/310000-inspection/test-08d9edb8-918a-4cac-91d7-d801e1dc236a.png.296x216.jpg
20190504,宝山,杨行,海尚明城 1室1厅 230万,230万,海尚明城  | 1室1厅 | 62.13平米 | 南 | 精装 | 有电梯,https://image1.ljcdn.com/310000-inspection/prod-abe6a5ca-ca72-4111-bb22-3e1a9971973a.jpg.296x216.jpg
20190504,宝山,杨行,满五年唯一，普通住宅，没有多余税费，拎包可入住。,215万,海尚明城  | 1室1厅 | 61.17平米 | 南 | 精装 | 有电梯,https://image1.ljcdn.com/310000-inspection/prod-eb832b84-4026-47b6-955f-8433ebe61ba7.jpg.296x216.jpg
20190504,宝山,杨行,外环边次新房，毛坯没有装修，钥匙房随时看,300万,绿地海域笙晖(公寓)  | 2室1厅 | 74.86平米 | 南 | 毛坯 | 有电梯,https://image1.ljcdn.com/310000-inspection/test-96936dd3-28a1-4cd1-8776-e989d20c34b3.png.296x216.jpg
20190504,宝山,杨行,难的一见的小户型，总价低 朝向好 交通方便,300万,万业紫辰苑  | 2室2厅 | 70.13平米 | 南 | 简装 | 有电梯,https://image1.ljcdn.com/310000-inspection/prod-2fd69911-6db4-4682-9cb3-ba741a800d79.jpg.296x216.jpg
20190504,宝山,杨行,荣域飘鹰锦和花园(公寓) 2室2厅 370万,370万,荣域飘鹰锦和花园(公寓)  | 2室2厅 | 90.64平米 | 南 | 精装 | 有电梯,https://image1.ljcdn.com/310000-inspection/prod-73dbdb8d-fdb4-49b9-93ef-ed940de69c3a.jpg.296x216.jpg
20190504,宝山,杨行,满两年无户口，房子产权清晰，诚心出售看房方便,360万,香逸湾  | 3室2厅 | 88.37平米 | 南 | 毛坯 | 有电梯,https://image1.ljcdn.com/310000-inspection/prod-b0858c86-b2ed-4778-8b71-f5a0fa265caa.jpg.296x216.jpg
20190504,宝山,杨行,满五唯一，小区环境优异，配套齐全，随时可看,399万,世华佳苑  | 2室2厅 | 89.43平米 | 南 | 精装 | 无电梯,https://image1.ljcdn.com/310000-inspection/prod-50783a91-326f-4dde-8d46-fda14936bd5c.jpg.296x216.jpg
20190504,宝山,杨行,满五不唯一  楼层采光好  配套设施齐全,360万,香逸湾  | 3室2厅 | 89平米 | 南 北 | 毛坯 | 有电梯,https://image1.ljcdn.com/310000-inspection/prod-97e4658d-6904-4f05-b376-d24d109bcceb.jpg.296x216.jpg
20190504,宝山,杨行,地铁一号线，宝安公路站，出行方便。配套齐全,430万,柏丽华庭  | 2室2厅 | 99.8平米 | 南 | 简装 | 有电梯,https://image1.ljcdn.com/310000-inspection/test-1fb71e47-d2da-4e6f-a350-6618d86caecb.png.296x216.jpg
20190504,宝山,杨行,满五唯一，免征个人所得税，诚意出售，寻找有缘人,260万,天馨花园(公寓)  | 2室2厅 | 86.25平米 | 南 | 简装 | 无电梯,https://image1.ljcdn.com/310000-inspection/test-6ed0e13d-2484-4897-b0a7-d0147bf68e2a.png.296x216.jpg
20190504,宝山,杨行,开发商装修交付没住过，跟新房一样干净清爽，看房预约,270万,绿地海域笙晖(公寓)  | 1室2厅 | 64.1平米 | 南 | 精装 | 有电梯,https://image1.ljcdn.com/310000-inspection/test-1986f721-b87d-499a-ad07-a41279927cf7.png.296x216.jpg
20190504,宝山,杨行,急售南北通小三房 中间楼层前后无遮挡 采光充足通风好,390万,海尚明城  | 3室2厅 | 107.49平米 | 南 | 精装 | 有电梯,https://image1.ljcdn.com/310000-inspection/test-a0f2e034-49f6-4fb3-be0f-49570c25f1ac.png.296x216.jpg
20190504,宝山,杨行,春江美庐一房 精装修 满五年 看房方便 看中价格可谈,248万,春江美庐(公寓)  | 1室1厅 | 54.28平米 | 南 | 精装 | 有电梯,https://image1.ljcdn.com/310000-inspection/prod-6a48e84f-7384-44a9-8faf-aec45ccc8709.jpg.296x216.jpg
20190504,宝山,杨行,房子满五唯一，无遮挡，采光好，精装修,280万,杨泰三村  | 3室2厅 | 87平米 | 南 北 | 精装 | 无电梯,https://image1.ljcdn.com/310000-inspection/prod-51a6cd57-c43e-4004-a756-1e5690ba2973.jpg.296x216.jpg
20190504,宝山,杨行,满五唯一 空间大 户型好 楼盘位置佳 采光好,600万,香逸湾  | 4室2厅 | 134平米 | 南 | 精装 | 有电梯,https://image1.ljcdn.com/310000-inspection/test-44370fab-04d7-4e9d-ac1d-eb8ddf110ee7.png.296x216.jpg
20190504,宝山,杨行,飘鹰58弄 两房朝南 厅南北通 中高楼层 西边套,370万,荣域飘鹰锦和花园(公寓)  | 2室2厅 | 87.64平米 | 南 | 简装 | 有电梯,https://image1.ljcdn.com/310000-inspection/prod-bc75f50a-3f99-4bde-aa70-a95f7336cfb9.jpg.296x216.jpg
20190504,宝山,杨行,飘鹰少有户型，双南南北通，随时看房,360万,荣域飘鹰锦和花园(公寓)  | 2室2厅 | 90.91平米 | 南 北 | 毛坯 | 有电梯,https://image1.ljcdn.com/310000-inspection/test-2fc3d382-9cfe-4470-9673-ba8c94566e62.png.296x216.jpg
20190504,宝山,杨行,满五唯一 诚意出售 自住置换 保养较好,380万,万科四季花城  | 3室2厅 | 89平米 | 南 北 | 精装 | 有电梯,https://image1.ljcdn.com/310000-inspection/prod-4ccea670-9549-4489-baa1-8e65da211095.jpg.296x216.jpg
20190504,宝山,杨行,中间楼层 南北通透户型 高档社区景观三房体验奢华生活,450万,万业紫辰苑  | 3室2厅 | 105平米 | 南 北 | 精装 | 有电梯,https://image1.ljcdn.com/310000-inspection/prod-d66f9b66-3b44-46f1-9c27-f9824af795cb.jpg.296x216.jpg
20190504,宝山,杨行,楼层、采光好！入住体验非同寻常,400万,香逸湾  | 3室2厅 | 88.67平米 | 南 北 | 精装 | 有电梯,https://image1.ljcdn.com/310000-inspection/prod-04338dfd-845d-4c0a-82e4-82c1009618e9.jpg.296x216.jpg
20190504,宝山,杨行,居家简约品味装修 大三房两卫房型正气 别墅品质物业,480万,招商海德名门  | 3室2厅 | 133.1平米 | 南 北 | 简装 | 有电梯,https://image1.ljcdn.com/310000-inspection/prod-cee0b6c8-fd19-4cc9-b2e4-758e2b46ff11.jpg.296x216.jpg
20190504,宝山,杨行,荣域飘鹰锦和花园 近地铁有钥匙随时看,350万,荣域飘鹰锦和花园(公寓)  | 2室2厅 | 91.36平米 | 南 | 毛坯 | 有电梯,https://image1.ljcdn.com/310000-inspection/prod-79b4c335-5447-4673-8070-6c94de3513fa.jpg.296x216.jpg
20190504,宝山,杨行,万业小户型 视野开阔 看房方便,260万,万业紫辰苑  | 2室1厅 | 68.56平米 | 南 北 | 简装 | 有电梯,https://image1.ljcdn.com/310000-inspection/prod-456386bd-47cd-45f7-960e-47b34961ab6e.jpg.296x216.jpg
20190504,宝山,杨行,远洋香奈，顶楼复式，前排采光无遮挡，房东诚意出售。,460万,远洋香奈  | 2室2厅 | 98.32平米 | 南 北 | 简装 | 有电梯,https://image1.ljcdn.com/310000-inspection/prod-524fedde-0ce6-4d97-aeb9-9bcadcb91e24.jpg.296x216.jpg
20190504,宝山,杨行,精装两房+诚心出售，产权清晰到价签字,390万,万业紫辰苑  | 2室2厅 | 94.77平米 | 南 北 | 精装 | 有电梯,https://image1.ljcdn.com/310000-inspection/prod-a188a83d-8524-4448-b9a4-eac99de338fd.jpg.296x216.jpg
20190504,宝山,杨行,大黄馨园 3室2厅 380万,380万,大黄馨园  | 3室2厅 | 119.61平米 | 南 | 精装 | 无电梯,https://image1.ljcdn.com/310000-inspection/prod-c7169459-75b4-4683-9d2f-f91eee6f152f.jpg.296x216.jpg
20190504,宝山,杨行,绿地海域笙晖(公寓) 3室1厅 439万,439万,绿地海域笙晖(公寓)  | 3室1厅 | 94.67平米 | 南 北 | 精装 | 有电梯,https://image1.ljcdn.com/310000-inspection/test-56e41efa-3632-4727-9bc8-ab9c57c98da6.png.296x216.jpg
20190504,宝山,杨行,2007年小区，户型正气，位置佳，好房不等人！,310万,康桥水都(公寓)  | 2室1厅 | 78.01平米 | 南 | 精装 | 有电梯,https://image1.ljcdn.com/310000-inspection/test-309b9abc-17c9-414c-aa42-791aa48ae731.png.296x216.jpg
20190504,宝山,杨行,飘鹰58弄 满五年 精装修 距地铁站约300米,260万,荣域飘鹰锦和花园(公寓)  | 1室1厅 | 62.69平米 | 南 | 精装 | 有电梯,https://image1.ljcdn.com/310000-inspection/prod-30c66b2e-df9f-469e-a41b-37b8040e26c5.jpg.296x216.jpg
20190504,宝山,杨行,舒适大两房 居家装修 环境好 次新房 位置好,370万,招商海德名门  | 2室2厅 | 92.44平米 | 南 | 精装 | 有电梯,https://image1.ljcdn.com/310000-inspection/test-e98343a6-1a9a-4232-8689-ca34de3a1b6f.png.296x216.jpg
20190504,宝山,杨行,非顶楼，满五年，置换，南北通，简单装修,224万,杨泰三村  | 2室1厅 | 72.73平米 | 南 | 精装 | 无电梯,https://image1.ljcdn.com/310000-inspection/prod-1c43bbec-6403-4057-936d-760d387ebb71.jpg.296x216.jpg
20190504,宝山,杨行,电梯房 满五唯一 价格可谈 高楼层 层高,410万,柏丽华庭  | 2室2厅 | 98.69平米 | 南 | 精装 | 有电梯,https://image1.ljcdn.com/310000-inspection/test-71e27b0e-6a6a-4456-8e94-382f3bff57f1.png.296x216.jpg
20190504,宝山,杨行,宝地绿洲城 2室2厅 400万,400万,宝地绿洲城  | 2室2厅 | 99.2平米 | 南 | 简装 | 有电梯,https://image1.ljcdn.com/310000-inspection/test-9b926028-570a-4952-aeaa-03ff63ab1461.png.296x216.jpg
20190504,宝山,杨行,不满两年毛坯房，两梯四户西边套，低楼层有钥匙,365万,绿地海域笙晖(公寓)  | 3室2厅 | 100.76平米 | 南 | 毛坯 | 有电梯,https://image1.ljcdn.com/310000-inspection/prod-39d5a238-5355-4c38-818a-d5799419b917.jpg.296x216.jpg
20190504,宝山,杨行,精装修，高楼层，环境优雅，采光无遮挡。,270万,绿地海域笙晖(公寓)  | 1室2厅 | 64.86平米 | 南 | 精装 | 有电梯,https://image1.ljcdn.com/310000-inspection/prod-e457d5cb-c9e7-4b7d-8817-1f19967dc396.jpg.296x216.jpg
20190504,宝山,杨行,精装大三房 业主自住 保养的好 二房朝南 厅南北通,520万,万科四季花城  | 3室2厅 | 127.54平米 | 南 北 | 精装 | 有电梯,https://image1.ljcdn.com/310000-inspection/prod-0a2b0201-a2bb-4ba6-9614-bea056a64a46.jpg.296x216.jpg
20190504,宝山,杨行,绿地海域笙晖(公寓) 3室2厅 360万,360万,绿地海域笙晖(公寓)  | 3室2厅 | 95.25平米 | 南 北 | 精装 | 有电梯,https://image1.ljcdn.com/310000-inspection/prod-db5e8ef7-2eaf-4e1a-87f1-ece716867ff5.jpg.296x216.jpg
20190504,宝山,杨行,业主诚心置换，已经看好心仪的房子，价钱可谈。,520万,柏丽华庭  | 3室2厅 | 138.52平米 | 南 | 精装 | 有电梯,https://image1.ljcdn.com/310000-inspection/test-134ec959-11d7-4246-a86a-7390e70c8039.png.296x216.jpg
20190504,宝山,杨行,业主诚心出售，看中价钱可谈，楼层好,490万,柏丽华庭  | 3室2厅 | 128.64平米 | 南 | 精装 | 有电梯,https://image1.ljcdn.com/310000-inspection/test-3b91e55a-2434-4985-ae36-61daaf399adf.jpg.296x216.jpg
20190504,宝山,杨行,杨泰三村 2室2厅 245万,245万,杨泰三村  | 2室2厅 | 75.43平米 | 南 | 精装 | 无电梯,https://image1.ljcdn.com/310000-inspection/prod-c09bd0fc-f3ca-424b-9bf8-02bdd0e5b620.jpg.296x216.jpg
20190504,宝山,杨行,远洋顶楼复式户型，走过路过不要错过啊,505万,远洋香奈  | 3室2厅 | 108.04平米 | 南 北 | 简装 | 有电梯,https://image1.ljcdn.com/310000-inspection/prod-53eff2f4-f8ac-427a-a169-e01f07c986b4.jpg.296x216.jpg
20190504,宝山,杨行,正气三房，诚心出售，采光无遮挡。,385万,万业紫辰苑  | 3室2厅 | 99.15平米 | 南 北 | 简装 | 有电梯,https://image1.ljcdn.com/310000-inspection/prod-ba7fa57a-8014-4c4e-abf0-b196630e92ca.jpg.296x216.jpg
20190504,宝山,杨行,三复四，业主诚意出售，地铁一号线，共富新村地铁站房主自荐,525万,康桥水都(公寓)  | 3室2厅 | 152.56平米 | 南 | 精装 | 无电梯,https://image1.ljcdn.com/310000-inspection/prod-4d381e4e-5caf-4360-8be4-3d964423ece0.jpg.296x216.jpg
20190504,宝山,杨行,天馨花园(公寓) 3室2厅 426万,426万,天馨花园(公寓)  | 3室2厅 | 115.36平米 | 南 | 精装 | 无电梯,https://image1.ljcdn.com/310000-inspection/prod-e1b5472d-1600-4623-ad76-e7249d0d1b79.jpg.296x216.jpg
20190504,宝山,杨行,康桥水都大平层 3室2厅2卫 满五年 税费少,410万,康桥水都(公寓)  | 3室2厅 | 116.81平米 | 南 | 毛坯 | 无电梯,https://image1.ljcdn.com/310000-inspection/prod-ac4b4070-ca32-48b6-8f2e-431d64d4f7c7.jpg.296x216.jpg
20190504,宝山,杨行,拎包入住，正对白沙公园；视野好,510万,万业紫辰苑  | 4室2厅 | 133平米 | 南 北 | 精装 | 有电梯,https://image1.ljcdn.com/310000-inspection/prod-13924809-01f1-4665-8eab-bfd865080797.jpg.296x216.jpg
20190504,宝山,杨行,天馨花园复式，1复2， 满五唯一,500万,天馨花园(公寓)  | 4室2厅 | 167平米 | 南 北 | 精装 | 有电梯,https://image1.ljcdn.com/310000-inspection/prod-0d4505fe-3951-4cf3-b3e0-f63c8290a094.jpg.296x216.jpg
20190504,宝山,杨行,万科大三房，南北通透，宜孕婴养老。,520万,万科四季花城  | 3室2厅 | 130.15平米 | 南 北 | 精装 | 有电梯,https://image1.ljcdn.com/310000-inspection/prod-3202b125-6dfc-4f00-9f74-ab06f6303708.jpg.296x216.jpg
20190504,宝山,杨行,香逸湾小三房 满五年精装带车位 看房便利 价格可谈,405万,香逸湾  | 3室2厅 | 89平米 | 南 北 | 精装 | 有电梯,https://image1.ljcdn.com/310000-inspection/prod-0cab87f4-0bf8-4468-9e26-50f388e12874.jpg.296x216.jpg
20190504,宝山,杨行,精装修电梯2房出售+钥匙房看房方便+价格可谈,360万,万科四季花城  | 2室2厅 | 90.47平米 | 南 | 简装 | 有电梯,https://image1.ljcdn.com/310000-inspection/prod-1d3b5299-4168-4936-a377-c3c5efffbc76.jpg.296x216.jpg
20190504,宝山,杨行,康桥水都 电梯两房 南北通户型 业主诚意出售,315万,康桥水都(公寓)  | 2室2厅 | 75.28平米 | 南 北 | 简装 | 有电梯,https://image1.ljcdn.com/310000-inspection/prod-42e4b81d-5b52-4259-b542-b9e3f43e5316.jpg.296x216.jpg
20190504,宝山,杨行,杨泰三村 1室1厅 155万,155万,杨泰三村  | 1室1厅 | 39.98平米 | 南 | 简装 | 无电梯,https://image1.ljcdn.com/310000-inspection/prod-ba8161bf-e81e-4514-aa47-9363cef906ff.jpg.296x216.jpg
20190504,宝山,杨行,看房很方便，纯毛坯，通风好采光好,350万,绿地海域笙晖(公寓)  | 2室2厅 | 81平米 | 南 北 | 毛坯 | 有电梯,https://image1.ljcdn.com/310000-inspection/prod-12769f90-b1dc-444e-9010-b5e88eab1d8c.jpg.296x216.jpg
20190504,宝山,杨行,万业小户型  正面白沙公园  风景好  双轨交方便出行,260万,万业紫辰苑  | 2室1厅 | 68.52平米 | 南 | 精装 | 有电梯,https://image1.ljcdn.com/310000-inspection/prod-cfa68b2a-9596-4732-86b2-9b3afdbbef8e.jpg.296x216.jpg
20190504,宝山,杨行,满五唯一，无增值税个税，楼层好，交通便利，采光充足,230万,海尚明城  | 1室1厅 | 61.33平米 | 南 | 精装 | 有电梯,https://image1.ljcdn.com/310000-inspection/prod-2d7c9f13-fa19-4d44-982f-4b58c8375828.jpg.296x216.jpg
20190504,宝山,杨行,精装修1楼，带花园，诚意出售，业主自住看房方便,346万,天馨花园(公寓)  | 2室2厅 | 89.64平米 | 南 | 精装 | 无电梯,https://image1.ljcdn.com/310000-inspection/test-3b004bc3-23ea-4583-87d5-490d6dcac5e3.png.296x216.jpg
20190504,宝山,杨行,居家装修 品质物业 别墅社区 采光好诚意出售,315万,招商海德名门  | 2室2厅 | 85.01平米 | 南 | 精装 | 有电梯,https://image1.ljcdn.com/310000-inspection/prod-533632ef-c24d-492b-94ee-717d95f1c6a2.jpg.296x216.jpg
20190504,宝山,杨行,南北通透，大三房，双南户型，视野开阔房主自荐,425万,招商海德名门  | 3室2厅 | 126.72平米 | 南 北 | 简装 | 有电梯,https://image1.ljcdn.com/310000-inspection/prod-985262fc-7aca-4c23-86b4-346ae2614092.jpg.296x216.jpg
20190504,宝山,杨行,电梯大三房，2009年房龄，满五唯一，诚意出售,480万,天馨花园(公寓)  | 3室2厅 | 131.7平米 | 南 | 简装 | 有电梯,https://image1.ljcdn.com/310000-inspection/prod-2d1d53e7-1de7-44a2-8edf-f681fdd548aa.jpg.296x216.jpg
20190504,宝山,杨行,地铁一号线，出行方便，带产权车位房主自荐,540万,柏丽华庭  | 3室2厅 | 138.52平米 | 南 北 | 精装 | 有电梯,https://image1.ljcdn.com/310000-inspection/test-2548ec39-244b-48a3-8d98-1e041b562c92.png.296x216.jpg
20190504,宝山,杨行,地铁一号线，业主诚心出售，看房方便房主自荐,495万,柏丽华庭  | 3室2厅 | 120.27平米 | 南 | 精装 | 有电梯,https://image1.ljcdn.com/310000-inspection/test-a1fecf2a-026c-40b3-acea-aca2a89faa10.png.296x216.jpg
20190504,宝山,杨行,2007年小区，环境佳，房型正，满5年，中间楼层房主自荐,419万,康桥水都(公寓)  | 3室2厅 | 133.33平米 | 南 | 精装 | 有电梯,https://image1.ljcdn.com/310000-inspection/prod-ca2df326-af61-44b9-8374-89beda354250.jpg.296x216.jpg
20190504,宝山,杨行,杨泰康苑 2室2厅 310万,310万,杨泰康苑  | 2室2厅 | 88.88平米 | 南 | 毛坯 | 无电梯,https://image1.ljcdn.com/310000-inspection/prod-5a7c99ed-1e33-4124-a3e9-783c8861e122.jpg.296x216.jpg
20190504,宝山,杨行,户型正气，环境优美...........,358万,康桥水都(公寓)  | 2室2厅 | 91.39平米 | 南 | 简装 | 无电梯,https://image1.ljcdn.com/310000-inspection/prod-07a35999-090f-4f86-8b3b-463348231e65.jpg.296x216.jpg
20190504,宝山,杨行,精装三房，南北通透，高楼层，好视野,450万,万业紫辰苑  | 3室2厅 | 98.88平米 | 南 北 | 精装 | 有电梯,https://image1.ljcdn.com/310000-inspection/prod-43cb93a5-bc6f-4668-97bc-d2ce5cd1b9a9.jpg.296x216.jpg
20190504,宝山,杨行,满五唯一 总高楼层 视野开阔 采光好,450万,万科四季花城  | 3室2厅 | 121.25平米 | 南 北 | 精装 | 无电梯,https://image1.ljcdn.com/310000-inspection/prod-c0dc0917-4647-4a97-b217-32d6c19d15f5.jpg.296x216.jpg
20190504,宝山,杨行,房型正气，位置好，交通便利，配套全,630万,柏丽华庭  | 4室2厅 | 149.01平米 | 南 | 精装 | 有电梯,https://image1.ljcdn.com/310000-inspection/prod-a88f6bc4-8f22-4644-8310-8c13b86b67d6.jpg.296x216.jpg
20190504,宝山,杨行,经典两房 精装修 随时入住  给你温暖的家,365万,招商海德名门  | 2室2厅 | 92.55平米 | 南 | 精装 | 有电梯,https://image1.ljcdn.com/310000-inspection/prod-4a2d79dc-7b99-44e0-ae05-221606cd33e2.jpg.296x216.jpg
20190504,宝山,杨行,康桥水都(公寓) 3室2厅 480万,480万,康桥水都(公寓)  | 3室2厅 | 126.18平米 | 南 | 精装 | 无电梯,https://image1.ljcdn.com/310000-inspection/prod-ef86d361-8ba9-4da6-90be-a0b62e8f85a8.jpg.296x216.jpg
20190504,宝山,杨行,康桥水都(公寓) 3室2厅 430万,430万,康桥水都(公寓)  | 3室2厅 | 127.68平米 | 西南 | 精装 | 无电梯,https://image1.ljcdn.com/310000-inspection/test-f51c0fde-49ac-469e-a92a-92a5beac9c31.png.296x216.jpg
20190504,宝山,杨行,天馨花园(公寓) 2室2厅 310万,310万,天馨花园(公寓)  | 2室2厅 | 88.7平米 | 南 | 精装 | 无电梯,https://image1.ljcdn.com/310000-inspection/prod-781ada7c-2129-407e-87c6-445db6c79bbd.jpg.296x216.jpg
20190504,宝山,杨行,业主置换，自住精装修，楼层虽低采光不影响,450万,绿地海域笙晖(公寓)  | 3室2厅 | 101.05平米 | 南 北 | 精装 | 有电梯,https://image1.ljcdn.com/310000-inspection/prod-190b24e0-97b6-4b24-b2a6-d07690c48c9d.jpg.296x216.jpg
20190504,宝山,杨行,绿地海域笙晖(公寓) 3室2厅 420万,420万,绿地海域笙晖(公寓)  | 3室2厅 | 96.93平米 | 南 | 简装 | 有电梯,https://image1.ljcdn.com/310000-inspection/prod-21cfb964-1754-4200-a70a-d9e5e497b289.jpg.296x216.jpg
20190504,宝山,杨行,世华佳苑正气大三房，房龄新小区环境好。,560万,世华佳苑  | 3室2厅 | 133.95平米 | 南 | 简装 | 无电梯,https://image1.ljcdn.com/310000-inspection/test-2ed883d6-dbe1-49f0-8d09-cbc84fcc3747.png.296x216.jpg
20190504,宝山,杨行,杨泰二村 2室1厅 258万,258万,杨泰二村  | 2室1厅 | 73.66平米 | 南 | 毛坯 | 无电梯,https://image1.ljcdn.com/310000-inspection/prod-5b592fd8-5154-498d-8a54-fab0d41ac131.jpg.296x216.jpg
20190504,宝山,杨行,此房出入方便，清静优雅，采光充足,249万,杨泰二村  | 2室2厅 | 73.86平米 | 南 | 简装 | 无电梯,https://image1.ljcdn.com/310000-inspection/prod-07e03502-4f2f-463e-92f7-eafff736cd7a.jpg.296x216.jpg
20190504,宝山,杨行,杨泰二村 2室1厅 265万,265万,杨泰二村  | 2室1厅 | 75.43平米 | 南 | 简装 | 无电梯,https://image1.ljcdn.com/310000-inspection/prod-817ba96a-a782-48b1-b7b9-8798646f5929.jpg.296x216.jpg
20190504,宝山,杨行,精装修南北户型，满5唯一，中间楼层，位置佳，诚售,325万,康桥水都(公寓)  | 2室1厅 | 78.01平米 | 南 | 精装 | 有电梯,https://image1.ljcdn.com/310000-inspection/prod-7464894d-3fa9-4e9a-943b-d63740855d68.jpg.296x216.jpg
20190504,宝山,杨行,户型正气，别墅社区，招商物业，别墅社区，带花园,430万,招商海德名门  | 3室2厅 | 127.45平米 | 南 | 毛坯 | 有电梯,https://image1.ljcdn.com/310000-inspection/prod-08d58001-106b-41f4-af87-f3cdeeaaa37e.jpg.296x216.jpg
20190504,宝山,杨行,远洋香奈 性价两房 位置好 诚心出售,350万,远洋香奈  | 2室2厅 | 85平米 | 南 北 | 简装 | 有电梯,https://image1.ljcdn.com/310000-inspection/prod-182e3a0f-f638-47c4-8178-618a6a6e5f70.jpg.296x216.jpg
20190504,宝山,杨行,万科精装修一房出售+总价低+满五唯一税费低,290万,万科四季花城  | 1室2厅 | 63.6平米 | 南 | 精装 | 有电梯,https://image1.ljcdn.com/310000-inspection/prod-4f087d46-0bca-4e34-8184-c6ede3fff3a9.jpg.296x216.jpg
20190504,宝山,杨行,此房中间楼层采光好通风好，看房可联系专属维护人,380万,荣域飘鹰锦和花园(公寓)  | 2室1厅 | 89平米 | 南 北 | 精装 | 有电梯,https://image1.ljcdn.com/310000-inspection/prod-00526252-557d-41e9-a1f2-67102b60b68a.jpg.296x216.jpg
20190504,宝山,杨行,绿地海域笙晖(公寓) 3室2厅 430万,430万,绿地海域笙晖(公寓)  | 3室2厅 | 100.76平米 | 南 北 | 毛坯 | 有电梯,https://image1.ljcdn.com/310000-inspection/prod-45fc53aa-995a-4ffb-89c6-4f91406b51fb.jpg.296x216.jpg
20190504,宝山,杨行,满五年唯一 两房朝南 楼层佳采光好 精装修房主自荐,209万,杨泰一村  | 2室2厅 | 57.15平米 | 南 | 精装 | 无电梯,https://image1.ljcdn.com/310000-inspection/prod-30d710cb-653a-4a38-a86d-2ce65a49555f.jpg.296x216.jpg
20190504,宝山,杨行,杨泰二村  总价低 税费少 采光好 无遮挡房主自荐,178万,杨泰二村  | 1室1厅 | 45.59平米 | 南 北 | 简装 | 无电梯,https://image1.ljcdn.com/310000-inspection/prod-469ecaf1-a5c6-4b80-9e2c-5f5ad1702793.jpg.296x216.jpg
20190504,宝山,杨行,楼层好  没有增值税 产权清晰 看房方便,260万,杨泰二村  | 2室1厅 | 75.43平米 | 南 | 毛坯 | 无电梯,https://image1.ljcdn.com/310000-inspection/prod-a3c98162-ed5b-4e0a-873d-4094ddde7bac.jpg.296x216.jpg
20190504,宝山,杨行,天馨花园(公寓) 5室3厅 465万,465万,天馨花园(公寓)  | 5室3厅 | 115.36平米 | 南 | 简装 | 无电梯,https://image1.ljcdn.com/310000-inspection/prod-ed869c41-43a2-4d9a-b7a6-a61070b45843.jpg.296x216.jpg
20190504,宝山,杨行,香逸湾大四房 满五年 精装修 带车位 看房便利能谈,600万,香逸湾  | 4室2厅 | 134.42平米 | 南 北 | 精装 | 有电梯,https://image1.ljcdn.com/310000-inspection/prod-1733efa9-b7b7-43eb-9ad1-22813c987949.jpg.296x216.jpg
20190504,宝山,杨行,香逸湾大四房，精装修，业主诚意出售，560万看中谈,560万,香逸湾  | 4室2厅 | 134.42平米 | 南 | 精装 | 有电梯,https://image1.ljcdn.com/310000-inspection/prod-50ab68ff-5f41-4344-b27c-bd47e56fc8d4.jpg.296x216.jpg
20190504,宝山,杨行,万业新出高区景观功能型三房  纯毛坯给您更多装修空间,420万,万业紫辰苑  | 3室2厅 | 105.52平米 | 南 | 毛坯 | 有电梯,https://image1.ljcdn.com/310000-inspection/prod-28cea912-a225-4282-a554-7200d5feca99.jpg.296x216.jpg
20190504,宝山,杨行,宝启花园(公寓) 3室2厅 400万,400万,宝启花园(公寓)  | 3室2厅 | 138.08平米 | 南 北 | 精装 | 有电梯,https://image1.ljcdn.com/310000-inspection/test-818ca373-120c-403b-8a3e-77300a3e36dd.png.296x216.jpg
20190504,宝山,杨行,海德花园 2室2厅 399万,399万,海德花园  | 2室2厅 | 95.23平米 | 南 | 毛坯 | 无电梯,https://image1.ljcdn.com/310000-inspection/prod-e639c3a3-4d17-466a-9e72-74a106b95be1.jpg.296x216.jpg
20190504,宝山,杨行,万科二期精装电梯二房诚意出售+看房方便,350万,万科四季花城  | 2室2厅 | 87.48平米 | 南 | 精装 | 有电梯,https://image1.ljcdn.com/310000-inspection/prod-fd17fe6e-bcdf-4ae6-925b-6c5e7272da3d.jpg.296x216.jpg
20190504,宝山,杨行,满五唯一 总高6楼的4楼 采光好 不临街 业主诚意出售,410万,东方丽都  | 2室2厅 | 108.96平米 | 南 | 精装 | 无电梯,https://image1.ljcdn.com/310000-inspection/test-927bf257-8ad6-4eab-a21b-94160b0dbea5.png.296x216.jpg
20190504,宝山,杨行,海尚明城 2室1厅 225万,225万,海尚明城  | 2室1厅 | 59.96平米 | 南 | 精装 | 有电梯,https://image1.ljcdn.com/310000-inspection/test-89c20891-f179-401b-84d9-af37d3daa971.png.296x216.jpg
20190504,宝山,杨行,业主诚心出售 满五唯一  离地铁站近  价格可谈,320万,宝启公寓  | 3室1厅 | 84.3平米 | 南 北 | 简装 | 无电梯,https://image1.ljcdn.com/310000-inspection/prod-6d8152f7-2d6c-4b38-873b-f2d56266213a.jpg.296x216.jpg
20190504,宝山,杨行,中梁英伦印象(公寓) 3室2厅 480万,480万,中梁英伦印象(公寓)  | 3室2厅 | 91.01平米 | 南 北 | 精装 | 有电梯,https://image1.ljcdn.com/310000-inspection/prod-a22645e2-588d-4f3b-82c6-708bac4ba1c8.jpg.296x216.jpg
20190504,宝山,杨行,经典房源，满五唯一，高楼层，采光好。,218万,杨泰三村  | 2室1厅 | 74.86平米 | 南 | 简装 | 无电梯,https://image1.ljcdn.com/310000-inspection/prod-9aa87548-f392-49a0-8ec5-6eae906c3c10.jpg.296x216.jpg
20190504,宝山,杨行,杨泰二村 2室2厅 330万,330万,杨泰二村  | 2室2厅 | 87.2平米 | 南 | 简装 | 无电梯,https://image1.ljcdn.com/310000-inspection/test-a9d7d5e0-8bac-490c-adea-b64953e09227.png.296x216.jpg
20190504,宝山,杨行,宝安公路地铁双南二房 高楼层采光好  满二年,370万,荣域飘鹰锦和花园(公寓)  | 2室2厅 | 90.5平米 | 南 | 精装 | 有电梯,https://image1.ljcdn.com/310000-inspection/prod-073b821b-2bdf-4b69-8e6f-989a9357ff20.jpg.296x216.jpg
20190504,宝山,杨行,天馨花园(公寓) 3室2厅 450万,450万,天馨花园(公寓)  | 3室2厅 | 114平米 | 南 北 | 简装 | 无电梯,https://image1.ljcdn.com/310000-inspection/prod-b14063d0-f312-4dd3-9031-3c048bd60846.jpg.296x216.jpg
20190504,宝山,杨行,2009年房龄，1楼带大花园，产权清晰，诚意出售,410万,天馨花园(公寓)  | 3室2厅 | 106.62平米 | 南 | 精装 | 有电梯,https://image1.ljcdn.com/310000-inspection/prod-9ba87351-19f6-452f-b48f-adbd3fbbcb87.jpg.296x216.jpg
20190504,宝山,杨行,满二动迁房 无增值税 精装一房 中间楼层,212万,友谊家园  | 1室1厅 | 59.32平米 | 南 | 精装 | 无电梯,https://image1.ljcdn.com/310000-inspection/prod-cb3200b5-05b9-47eb-b855-5619ecfce21e.jpg.296x216.jpg
20190504,宝山,杨行,开阔视野，居高楼层，给生活多点空间，给自己多点动力,450万,远洋香奈  | 3室2厅 | 115.51平米 | 南 | 毛坯 | 有电梯,https://image1.ljcdn.com/310000-inspection/prod-8b68c1bd-6fe2-46c2-b954-6804acdff371.jpg.296x216.jpg
20190504,宝山,杨行,地铁站宝安公路，交通便利购物方便，带产权车位,600万,柏丽华庭  | 4室2厅 | 149.01平米 | 南 | 精装 | 有电梯,https://image1.ljcdn.com/310000-inspection/prod-f240277f-778f-4d8a-a95f-39a416f786a6.png.296x216.jpg
20190504,宝山,杨行,满五年唯一，免个人所得税，房东需要置换，楼层适中,280万,天馨花园(公寓)  | 2室1厅 | 79.79平米 | 南 | 简装 | 无电梯,https://image1.ljcdn.com/310000-inspection/prod-d6abd3e8-f3b1-42f7-aedb-d17b24971501.png.296x216.jpg
20190504,宝山,杨行,天馨花园(公寓) 1室1厅 233万,233万,天馨花园(公寓)  | 1室1厅 | 58.43平米 | 南 | 精装 | 无电梯,https://image1.ljcdn.com/310000-inspection/test-728d0cb5-4491-43bb-aca2-cb624b4b88b1.png.296x216.jpg
20190504,宝山,杨行,外环边次新房，大三房，精装修从来没住过,520万,绿地海域笙晖(公寓)  | 3室1厅 | 112平米 | 南 北 | 精装 | 有电梯,https://image1.ljcdn.com/310000-inspection/prod-b7cfbf59-288b-4001-a8a3-0dbcb949450c.jpg.296x216.jpg
20190504,宝山,杨行,业主诚心出售柏丽大三房，满五唯一，位置好,550万,柏丽华庭  | 3室2厅 | 138.52平米 | 南 | 精装 | 有电梯,https://image1.ljcdn.com/310000-inspection/prod-055416a2-4e95-48e1-a7fa-6f17564f125b.jpg.296x216.jpg
20190504,宝山,杨行,诚心出售，可随时预约实地看房。,235万,海尚明城  | 1室1厅 | 63.2平米 | 南 | 精装 | 有电梯,https://image1.ljcdn.com/310000-inspection/prod-35fb1374-6162-4d73-980e-f463e901ae9a.jpg.296x216.jpg
20190504,宝山,杨行,婚房装修，品牌家电，别墅社区，交通便利,350万,招商海德名门  | 2室1厅 | 84平米 | 南 | 精装 | 有电梯,https://image1.ljcdn.com/310000-inspection/prod-c9b6114e-53d4-44f2-b16a-c4e2c9f3e0f1.jpg.296x216.jpg
20190504,宝山,杨行,近地铁，满五唯一，一楼带双花园，前排光线充足,350万,荣域飘鹰锦和花园(公寓)  | 2室2厅 | 91.34平米 | 南 | 精装 | 有电梯,https://image1.ljcdn.com/310000-inspection/test-2fe53bfd-af04-41de-b044-7004064eb66f.png.296x216.jpg
20190504,宝山,杨行,一楼带花园，带地下室，业主置换，房子已看好，贼急售,550万,远洋香奈  | 5室2厅 | 108.68平米 | 南 | 精装 | 有电梯,https://image1.ljcdn.com/310000-inspection/test-0c0ae361-425c-421c-8497-3056d8ff6894.png.296x216.jpg
20190504,宝山,杨行,满五年，自住从未出租，前后无遮挡，看房提前联系，,325万,康桥水都(公寓)  | 2室2厅 | 91.92平米 | 南 | 精装 | 有电梯,https://image1.ljcdn.com/310000-inspection/test-792abed0-b3d3-47a9-8ba2-32686606cfa5.png.296x216.jpg
20190504,宝山,杨行,电梯二房 小区北门进门右转 满五唯一 业主自住,400万,东方丽都  | 2室2厅 | 92.15平米 | 南 | 精装 | 有电梯,https://image1.ljcdn.com/310000-inspection/prod-8e2de5d5-bc54-4b90-8b96-f76934e0556c.jpg.296x216.jpg
20190504,宝山,杨行,一号线地铁精装二房 一楼带花园+地下室 前面无遮挡,370万,东方丽都  | 2室2厅 | 101.29平米 | 南 | 精装 | 有电梯,https://image1.ljcdn.com/310000-inspection/prod-92a1968c-c9a2-4f0a-bc94-7fcbe6c4697c.jpg.296x216.jpg
20190504,宝山,杨行,飘鹰58弄 满五年唯一 双南户型 近地铁 离地铁约300米,355万,荣域飘鹰锦和花园(公寓)  | 2室2厅 | 90.5平米 | 南 | 精装 | 有电梯,https://image1.ljcdn.com/310000-inspection/prod-f816e52d-38fc-442a-bfbb-fddcd5efdf3f.jpg.296x216.jpg
20190504,宝山,杨行,东方丽都 二期电梯房 一楼带花园+地下室 不临街,480万,东方丽都  | 2室2厅 | 129.7平米 | 南 | 精装 | 有电梯,https://image1.ljcdn.com/310000-inspection/prod-3428ac31-5368-4d63-b8aa-89046c8644d6.jpg.296x216.jpg
20190504,宝山,杨行,满五唯一 业主诚心出售 户型方正,435万,康桥水都(公寓)  | 3室2厅 | 130.5平米 | 南 | 精装 | 无电梯,https://image1.ljcdn.com/310000-inspection/prod-c0d94d95-5c99-4f5e-844e-0ecd62e92943.jpg.296x216.jpg
20190504,宝山,杨行,满五年唯一精装修大两房，得房率高，适合居住,350万,康桥水都(公寓)  | 2室2厅 | 100.37平米 | 南 | 简装 | 无电梯,https://image1.ljcdn.com/310000-inspection/prod-fffc3bbc-6b2b-4614-9567-f6bb5b897d5d.jpg.296x216.jpg
20190504,宝山,杨行,蝴蝶户型 精装修自住 满五唯一 近东门,380万,天馨花园(公寓)  | 3室2厅 | 107.91平米 | 南 | 精装 | 无电梯,https://image1.ljcdn.com/310000-inspection/prod-01849a7c-4096-4839-92ac-1a4462228507.jpg.296x216.jpg
20190504,宝山,杨行,紧靠一号线宝安公路 户型方正南北通两房,350万,荣域飘鹰锦和花园(公寓)  | 2室2厅 | 89.41平米 | 南 | 简装 | 有电梯,https://image1.ljcdn.com/310000-inspection/prod-476ff3e5-4f74-4893-bae6-3e71c1e1fe85.jpg.296x216.jpg
20190504,宝山,杨行,杨泰一村 2室1厅 180万,180万,杨泰一村  | 2室1厅 | 57.6平米 | 南 | 精装 | 无电梯,https://image1.ljcdn.com/310000-inspection/prod-a3c1ea3e-223e-4425-b55b-dc92b3258bc9.jpg.296x216.jpg
20190504,宝山,杨行,天馨花园 近地铁 中楼层 得房率高 配套齐全 免个税,295万,天馨花园(公寓)  | 2室1厅 | 84.36平米 | 南 | 精装 | 无电梯,https://image1.ljcdn.com/310000-inspection/prod-3a355273-1553-47bc-8556-029dfacc6007.png.296x216.jpg
20190504,宝山,杨行,海尚明城 3室2厅 380万,380万,海尚明城  | 3室2厅 | 107.11平米 | 南 | 精装 | 有电梯,https://image1.ljcdn.com/310000-inspection/prod-407a71a1-034c-41d4-ad3f-6583515456c5.jpg.296x216.jpg
20190504,宝山,杨行,南北两房 婚房2年新装修 保养很好  动静分明,350万,同盛嘉园  | 2室2厅 | 91.75平米 | 南 | 精装 | 有电梯,https://image1.ljcdn.com/310000-inspection/test-5620b524-a095-4577-978b-230844739dd7.png.296x216.jpg
20190504,宝山,杨行,小户型，总价较低，2008年的新房龄,380万,天馨花园(公寓)  | 3室2厅 | 96.71平米 | 南 | 精装 | 无电梯,https://image1.ljcdn.com/310000-inspection/test-37a2eed3-6eb3-4aac-b798-c404e4553476.png.296x216.jpg
20190504,宝山,杨行,绿地海域笙晖(公寓) 2室2厅 380万,380万,绿地海域笙晖(公寓)  | 2室2厅 | 82平米 | 南 | 精装 | 有电梯,https://image1.ljcdn.com/310000-inspection/prod-35a85366-8c22-485a-9873-645ff2e74a33.jpg.296x216.jpg
20190504,宝山,杨行,2016年买入税费低 南北通透双阳台 全明户型 诚意出售房主自荐,380万,康桥水都(公寓)  | 2室2厅 | 110平米 | 南 北 | 精装 | 无电梯,https://image1.ljcdn.com/310000-inspection/prod-fc7c4697-ddaf-4c33-9932-fe782c9be70a.jpg.296x216.jpg
20190504,宝山,杨行,中高楼层采光好，房东居住的装修，满五年税费少,340万,天馨花园(公寓)  | 2室2厅 | 89.6平米 | 南 北 | 精装 | 无电梯,https://image1.ljcdn.com/310000-inspection/test-2ad1ad40-2f83-4765-85e8-7336eaf02124.png.296x216.jpg
20190504,宝山,杨行,万科精装2房高区出售+诚意出售+视野采光佳,360万,万科四季花城  | 2室2厅 | 90平米 | 南 北 | 精装 | 有电梯,https://image1.ljcdn.com/310000-inspection/prod-6f9a155e-6518-4fd3-8875-bc5426b2d2c3.jpg.296x216.jpg
20190504,宝山,杨行,杨泰一村 2室1厅 190万,190万,杨泰一村  | 2室1厅 | 57.6平米 | 南 | 简装 | 无电梯,https://image1.ljcdn.com/310000-inspection/prod-016ad7ca-d294-494a-8424-2d438a2932c9.jpg.296x216.jpg
20190504,宝山,杨行,飞机户型，两房朝南，小区前排，采光好,540万,远洋香奈  | 3室2厅 | 120平米 | 南 北 | 简装 | 有电梯,https://image1.ljcdn.com/310000-inspection/prod-5489ecc4-6ada-4b12-b65e-391af365eeca.jpg.296x216.jpg
20190504,宝山,杨行,春江美庐两房 精装修 满五年 楼层佳采光好诚意出售,340万,春江美庐(公寓)  | 2室1厅 | 82.69平米 | 南 北 | 精装 | 有电梯,https://image1.ljcdn.com/310000-inspection/test-d2e8c04a-1592-48e8-b723-dea78c660c86.png.296x216.jpg
20190504,宝山,杨行,精装两房 带露台 全明户型采光好，交通方便 自住好房,198万,天馨花园(公寓)  | 2室1厅 | 36平米 | 南 | 简装 | 无电梯,https://image1.ljcdn.com/310000-inspection/prod-06400ea3-00dd-4e3a-9f73-78d65ce1b237.jpg.296x216.jpg
20190504,宝山,杨行,边套，高楼层视野开阔，小区环境好,430万,绿地海域笙晖(公寓)  | 3室2厅 | 94.5平米 | 南 北 | 精装 | 有电梯,https://image1.ljcdn.com/310000-inspection/prod-9da55725-829f-4ac5-b422-80e4f9ab4907.jpg.296x216.jpg
20190504,宝山,杨行,影园路345弄小区采光超好，舒适小区，舒心的家,241万,影园路345弄  | 2室1厅 | 70.55平米 | 南 | 精装,https://image1.ljcdn.com/310000-inspection/prod-226ab197-267a-4101-9bb3-3e118d7fef6e.jpg.296x216.jpg
20190504,宝山,杨行,绿地海域笙晖(公寓) 2室1厅 290万,290万,绿地海域笙晖(公寓)  | 2室1厅 | 64平米 | 南 | 精装 | 有电梯,https://image1.ljcdn.com/310000-inspection/test-7b9b9afe-d2ea-4616-adc0-89505bd09dac.png.296x216.jpg
20190504,宝山,杨行,税费少降低购房成本，花更少的钱住更好的房,375万,万科四季花城  | 2室2厅 | 96.15平米 | 南 | 精装 | 有电梯,https://image1.ljcdn.com/310000-inspection/prod-2a14546a-6583-4788-aa3d-af38fc7d048a.jpg.296x216.jpg
20190504,宝山,杨行,宝地绿洲城 2室2厅 360万,360万,宝地绿洲城  | 2室2厅 | 89.97平米 | 南 | 精装 | 无电梯,https://image1.ljcdn.com/310000-inspection/prod-48f572ae-8587-4c64-9508-30b5db20171e.jpg.296x216.jpg
20190504,宝山,杨行,小户型，精装修，楼层好，采光足,230万,天馨花园(公寓)  | 2室1厅 | 58.43平米 | 南 | 精装 | 无电梯,https://image1.ljcdn.com/310000-inspection/prod-06c6f2e9-1a77-461b-b205-91ae4ae2f9a8.jpg.296x216.jpg
20190504,宝山,杨行,小区入口位置，两房，小区管理好绿化高,320万,绿地海域笙晖(公寓)  | 2室1厅 | 79平米 | 南 | 精装 | 有电梯,https://image1.ljcdn.com/310000-inspection/prod-ca353e1d-0549-4e34-b471-c198ebfccb7e.jpg.296x216.jpg
20190504,宝山,杨行,杨泰苑 2室1厅 198万房主自荐,198万,杨泰苑  | 2室1厅 | 58.17平米 | 南 | 简装 | 无电梯,https://image1.ljcdn.com/310000-inspection/test-57b10722-e493-4b45-a3a8-633e74d7cbe3.png.296x216.jpg
20190504,宝山,杨行,满五年，小户型 总价低 5楼非顶楼 业主诚心出售,171万,杨泰二村  | 1室1厅 | 39.98平米 | 南 | 简装 | 无电梯,https://image1.ljcdn.com/310000-inspection/prod-155b32ae-4b4a-448f-89b3-55b25823ef3e.jpg.296x216.jpg
20190504,宝山,杨行,近地铁，满二年，一梯二户，房型通透,270万,荣域飘鹰锦和花园(公寓)  | 1室1厅 | 64.2平米 | 南 | 精装 | 有电梯,https://image1.ljcdn.com/310000-inspection/prod-b788642f-7dff-4df7-9c98-c1750932bda0.jpg.296x216.jpg
20190504,宝山,杨行,带装修精致小户型   刚需过渡之选房主自荐,120万,盘古路927弄  | 1室1厅 | 36.01平米 | 南 | 精装 | 无电梯,https://image1.ljcdn.com/310000-inspection/prod-71ab1e70-fb01-4bcf-8bc3-a880618718f5.jpg.296x216.jpg
20190504,宝山,杨行,宝地绿洲城 1室1厅 210万,210万,宝地绿洲城  | 1室1厅 | 51平米 | 南 | 精装 | 无电梯,https://image1.ljcdn.com/310000-inspection/prod-6278fea2-688d-452a-a15a-d2afba0650c4.jpg.296x216.jpg
20190504,宝山,杨行,此房158弄满五年不唯一距宝安公750米,270万,荣域飘鹰锦和花园(公寓)  | 1室1厅 | 64.2平米 | 南 | 毛坯 | 有电梯,https://image1.ljcdn.com/310000-inspection/prod-67678a07-a522-4b02-9564-db36199980a6.jpg.296x216.jpg
20190504,宝山,杨行,天馨花园(公寓) 3室2厅 430万,430万,天馨花园(公寓)  | 3室2厅 | 120.42平米 | 南 | 精装 | 无电梯,https://image1.ljcdn.com/310000-inspection/prod-f443eb99-e864-425b-9201-4315916a66b2.jpg.296x216.jpg
20190504,宝山,杨行,满五年唯一税费少，精装修拎包入住 电梯房,420万,康桥水都(公寓)  | 3室1厅 | 114.18平米 | 南 | 精装 | 有电梯,https://image1.ljcdn.com/310000-inspection/prod-011bc691-7f37-42b3-be40-e930b1ebfb6d.jpg.296x216.jpg
20190504,宝山,杨行,天馨花园(公寓) 2室2厅 300万,300万,天馨花园(公寓)  | 2室2厅 | 82.8平米 | 南 | 精装 | 无电梯,https://image1.ljcdn.com/310000-inspection/prod-65ac559a-65db-421a-9190-402f4a900def.jpg.296x216.jpg
20190504,宝山,杨行,海尚明城 2室1厅 249万新上,249万,海尚明城  | 2室1厅 | 61.17平米 | 南 | 精装 | 有电梯,https://image1.ljcdn.com/310000-inspection/prod-5b7c8fc1-b5c0-4dd8-baa4-7f7ce0dbbf43.jpg.296x216.jpg
20190504,宝山,杨行,香逸湾小三房 精装 楼层佳 采光好 满五年唯一 价可谈,370万,香逸湾  | 3室2厅 | 88.23平米 | 南 北 | 精装 | 有电梯,https://image1.ljcdn.com/310000-inspection/b8ab4c8e-b09d-4a13-bea4-bc2dc360ee4c.jpg.296x216.jpg
20190504,宝山,杨行,招商满二精品房源， 别墅社区，环境优美。,425万,招商海德名门  | 3室2厅 | 124.35平米 | 南 | 简装 | 有电梯,https://image1.ljcdn.com/310000-inspection/b2305f94-fe01-4372-ae63-439fee5e2080.jpg.296x216.jpg
20190504,宝山,杨行,两房朝南户型+随时拎包入住+满两年税费低,345万,远洋香奈  | 2室2厅 | 80.35平米 | 南 | 精装 | 有电梯,https://image1.ljcdn.com/shfdfs-image/20170730/9eebd2d5-3e24-45d7-add0-ae4b8ddcccdf.jpg.296x216.jpg
20190504,宝山,杨行,天馨花园一室户，房东自己住，看房方便，诚意出售,225万,天馨花园(公寓)  | 1室1厅 | 60.3平米 | 南 | 简装 | 无电梯,https://image1.ljcdn.com/shfdfs-image/20170518/ea16e996-74aa-4213-b7a2-018d9ba4ae0d.jpg.296x216.jpg
20190504,宝山,杨行,大户型，单价低，业主纯售，看中价格可谈,460万,天馨花园(公寓)  | 4室2厅 | 162.02平米 | 南 | 简装 | 无电梯,https://image1.ljcdn.com/shfdfs-image/20160813/b3f8a55c-b20f-4548-81ec-3cfed6f2e3ac.jpg.296x216.jpg
20190504,宝山,杨行,天馨花园别墅 双拼别墅 大院子 得房率高 户型正气,860万,天馨花园(别墅)   | 联排别墅 | 4室3厅 | 190.46平米 | 南 | 简装 | 无电梯,https://image1.ljcdn.com/310000-inspection/220a24b7-8319-4fce-ae60-7889a8021b1a.jpg.296x216.jpg
20190504,宝山,杨行,影园路345弄 2室1厅 175万,175万,影园路345弄  | 2室1厅 | 57.37平米 | 南 | 精装,https://image1.ljcdn.com/shfdfs-image/20171021/d50ca48a-c31c-4e84-9ef7-87495e9bd4c4.jpg.296x216.jpg
20190504,宝山,杨行,满五唯一精品大两房 看房方便 配套齐全 价格可谈,410万,禄德嘉苑  | 2室2厅 | 106.74平米 | 南 | 精装 | 有电梯,https://image1.ljcdn.com/shfdfs-image/20170228/2df2ec2d-182c-49af-ac03-f4ada9a5c439.jpg.296x216.jpg
20190504,宝山,杨行,满五唯一，低总价，小3房，居家装修，背包即住。,300万,杨泰一村  | 3室1厅 | 93.4平米 | 南 | 精装 | 无电梯,https://image1.ljcdn.com/shfdfs-image/20180121/31ea314c-22b7-4569-8afc-c92873b06418.jpg.296x216.jpg
20190504,宝山,杨行,春江美庐  少有三房  满五唯一 精装修 视野采光佳,410万,春江美庐(公寓)  | 3室2厅 | 93.63平米 | 南 | 精装 | 有电梯,https://image1.ljcdn.com/310000-inspection/ab17751f-db22-4eb8-b05e-78bc5112dbdf.jpg.296x216.jpg
20190504,宝山,杨行,位置安静，地铁沿线，交通便捷，诚心出售,275万,宝启公寓  | 2室1厅 | 76平米 | 南 | 精装 | 无电梯,https://image1.ljcdn.com/shfdfs-image/20161012/6b3408b9-c0c6-4b14-9fc6-2874526902d8.jpg.296x216.jpg
20190504,宝山,杨行,宝杨路3256弄 2室2厅 325万,325万,宝杨路3256弄  | 2室2厅 | 93平米 | 暂无数据 | 其他 | 无电梯,https://image1.ljcdn.com/shfdfs-image/20171130/c1210713-f90f-4162-b939-c8466c7b91d9.jpg.296x216.jpg
20190504,宝山,杨行,精装1号线宝安公路地铁口精装好两房房东自住,280万,宝启公寓  | 2室1厅 | 75.1平米 | 南 | 精装 | 无电梯,https://image1.ljcdn.com/shfdfs-image/20170903/f7257df6-6fef-457e-adee-cf383a78235c.jpg.296x216.jpg
20190504,宝山,杨行,中梁英伦印象   8楼无遮挡   精装修近地铁,430万,中梁英伦印象(公寓)  | 3室2厅 | 88.73平米 | 南 | 简装 | 有电梯,https://image1.ljcdn.com/shfdfs-image/20171026/71c7688e-369d-4580-ba1d-719b886ca8ae.jpg.296x216.jpg
20190504,宝山,杨行,高层精装满五年 梦幻人家温馨室,375万,万科四季花城  | 2室2厅 | 94.32平米 | 南 | 精装 | 有电梯,https://image1.ljcdn.com/310000-inspection/b68e51d2-e60c-4db7-bfdc-f9d090b9911c.jpg.296x216.jpg
20190504,宝山,杨行,别墅社区品质物业，方正户型，交通方便,345万,招商海德名门  | 2室2厅 | 84.5平米 | 南 | 精装 | 有电梯,https://image1.ljcdn.com/shfdfs-image/20161231/8d90f9b0-4ae7-46c9-abcc-58961d81cee4.jpg.296x216.jpg
20190504,宝山,杨行,稀有两层一复二，诚意出售，看房方便,380万,康桥水都(公寓)  | 2室1厅 | 94.12平米 | 南 | 精装 | 无电梯,https://image1.ljcdn.com/310000-inspection/206ecbc8-b6ce-4ab4-80fb-08f023cd7f83.jpg.296x216.jpg
20190504,宝山,杨行,平层四房 一梯二户 中高楼层 视野开阔 采光好新上,560万,万科四季花城  | 4室2厅 | 139平米 | 南 北 | 精装 | 无电梯,https://image1.ljcdn.com/shfdfs-image/20171203/26efb533-9221-4634-b17f-59bef283af56.jpg.296x216.jpg
20190504,宝山,杨行,品牌物业开发商，楼龄新，环境清幽，绿化好,370万,绿地海域笙晖(公寓)  | 2室2厅 | 81.18平米 | 南 | 精装 | 有电梯,https://image1.ljcdn.com/shfdfs-image/20170427/6b8f9ebe-5a5f-4886-b645-445791976fbd.jpg.296x216.jpg
20190504,宝山,杨行,万业三房 高层采光无遮挡 拎包入住,430万,万业紫辰苑  | 3室2厅 | 105.59平米 | 南 | 精装 | 有电梯,https://image1.ljcdn.com/shfdfs-image/20180121/6105f9d8-f501-4135-b449-ae7092026067.jpg.296x216.jpg
20190504,宝山,杨行,满五年唯一，普通住宅，没有多余税费，拎包可入住。,210万,友谊家园  | 1室1厅 | 59.32平米 | 南 | 精装 | 无电梯,https://image1.ljcdn.com/shfdfs-image/20170327/79f38116-deb6-44f9-81ae-54c7d0e5013a.jpg.296x216.jpg
20190504,宝山,杨行,大黄馨园精装复式三房，小区位置佳,400万,大黄馨园  | 3室2厅 | 119.61平米 | 南 | 精装 | 无电梯,https://image1.ljcdn.com/shfdfs-image/20161207/55fd869d-45d1-4927-8edf-cfbd6411df1e.jpg.296x216.jpg
20190504,宝山,杨行,近地铁  满五唯一   精装两房,370万,荣域飘鹰锦和花园(公寓)  | 2室2厅 | 89.41平米 | 南 | 毛坯 | 有电梯,https://image1.ljcdn.com/310000-inspection/23ed8246-16fb-4eab-874f-6a7b0c3068af.jpg.296x216.jpg
20190504,宝山,杨行,满五唯一，看房方便，诚心出售。位置好,520万,柏丽华庭  | 3室2厅 | 138.52平米 | 南 | 简装 | 有电梯,https://image1.ljcdn.com/shfdfs-image/20160517/391b0fc9-fc19-4d32-b8ca-5fdfb21f7033.jpg.296x216.jpg
20190504,宝山,杨行,远洋双南户型，视野好，双轨交通，有钥匙，看房方便。,520万,远洋香奈  | 3室2厅 | 125平米 | 南 北 | 简装 | 有电梯,https://image1.ljcdn.com/shfdfs-image/20170415/71be2cf2-6680-4aa1-9903-2c394e9d6698.jpg.296x216.jpg
20190504,宝山,杨行,交通便利 顶楼两房 视野开阔 通风采光俱佳 诚意出售,335万,招商海德名门  | 2室1厅 | 84.6平米 | 南 | 简装 | 有电梯,https://image1.ljcdn.com/310000-inspection/rsp_pic_uploade8fa7966-d128-4b1d-a6d8-0a74692f8443.jpg.296x216.jpg
20190504,宝山,杨行,品质小区，采光充足，通透大三房,435万,万科四季花城  | 3室2厅 | 124.52平米 | 南 北 | 精装 | 无电梯,https://image1.ljcdn.com/shfdfs-image/20180123/d6ce67e4-87f2-401b-9d22-3adfc17ca728.jpg.296x216.jpg
20190504,宝山,杨行,地理位置好，采光好，商圈配套齐全，离地铁近,515万,康桥水都(公寓)  | 3室2厅 | 134.01平米 | 南 | 精装 | 无电梯,https://image1.ljcdn.com/310000-inspection/c7ce9ede-5389-4f0f-b1ac-58d2ecd349bc.jpg.296x216.jpg
20190504,宝山,杨行,招商二期大三房  精装修 近地铁 给您舒适的家,455万,招商海德名门  | 3室2厅 | 126平米 | 南 | 精装 | 有电梯,https://image1.ljcdn.com/310000-inspection/aaf4c47e-8eb6-4f34-8a60-feaa738171a7.jpg.296x216.jpg
20190504,宝山,杨行,中梁英伦印象(公寓) 2室1厅 295万,295万,中梁英伦印象(公寓)  | 2室1厅 | 65.03平米 | 南 | 精装 | 有电梯,https://image1.ljcdn.com/shfdfs-image/20171031/d02d5bc4-815c-471a-ac4e-afefa1af58b2.jpg.296x216.jpg
20190504,宝山,杨行,自住装修，精装全配，实用性强；楼层好光线佳,380万,万业紫辰苑  | 3室2厅 | 95.19平米 | 南 | 精装 | 有电梯,https://image1.ljcdn.com/shfdfs-image/20170715/a1b75755-c918-4879-9bac-cd60dcd5458f.jpg.296x216.jpg
20190504,宝山,杨行,万科二期精装别墅出售+满五唯一+诚意出售,1020万,万科四季花城(别墅)  | 4室3厅 | 172.82平米 | 南 | 精装 | 无电梯,https://image1.ljcdn.com/310000-inspection/deb4d00c-8ee0-4433-a6b0-3993f6dd2c34.jpg.296x216.jpg
20190504,宝山,杨行,影园路345弄 2室1厅 240万,240万,影园路345弄  | 2室1厅 | 71.38平米 | 南 | 精装,https://image1.ljcdn.com/shfdfs-image/20170222/c683dcf4-3d76-4223-bec1-b04cd5f75227.jpg.296x216.jpg
20190504,宝山,杨行,香逸湾 4室2厅 690万,690万,香逸湾  | 4室2厅 | 159.95平米 | 南 北 | 精装 | 有电梯,https://image1.ljcdn.com/310000-inspection/c8c96ca0-0026-4cbd-9478-71b4db239063.jpg.296x216.jpg
20190504,宝山,杨行,满五年 复式 花园位置  附两个露台 有钥匙单价2.8万,360万,杨泰苑  | 3室2厅 | 128.33平米 | 南 | 简装 | 无电梯,https://image1.ljcdn.com/shfdfs-image/20160703/c4f198f2-8580-41e1-91c4-bb034b7e5325.jpg.296x216.jpg
20190504,宝山,杨行,精装自住复式房+使用面积大+得房率高房主自荐,480万,万科四季花城  | 5室2厅 | 124.26平米 | 南 | 精装 | 无电梯,https://image1.ljcdn.com/310000-inspection/82278a96-e57c-4bfa-b226-285a2cf21a75.jpg.296x216.jpg
20190504,宝山,杨行,东方丽都 二期电梯房 一楼带花园+地下室 装修保养好,695万,东方丽都  | 4室2厅 | 212.47平米 | 南 北 | 精装 | 无电梯,https://image1.ljcdn.com/310000-inspection/41bd388f-6c92-4dba-9682-7b23effba38b.jpg.296x216.jpg
20190504,宝山,杨行,精装一房！户型方正，南北通，满五唯一，税费少！,170万,杨泰苑  | 1室1厅 | 46.56平米 | 南 | 简装 | 无电梯,https://image1.ljcdn.com/shfdfs-image/20170503/48075e82-239a-4990-9d89-3fffa34598bd.jpg.296x216.jpg
20190504,宝山,杨行,招商海德，别墅社区，毛坯2房。,325万,招商海德名门  | 2室2厅 | 84.5平米 | 南 | 毛坯 | 有电梯,https://image1.ljcdn.com/shfdfs-image/20151118/663d535f-cdf1-46c1-9c1c-09711b87c5d4.jpg.296x216.jpg
20190504,宝山,杨行,婚房，精装诚心出售，高档家具家电。,470万,招商海德名门  | 3室2厅 | 127.45平米 | 南 | 精装 | 有电梯,https://image1.ljcdn.com/shfdfs-image/20171028/acb1b9f4-fbd0-4df3-9279-d8f61c77c30b.jpg.296x216.jpg
20190504,宝山,杨行,远洋香奈 精装三房带地暖  南北直通 采光无遮,435万,远洋香奈  | 3室2厅 | 109.27平米 | 南 | 精装 | 有电梯,https://image1.ljcdn.com/310000-inspection/619e2c8b-bb61-40c8-b648-add7a5a42207.jpg.296x216.jpg
20190504,宝山,杨行,南北通户型，一手动迁，价格便宜，税费少,400万,禄德华苑  | 3室2厅 | 124.08平米 | 南 | 精装 | 无电梯,https://image1.ljcdn.com/shfdfs-image/20161201/4d8e3c2e-11d2-4b2a-a523-5ea5e90a53e8.jpg.296x216.jpg
20190504,宝山,杨行,二村三房，一手动迁免增值税，楼层好，税费少！！！,320万,杨泰二村  | 3室2厅 | 87.2平米 | 南 | 简装 | 无电梯,https://image1.ljcdn.com/310000-inspection/0bc0e074-16e2-4449-80b5-8babcdc402cb.jpg.296x216.jpg
20190504,宝山,杨行,业主诚心出售    小区环境优美,315万,宏宝公寓  | 3室1厅 | 102.23平米 | 南 | 精装 | 无电梯,https://image1.ljcdn.com/310000-inspection/77859895-83b1-487b-b10f-3f04d16ced6e.jpg.296x216.jpg
20190504,宝山,杨行,丽景翠庭，南北两房，多层一楼，附带小花园，看房随时,305万,丽景翠庭  | 2室2厅 | 77.78平米 | 南 | 精装 | 有电梯,https://image1.ljcdn.com/shfdfs-image/20170818/da04df77-8f7b-48be-a1a6-ce6b8899a6a9.jpg.296x216.jpg
20190504,宝山,杨行,香逸湾复试 满五年唯一 装修好 看房便利 能谈,675万,香逸湾  | 4室2厅 | 160.7平米 | 南 | 精装 | 有电梯,https://image1.ljcdn.com/310000-inspection/d3b31298-b35b-45e6-821e-434cbba2e267.jpg.296x216.jpg
20190504,宝山,杨行,同盛嘉园 1室2厅 275万,275万,同盛嘉园  | 1室2厅 | 68.18平米 | 南 | 精装 | 有电梯,https://image1.ljcdn.com/shfdfs-image/20170725/982061ed-8e7b-4589-ab24-e4714cbe973a.jpg.296x216.jpg
20190504,宝山,杨行,宝启花园(公寓) 3室1厅 350万,350万,宝启花园(公寓)  | 3室1厅 | 105.81平米 | 南 北 | 精装 | 无电梯,https://image1.ljcdn.com/310000-inspection/cabbeaf1-571a-4e1a-8032-8d4c191f6397.jpg.296x216.jpg
20190504,宝山,杨行,一房朝南 两房朝北 主卧带独立杨台 楼层好 采光无遮挡,329万,宏宝公寓  | 3室1厅 | 103.66平米 | 南 | 简装 | 无电梯,https://image1.ljcdn.com/shfdfs-image/20170414/0e511c01-829a-464b-bd8b-2981cae0bc8a.jpg.296x216.jpg
20190504,宝山,杨行,前排采光充足，带车位，近地铁，一南一北,380万,荣域飘鹰锦和花园(公寓)  | 2室2厅 | 91.34平米 | 南 | 简装 | 有电梯,https://image1.ljcdn.com/shfdfs-image/20161018/88aba5a9-f9e1-497b-8f74-7267b292f676.jpg.296x216.jpg
20190504,宝山,杨行,同盛嘉园 2室2厅 335万,335万,同盛嘉园  | 2室2厅 | 91.46平米 | 南 北 | 毛坯 | 有电梯,https://image1.ljcdn.com/x-se/hdic-frame/93cf83e0-3a06-4cc8-9206-eb91f36078f3.png.280x210.jpg
20190504,宝山,杨行,满五唯一 边套全明 前排 视野开阔,385万,万科四季花城  | 3室2厅 | 88.69平米 | 南 | 精装 | 有电梯,https://image1.ljcdn.com/x-se/hdic-frame/be965b13-4fe5-4d40-9337-05f07fb066c5.png.280x210.jpg
20190504,宝山,杨行,房子满五唯一，一梯三户 ，户型正气新上,155万,杨泰三村  | 1室1厅 | 39.98平米 | 南 | 简装 | 无电梯,
20190504,宝山,杨行,宝地绿洲城 2室2厅 445万,445万,宝地绿洲城  | 2室2厅 | 103平米 | 南 | 精装 | 有电梯,https://image1.ljcdn.com/shfdfs-image/20170930/544af7d2-abdc-449a-a2a7-2a945604bcb6.jpg.296x216.jpg
20190504,宝山,杨行,中铁北城时代 3室2厅 440万,440万,中铁北城时代  | 3室2厅 | 100.4平米 | 南 | 精装,https://image1.ljcdn.com/shfdfs-image/20171212/20f5f59b-5a9b-4ed7-9348-1aa2e4dfe921.jpg.296x216.jpg
20190504,宝山,杨行,宝杨路3174号 2室1厅 220万,220万,宝杨路3174号  | 2室1厅 | 61.6平米 | 暂无数据 | 简装 | 无电梯,https://image1.ljcdn.com/shfdfs-image/20170424/bc274ed5-7b79-41b4-a2ee-ccb7306fc80b.jpg.296x216.jpg
20190504,宝山,杨行,漠河路1100弄 2室1厅 266万,266万,漠河路1100弄  | 2室1厅 | 65平米 | 南 | 精装 | 无电梯,https://image1.ljcdn.com/shfdfs-image/20170810/48a7844d-660e-40fb-b13e-5c6c9083f438.jpg.296x216.jpg
20190504,宝山,杨行,盘古路712弄 2室1厅 240万,240万,盘古路712弄  | 2室1厅 | 65.55平米 | 南 | 其他 | 无电梯,https://image1.ljcdn.com/310000-inspection/45ba7b78-90a5-4270-bf2d-cca89a7f6a6c.jpg.296x216.jpg
20190504,宝山,杨行,精装修三房诚心出售，家电家具齐全，拎包入住,415万,同盛嘉园  | 3室2厅 | 105.77平米 | 南 | 精装 | 有电梯,https://image1.ljcdn.com/310000-inspection/f7aea29d-6f40-4088-aa75-539b51a605fe.jpg.296x216.jpg
20190504,宝山,杨行,精装修自住，边套户型户型很欧克，房东置换,380万,绿地海域笙晖(公寓)  | 3室2厅 | 93.8平米 | 南 | 精装 | 有电梯,https://image1.ljcdn.com/shfdfs-image/20171122/e8f31a21-1f64-4765-9e0c-1e5482d6d036.jpg.296x216.jpg
20190504,宝山,杨行,漠河路1100弄 2室1厅 270万,270万,漠河路1100弄  | 2室1厅 | 72.36平米 | 南 北 | 精装 | 无电梯,https://image1.ljcdn.com/shfdfs-image/20160331/ecebab48-64ea-4106-b8f0-5b00159917e4.jpg.296x216.jpg
20190504,宝山,杨行,户型正气， 采光好，房东诚意出售！,235万,杨泰苑  | 2室1厅 | 81.82平米 | 南 | 简装 | 无电梯,https://image1.ljcdn.com/310000-inspection/53f6514a-bb52-4a89-b57a-375c4bd9ed3a.jpg.296x216.jpg
20190504,宝山,杨行,双南小两房，装修清爽，业主诚心出售,158万,宝杨路2021弄  | 2室1厅 | 49.5平米 | 南 | 精装 | 无电梯,https://image1.ljcdn.com/310000-inspection/456a0411-fa23-462e-95c4-ecbb064de657.jpg.296x216.jpg
20190504,宝山,杨行,此房 满 五 唯 一，交通便利，不邻马路，位置安静。,480万,海尚明城  | 3室2厅 | 125.94平米 | 南 | 精装 | 有电梯,
20190504,宝山,杨行,同盛嘉园 1室1厅 295万,295万,同盛嘉园  | 1室1厅 | 67.85平米 | 南 | 简装 | 有电梯,https://image1.ljcdn.com/310000-inspection/rsp_pic_uploadf80f0e6b-50b6-4b41-8542-af5cb8fe7f94.jpg.296x216.jpg
20190504,宝山,杨行,成熟社区，精致一房，低总价，诚意出售！,158万,杨泰一村  | 1室1厅 | 47.13平米 | 南 | 精装 | 无电梯,https://image1.ljcdn.com/310000-inspection/rsp_pic_upload35e8af52-795f-4a03-a82d-cfa1b6c1d043.jpg.296x216.jpg
20190504,宝山,杨行,杨泰三村 3室2厅 355万新上,355万,杨泰三村  | 3室2厅 | 123.48平米 | 南 | 精装 | 无电梯,https://image1.ljcdn.com/shfdfs-image/20160328/8ef8b3d5-b249-4a4d-a4cc-89933162b886.jpg.296x216.jpg
20190504,宝山,杨行,我是南北通的小毛坯，我有小花园，你喜欢我吗？,400万,万业紫辰苑  | 3室2厅 | 99平米 | 南 | 毛坯 | 有电梯,https://image1.ljcdn.com/310000-inspection/0c2d24f5-57a1-4afb-81c0-f5d395175dcb.jpg.296x216.jpg
20190504,宝山,杨行,近地铁，第二排，满五唯一，价格看中可沟通,365万,荣域飘鹰锦和花园(公寓)  | 2室2厅 | 91.36平米 | 南 | 精装 | 有电梯,https://image1.ljcdn.com/shfdfs-image/20170304/a36a35d5-18e6-41d3-bfeb-0ed9cadf147e.jpg.296x216.jpg
20190504,宝山,杨行,上叠带露台，有装修，拎包入住，看房方便。,665万,海德花园  | 4室2厅 | 164平米 | 南 北 | 精装 | 无电梯,https://image1.ljcdn.com/shfdfs-image/20161110/bbd8248f-ba1a-4502-9b8f-864889a7eb11.jpg.296x216.jpg
20190504,宝山,杨行,满二钥匙房，业主诚意出售，看房方便,720万,绿地海域笙晖(别墅)   | 联排别墅 | 3室2厅 | 138.56平米 | 南 | 毛坯 | 无电梯,
20190504,宝山,杨行,别墅的住宅，让您和家人享受不一样的生活,1280万,招商海德名门(别墅)   | 联排别墅 | 4室2厅 | 195.95平米 | 南 | 精装 | 无电梯,https://image1.ljcdn.com/shfdfs-image/20161120/aa13259d-80fc-46db-bbe4-76a1f0c7f5d4.jpg.296x216.jpg
20190504,宝山,杨行,精装大别墅  房东诚心出售  随时可看,1480万,飘鹰锦和花园(别墅)  | 4室2厅 | 308.04平米 | 南 | 精装 | 无电梯,https://image1.ljcdn.com/shfdfs-image/20170308/029fc0e2-f8b8-4269-8219-f245c73d1563.jpg.296x216.jpg
20190504,宝山,杨行,次新房新装修，看房方便，业主诚售,478万,同盛嘉园  | 3室2厅 | 123.87平米 | 南 | 精装 | 有电梯,https://image1.ljcdn.com/shfdfs-image/20170219/84e38986-a638-43b7-9e5c-1117360a6c33.jpg.296x216.jpg
20190504,宝山,杨行,万业紫辰苑 毛坯大平层带地下室  诚意出售 看房提前约,680万,万业紫辰苑  | 4室3厅 | 274.4平米 | 南 | 毛坯 | 有电梯,https://image1.ljcdn.com/shfdfs-image/20160420/0661f49e-3e8f-40f6-845b-571542883e89.jpg.296x216.jpg
20190504,宝山,杨行,天馨花园三房复，近北门，出行方便,449万,天馨花园(公寓)  | 3室2厅 | 114.48平米 | 南 北 | 简装 | 无电梯,https://image1.ljcdn.com/310000-inspection/3e25ae95-9600-46ce-af38-ed5916bad9e5.jpg.296x216.jpg
20190504,宝山,杨行,带车位双南两房 满五唯一 精装修 业主诚心出售,303万,春江美庐(公寓)  | 2室1厅 | 76.92平米 | 南 | 精装 | 有电梯,https://image1.ljcdn.com/x-se/hdic-frame/1690f9c4-44dc-4bf8-bea2-3920264b5848.png.280x210.jpg
20190504,宝山,杨行,地铁边 别墅社区 总价低 毛坯可随意装修 诚意出售,1100万,中梁英伦印象(别墅)   | 联排别墅 | 5室3厅 | 240平米 | 南 | 毛坯 | 无电梯,https://image1.ljcdn.com/310000-inspection/5be3a581-8589-4d55-adfb-3a03e3601df6.jpg.296x216.jpg
20190504,宝山,杨行,华馨苑(公寓) 3室2厅 480万,480万,华馨苑(公寓)  | 3室2厅 | 120.67平米 | 南 | 精装 | 无电梯,https://image1.ljcdn.com/shfdfs-image/20160718/6d2b7d2a-120d-454a-8177-873858b2283a.jpg.296x216.jpg
20190504,宝山,杨行,友谊家园小复式 带装修 拎包入住,270万,友谊家园  | 2室1厅 | 59.32平米 | 南 | 其他 | 无电梯,https://image1.ljcdn.com/310000-inspection/a500c997-6683-4f56-90b4-814f38ab7462.jpg.296x216.jpg
20190504,宝山,杨行,下叠直接通车库，位置好，精装修，拎包即住！,785万,绿地海域笙晖(别墅)   | 叠拼别墅 | 4室2厅 | 164.49平米 | 南 | 精装 | 无电梯,https://image1.ljcdn.com/shfdfs-image/20170505/f805965d-b80c-4bef-80e4-12abff07bacb.jpg.296x216.jpg
20190504,宝山,杨行,影园路345弄 2室1厅 265万,265万,影园路345弄  | 2室1厅 | 71.38平米 | 南 | 简装,https://image1.ljcdn.com/310000-inspection/rsp_pic_upload1a14a6d0-efd1-43c5-9c03-8214a7c12a17.jpg.296x216.jpg
20190504,宝山,杨行,万科精装南北通两房出售+满五唯一+看房方便,395万,万科四季花城  | 2室2厅 | 86.47平米 | 南 北 | 精装 | 有电梯,
20190504,宝山,杨行,此房精装修，满五唯一，精装修。,360万,同盛嘉园  | 2室2厅 | 91.02平米 | 南 北 | 精装 | 有电梯,https://image1.ljcdn.com/x-se/hdic-frame/d043acea-e65a-432e-b48c-37c95659006c.png.280x210.jpg
20190504,宝山,杨行,大平层一梯一户小区中间位置 前后不临街附产权车位,655万,东方丽都  | 5室2厅 | 162.71平米 | 南 北 | 精装 | 有电梯,
20190504,宝山,杨行,海德花园 9室4厅 2400万,2400万,海德花园  | 9室4厅 | 334.74平米 | 南 | 精装 | 无电梯,https://image1.ljcdn.com/shfdfs-image/20170318/a541c88b-dce9-4690-880e-7451e3009f73.jpg.296x216.jpg
20190504,宝山,杨行,业主诚心出售，出行方便，带露台新上,345万,荣域飘鹰锦和花园(公寓)  | 2室2厅 | 85.16平米 | 南 | 精装 | 有电梯,https://image1.ljcdn.com/x-se/hdic-frame/5676a7fd-e9f0-44f1-a90a-5d131afa9f11.png.280x210.jpg
20190504,宝山,杨行,友谊家园 1室1厅 208万,208万,友谊家园  | 1室1厅 | 59.89平米 | 南 | 精装 | 无电梯,https://image1.ljcdn.com/x-se/hdic-frame/f3c89f6d-c0ac-482c-b0a2-0b3987d9dead.png.280x210.jpg
20190504,宝山,杨行,电梯小户型 ，中间楼层，看房子比较方便,215万,大黄馨园  | 1室1厅 | 57.66平米 | 南 | 简装 | 有电梯,https://image1.ljcdn.com/x-se/hdic-frame/e701bdc2-b8a1-4915-97fd-14e48a86a7af.png.280x210.jpg
20190504,宝山,杨行,顶楼复式，5房2厅3卫，南北户型，精装修，前后双露台,450万,杨泰苑  | 5室2厅 | 179.22平米 | 南 | 简装 | 无电梯,https://image1.ljcdn.com/310000-inspection/fe59896e-a337-42a6-86d5-2fc54d34c820.jpg.296x216.jpg
20190504,宝山,杨行,友谊家园 3室2厅 440万,440万,友谊家园  | 3室2厅 | 128.58平米 | 南 | 精装 | 无电梯,https://image1.ljcdn.com/x-se/hdic-frame/216e76b0-cd4a-44dd-83fb-b4d296426fd0.png.280x210.jpg
20190504,宝山,杨行,丽景翠庭 2室2厅 365万,365万,丽景翠庭  | 2室2厅 | 84.8平米 | 南 | 精装 | 有电梯,https://image1.ljcdn.com/x-se/hdic-frame/021872b9-5f14-45df-9c86-b3411613b161.png.280x210.jpg
20190504,宝山,杨行,满二别墅，好房出售，看房方便，毛坯,680万,绿地海域笙晖(别墅)   | 联排别墅 | 3室2厅 | 127.37平米 | 南 | 毛坯 | 无电梯,
20190504,宝山,杨行,宝虹经典三房，近宝安公路站，户型正气，全明通透！新上,425万,宝虹水岸景苑  | 3室2厅 | 97.64平米 | 南 | 精装 | 有电梯,https://image1.ljcdn.com/x-se/hdic-frame/2660bf50-c18a-4193-bf78-3cf06781a8f4.png.280x210.jpg
20190504,宝山,杨行,宝启公寓 3室2厅 470万,470万,宝启公寓  | 3室2厅 | 146.5平米 | 南 | 精装 | 无电梯,https://image1.ljcdn.com/shfdfs-image/20170910/498b1a67-a181-442c-abd5-5f6e0b36f4b8.jpg.296x216.jpg
20190504,宝山,杨行,宝启花园 户型方正 大三房两卫 拎包入住,450万,宝启花园(公寓)  | 3室2厅 | 133.8平米 | 南 北 | 简装 | 无电梯,https://image1.ljcdn.com/310000-inspection/effcd987-a5a4-4acb-93bc-e7a030c99ea7.jpg.296x216.jpg
20190504,宝山,杨行,康桥水都(公寓) 2室2厅 360万,360万,康桥水都(公寓)  | 2室2厅 | 111.86平米 | 南 | 简装 | 无电梯,https://image1.ljcdn.com/shfdfs-image/20171223/2ab89aa7-d693-4491-b74b-fa6766704b0b.jpg.296x216.jpg
20190504,宝山,杨行,同盛嘉园 3室2厅 473万,473万,同盛嘉园  | 3室2厅 | 122.47平米 | 南 北 | 精装 | 有电梯,https://image1.ljcdn.com/shfdfs-image/20170513/ff5ad0ae-f028-4b78-be84-c2074ae7ff7e.jpg.296x216.jpg
20190504,宝山,杨行,康桥水都南北通透两房 户型正气 采光佳,385万,康桥水都(公寓)  | 2室2厅 | 105平米 | 南 北 | 精装 | 无电梯,https://image1.ljcdn.com/shfdfs-image/20171027/3553a76f-6c8c-4c51-bfd5-2b5c967f3212.jpg.296x216.jpg
20190504,宝山,杨行,海德花园 7室3厅 2300万,2300万,海德花园  | 7室3厅 | 328.8平米 | 南 北 | 精装 | 无电梯,https://image1.ljcdn.com/shfdfs-image/20170326/527be66b-304c-4367-83e5-32816f803c6a.jpg.296x216.jpg
20190504,宝山,杨行,飘鹰锦和花园(别墅) 6室3厅 1380万,1380万,飘鹰锦和花园(别墅)  | 6室3厅 | 306.21平米 | 南 | 精装 | 无电梯,https://image1.ljcdn.com/shfdfs-image/20160711/853119b8-69e2-4ed2-b110-8a5c76c0ab45.jpg.296x216.jpg
20190504,宝山,杨行,别墅社区精装双南两房采光好接近轨交,335万,招商海德名门  | 2室2厅 | 84.66平米 | 南 | 精装 | 有电梯,
20190504,宝山,杨行,满五唯一 产权清晰 户型正气 南北通透,410万,禄德嘉苑  | 2室2厅 | 104.3平米 | 南 北 | 精装 | 有电梯,https://image1.ljcdn.com/x-se/hdic-frame/25bd375b-708b-46d2-9106-5434c33335e5.png.280x210.jpg
20190504,宝山,杨行,友谊苑 2室2厅 312万,312万,友谊苑  | 2室2厅 | 87平米 | 南 | 精装,
20190504,宝山,杨行,绿地联排别墅，满2年，地上3层，另外加地下室，诚售,700万,绿地海域笙晖(别墅)   | 联排别墅 | 3室2厅 | 131.83平米 | 南 | 毛坯 | 无电梯,
20190504,宝山,杨行,电梯小两房 精装修 税少总价低 拎包入住 随时可看,225万,大黄馨园  | 2室1厅 | 58.08平米 | 南 | 精装 | 有电梯,https://image1.ljcdn.com/310000-inspection/prod-c6fe72e5-52c2-4a39-bdb0-11840f3e70db.jpg.296x216.jpg
20190504,宝山,杨行,友谊家园 5室3厅 500万,500万,友谊家园  | 5室3厅 | 128.22平米 | 南 北 | 精装 | 无电梯,
20190504,宝山,杨行,丽景翠庭 2室2厅 310万,310万,丽景翠庭  | 2室2厅 | 85.67平米 | 南 北 | 精装 | 有电梯,https://image1.ljcdn.com/x-se/hdic-frame/7e10dd94-0b41-430d-8929-5d83592bcbef.png.280x210.jpg
20190504,宝山,杨行,宏宝公寓毛坯两房，一楼带天井，近地铁,248万,宏宝公寓  | 2室1厅 | 70.68平米 | 南 | 毛坯 | 无电梯,https://image1.ljcdn.com/shfdfs-image/20180102/927fa3a0-bce5-42f9-acc9-6fcc61b6a4b7.jpg.296x216.jpg
20190504,宝山,杨行,中铁北城时代 3室2厅 375万,375万,中铁北城时代  | 3室2厅 | 90.64平米 | 南 | 其他,https://image1.ljcdn.com/shfdfs-image/20161203/6daf7628-c1b7-43de-b071-14ef8f44b781.jpg.296x216.jpg
20190504,宝山,杨行,丽景翠庭 3室2厅 590万,590万,丽景翠庭  | 3室2厅 | 181.77平米 | 南 北 | 简装 | 无电梯,
20190504,宝山,杨行,蝴蝶户型，房龄新，6楼的4楼，2卫，尽享3代人生活,405万,天馨花园(公寓)  | 3室2厅 | 113.86平米 | 南 北 | 简装 | 无电梯,
20190504,宝山,杨行,东方丽都 2室2厅 390万新上,390万,东方丽都  | 2室2厅 | 106.29平米 | 南 | 简装 | 有电梯,https://image1.ljcdn.com/x-se/hdic-frame/a6a138ea-4ffb-44e3-aca0-4cb4e09d774a.png.280x210.jpg
20190504,宝山,杨行,南北通透，位置好，可做三房，带有大露台，采光好新上,390万,天馨花园(公寓)  | 2室1厅 | 98.08平米 | 南 北 | 精装 | 无电梯,https://image1.ljcdn.com/x-se/hdic-frame/59599e92-ce7f-4a53-a523-eb8f8a412acd.png.280x210.jpg
20190504,宝山,杨行,楼层好，位置佳，品质物业，别墅社区，诚信出售,438万,招商海德名门  | 3室2厅 | 123.63平米 | 南 北 | 毛坯 | 有电梯,https://image1.ljcdn.com/shfdfs-image/20150722/7d2b0be4-eae8-4c71-9cb9-fc11f1c9e7e3.jpg.296x216.jpg
20190504,宝山,杨行,宝虹水岸景苑 2室2厅 310万,310万,宝虹水岸景苑  | 2室2厅 | 77.94平米 | 南 | 简装 | 有电梯,
20190504,宝山,杨行,三南户型，户型方正，采光充足，中间楼层，视野开阔,330万,招商海德名门  | 2室2厅 | 84.87平米 | 南 | 毛坯 | 有电梯,https://image1.ljcdn.com/x-se/hdic-frame/e8561969-0916-4195-94c2-e265041877ca.png.280x210.jpg
20190504,宝山,杨行,满5年唯一，双南户型，中间楼层，位置佳，诚意出售,296万,康桥水都(公寓)  | 2室2厅 | 74.19平米 | 南 | 毛坯 | 有电梯,
20190504,宝山,杨行,杨泰苑 2室1厅 215万,215万,杨泰苑  | 2室1厅 | 62平米 | 南 | 简装 | 无电梯,https://image1.ljcdn.com/x-se/hdic-frame/1fe477c5-43d9-49af-a06a-8c92a66a84d9.png.280x210.jpg
20190504,宝山,杨行,天馨花园(公寓) 2室2厅 390万,390万,天馨花园(公寓)  | 2室2厅 | 98.08平米 | 南 | 精装 | 无电梯,https://image1.ljcdn.com/x-se/hdic-frame/cc55dfa0-d689-4de1-997f-3408839afbe8.png.280x210.jpg
20190504,宝山,杨行,天馨花园(公寓) 3室2厅 400万新上,400万,天馨花园(公寓)  | 3室2厅 | 100.99平米 | 南 | 其他 | 无电梯,https://image1.ljcdn.com/x-se/hdic-frame/f2523bb7-3f98-43c5-b365-1ac0e50e4c3c.png.280x210.jpg
20190504,宝山,杨行,同盛嘉园 1室1厅 278万新上,278万,同盛嘉园  | 1室1厅 | 69.06平米 | 南 | 其他 | 有电梯,
20190504,宝山,杨行,荣域飘鹰锦和花园(公寓) 1室1厅 280万新上,280万,荣域飘鹰锦和花园(公寓)  | 1室1厅 | 64.21平米 | 南 | 精装 | 有电梯,
20190504,宝山,杨行,精装小两房  楼层很高 通风采光俱佳房主自荐新上,355万,招商海德名门  | 2室2厅 | 84.37平米 | 南 | 精装 | 有电梯,https://image1.ljcdn.com/x-se/hdic-frame/efa8e35d-eb5b-4083-be39-8b71760af3e3.png.280x210.jpg
20190504,宝山,杨行,友谊家园 2室1厅 240万新上,240万,友谊家园  | 2室1厅 | 60.24平米 | 南 | 其他 | 无电梯,https://image1.ljcdn.com/x-se/hdic-frame/7d0213f7-eb20-46ef-b1b4-8bb2cd031e36.png.280x210.jpg
20190504,宝山,杨行,满五唯一，双卧朝南，业主精装自住，高楼层采光足。新上,250万,杨泰三村  | 2室1厅 | 74.78平米 | 南 | 精装 | 无电梯,
20190504,宝山,杨行,宝启花园(公寓) 2室2厅 330万新上,330万,宝启花园(公寓)  | 2室2厅 | 97.24平米 | 南 | 精装 | 无电梯,
20190504,宝山,杨行,杨泰二村 2室1厅 265万新上,265万,杨泰二村  | 2室1厅 | 73.66平米 | 南 | 简装 | 无电梯,https://image1.ljcdn.com/x-se/hdic-frame/0b25e01c-fa64-4a50-8fa2-58f9245c325a.png.280x210.jpg
20190504,宝山,杨行,杨泰一村 1室1厅 155万新上,155万,杨泰一村  | 1室1厅 | 42.6平米 | 南 | 其他 | 无电梯,
20190504,宝山,杨行,宝启公寓 2室1厅 330万新上,330万,宝启公寓  | 2室1厅 | 84.46平米 | 南 | 其他 | 无电梯,https://image1.ljcdn.com/x-se/hdic-frame/ee4933e3-5908-473c-abd0-5e2cd4b5dcc5.png.280x210.jpg
20190504,宝山,杨行,杨泰二村 2室1厅 275万新上,275万,杨泰二村  | 2室1厅 | 71.33平米 | 南 | 精装 | 无电梯,https://image1.ljcdn.com/x-se/hdic-frame/8b86b440-687d-4f3d-8e41-6d3b6880d9fd.png.280x210.jpg
20190504,宝山,杨行,业主诚心3房，满5唯1，带产权车位,475万,柏丽华庭  | 3室2厅 | 123平米 | 南 | 精装 | 有电梯,https://image1.ljcdn.com/310000-inspection/prod-06593fe3-8c69-4a77-b8ef-cf3035adaf48.jpg.296x216.jpg
20190504,宝山,杨行,带产权车位，房子满五唯一，精装修，南北格局房主自荐,468万,春江美庐(公寓)  | 3室2厅 | 102平米 | 南 | 精装 | 有电梯,https://image1.ljcdn.com/310000-inspection/prod-1ca47da1-cef1-4769-84b5-b027732d4b5c.jpg.296x216.jpg
20190504,宝山,杨行,富锦路双拼别墅，空置纯毛坯，少见边套，三面环花园,1200万,海德花园  | 4室2厅 | 235.32平米 | 南 | 毛坯 | 无电梯,
20190504,宝山,杨行,房子南北通风，前后无遮挡，采光充足，看房方便,440万,海尚明城  | 3室2厅 | 127.37平米 | 南 | 精装 | 有电梯,https://image1.ljcdn.com/310000-inspection/prod-908d55e0-2335-4cb0-9fb1-c80f1eb098d3.jpg.296x216.jpg
20190504,宝山,杨行,盘古路927弄 2室1厅 162万,162万,盘古路927弄  | 2室1厅 | 52平米 | 南 | 精装 | 无电梯,
20190504,宝山,杨行,别墅社区高层楼层高采光好接近轨交,340万,招商海德名门  | 2室2厅 | 92.55平米 | 南 | 毛坯 | 有电梯,https://image1.ljcdn.com/x-se/hdic-frame/38fa2c4d-2741-4667-a264-55990a72f705.png.280x210.jpg
20190504,宝山,杨行,一手动迁，没有增值税，精装修， 拎包入住！,310万,禄德华苑  | 2室1厅 | 92.27平米 | 南 | 精装 | 无电梯,
20190504,宝山,杨行,禄德华苑 2室2厅 320万,320万,禄德华苑  | 2室2厅 | 91.16平米 | 南 | 毛坯 | 无电梯,https://image1.ljcdn.com/x-se/hdic-frame/1834e1dc-b1b0-4ce1-b512-202ec9842d8b.png.280x210.jpg
20190504,宝山,杨行,一楼带有花园+满五唯一+诚意出售,465万,万科四季花城  | 3室2厅 | 124.26平米 | 南 北 | 简装 | 无电梯,
20190504,宝山,杨行,04年次新房+大户型双南户型+精装修,450万,万科四季花城  | 3室2厅 | 124平米 | 南 北 | 精装 | 有电梯,
20190504,宝山,杨行,远洋一楼带地下室、带花园，居住娱乐两适宜。,550万,远洋香奈  | 3室2厅 | 125.28平米 | 东南 | 毛坯 | 有电梯,
20190504,宝山,杨行,远洋香奈，少见小三室，近School,430万,远洋香奈  | 3室2厅 | 109平米 | 南 北 | 简装 | 有电梯,
20190504,宝山,杨行,同盛嘉园 2室2厅 372万,372万,同盛嘉园  | 2室2厅 | 91.54平米 | 南 | 其他 | 有电梯,https://image1.ljcdn.com/x-se/hdic-frame/e56cab7d-94eb-4f2b-8c85-ee03f3066dbb.png.280x210.jpg
20190504,宝山,杨行,杨泰二村 2室1厅 280万,280万,杨泰二村  | 2室1厅 | 75.19平米 | 南 | 简装 | 无电梯,https://image1.ljcdn.com/x-se/hdic-frame/7684dcd6-7106-4a6c-aea2-e0b1a3348a7d.png.280x210.jpg
20190504,宝山,杨行,3楼少税 一梯两户 双南户型 杨泰校 诚心出售,265万,杨泰二村  | 2室2厅 | 73.86平米 | 南 | 简装 | 无电梯,https://image1.ljcdn.com/x-se/hdic-frame/4d62624d-cb1b-406a-9f34-4f331ccfd544.png.280x210.jpg
20190504,宝山,杨行,万科四季花城 3室2厅 568万,568万,万科四季花城  | 3室2厅 | 131.58平米 | 南 北 | 精装 | 有电梯,
20190504,宝山,杨行,宝杨路2468弄 2室1厅 145万,145万,宝杨路2468弄  | 2室1厅 | 55.64平米 | 南 北 | 其他 | 无电梯,https://image1.ljcdn.com/x-se/hdic-frame/d1506475-34e3-4c59-841b-dee9d596070e.png.280x210.jpg
20190504,宝山,杨行,宝杨路2468弄 2室1厅 150万,150万,宝杨路2468弄  | 2室1厅 | 55.64平米 | 南 北 | 其他 | 无电梯,https://image1.ljcdn.com/x-se/hdic-frame/d1506475-34e3-4c59-841b-dee9d596070e.png.280x210.jpg
20190504,宝山,杨行,宝杨路2468弄 2室1厅 185万,185万,宝杨路2468弄  | 2室1厅 | 55.3平米 | 南 北 | 其他 | 无电梯,
20190504,宝山,杨行,天馨花园婚房装修两室，中楼层无遮挡，采光好,340万,天馨花园(公寓)  | 2室2厅 | 89.42平米 | 南 | 精装 | 无电梯,https://image1.ljcdn.com/x-se/hdic-frame/d03b9864-e8d6-443d-baa6-5309e88bc5f7.png.280x210.jpg
20190504,宝山,杨行,中梁英伦印象(别墅) 4室2厅 1200万,1200万,中梁英伦印象(别墅)   | 联排别墅 | 4室2厅 | 236.07平米 | 南 | 精装 | 无电梯,
20190504,宝山,杨行,保集欧郡 3室2厅 500万,500万,保集欧郡  | 3室2厅 | 141.51平米 | 南 | 毛坯 | 有电梯,
20190504,宝山,杨行,友谊家园 顶楼复式三房  诚心出售 税费少,420万,友谊家园  | 3室2厅 | 112.82平米 | 南 | 精装 | 无电梯,
20190504,宝山,杨行,盘古路927弄 1室1厅 160万,160万,盘古路927弄  | 1室1厅 | 36.01平米 | 南 | 其他 | 无电梯,https://image1.ljcdn.com/x-se/hdic-frame/21a7ad51-c8b2-4721-b770-33091b5713ee.png.280x210.jpg
20190504,宝山,杨行,漠河路1100弄 1室1厅 170万,170万,漠河路1100弄  | 1室1厅 | 48.34平米 | 南 | 其他 | 无电梯,
20190504,宝山,杨行,招商海德名门 2室2厅 340万,340万,招商海德名门  | 2室2厅 | 84.87平米 | 南 | 毛坯 | 有电梯,https://image1.ljcdn.com/x-se/hdic-frame/ea3e8be3-fbaa-4c08-b29a-54693c1f15e0.png.280x210.jpg
20190504,宝山,杨行,简单装修大三房两卫 别墅品质物业 诚意出售,440万,招商海德名门  | 3室2厅 | 123.43平米 | 南 北 | 简装 | 有电梯,https://image1.ljcdn.com/x-se/hdic-frame/9eb014c0-1050-4ea6-8d61-d46f0495a5e9.png.280x210.jpg
20190504,宝山,杨行,近地铁   满五唯一  两室 必看好房,390万,荣域飘鹰锦和花园(公寓)  | 2室2厅 | 90.64平米 | 南 北 | 毛坯 | 有电梯,
20190504,宝山,杨行,业主诚心出售，满5年不唯一，南北户型。,420万,柏丽华庭  | 2室2厅 | 97.78平米 | 南 北 | 精装 | 有电梯,https://image1.ljcdn.com/x-se/hdic-frame/273865bd-4b3e-47af-819b-27e0ed88d7b7.png.280x210.jpg
20190504,宝山,杨行,友谊家园 5室2厅 600万,600万,友谊家园  | 5室2厅 | 176.53平米 | 南 北 | 简装 | 有电梯,
20190504,宝山,杨行,南北通透，精装修，诚意出售，看房方便,418万,万业紫辰苑  | 3室2厅 | 99平米 | 南 北 | 精装 | 有电梯,
20190504,宝山,杨行,天馨花园电梯3房，户型正气，，小区花园位置,480万,天馨花园(公寓)  | 3室2厅 | 132.9平米 | 南 | 简装 | 有电梯,https://image1.ljcdn.com/310000-inspection/prod-7f849ce2-3dca-4405-bc1b-08c3891aa6b2.jpg.296x216.jpg
20190504,宝山,杨行,东家 5房间1卫 210万,210万,东家  | 3室2厅 | 117平米 | 南 | 精装,
20190504,宝山,杨行,康桥水都 电梯 大三房两卫 随时看房 诚心出售,530万,康桥水都(公寓)  | 3室2厅 | 143.28平米 | 南 | 精装 | 有电梯,https://image1.ljcdn.com/x-se/hdic-frame/0c72af5e-7959-4c79-a952-8622b5037c76.png.280x210.jpg
20190504,宝山,杨行,大平层 一梯一户 精装修 拎包入住 不临街 小区环境好,700万,东方丽都  | 5室2厅 | 162.97平米 | 南 北 | 精装 | 有电梯,
20190504,宝山,杨行,绿地联排别墅+地上3层+另外+地下室+带一个停车位,650万,绿地海域笙晖(别墅)   | 联排别墅 | 3室2厅 | 131.8平米 | 南 | 毛坯 | 无电梯,
20190504,宝山,杨行,香逸湾 4室2厅 850万,850万,香逸湾  | 4室2厅 | 197.13平米 | 南 | 精装 | 无电梯,
20190504,宝山,杨行,春江美庐独门独栋别墅，精装修，原值高，小区环境好,1350万,春江美庐(别墅)   | 联排别墅 | 4室3厅 | 240平米 | 南 北 | 精装 | 无电梯,
20190504,宝山,杨行,满五唯一 精装修  必看好房大别墅,1350万,飘鹰锦和花园(别墅)  | 4室3厅 | 316平米 | 南 | 精装 | 无电梯,
20190504,宝山,杨行,杨泰三村 2室1厅 227万,227万,杨泰三村  | 2室1厅 | 74.86平米 | 南 | 精装 | 无电梯,https://image1.ljcdn.com/x-se/hdic-frame/f43f3e24-ee91-4750-97e8-12b785a75cfb.png.280x210.jpg
20190504,宝山,杨行,飘鹰锦和花园(别墅) 6室3厅 1100万,1100万,飘鹰锦和花园(别墅)  | 6室3厅 | 306.21平米 | 南 | 简装 | 无电梯,
20190504,宝山,杨行,位置安静，地铁沿线，交通便捷，诚心出售,315万,宝启公寓  | 2室1厅 | 72.53平米 | 南 | 精装 | 无电梯,
20190504,宝山,杨行,万业三房 位置安静 简装原始户型,370万,万业紫辰苑  | 3室2厅 | 99平米 | 南 北 | 简装 | 有电梯,https://image1.ljcdn.com/x-se/hdic-frame/7a0e4ede-816a-4592-9256-09dba37b470b.png.280x210.jpg
20190504,宝山,杨行,满五年税费少，电梯中间楼层，装修保养好，房东置换,415万,天馨花园(公寓)  | 2室2厅 | 99.47平米 | 南 | 简装 | 有电梯,https://image1.ljcdn.com/310000-inspection/prod-6a9ee296-101f-4a3e-b441-e5b176a67b52.jpg.296x216.jpg
20190504,宝山,杨行,保集欧郡 2室2厅 393万,393万,保集欧郡  | 2室2厅 | 101.42平米 | 南 | 精装 | 有电梯,
20190504,宝山,杨行,中铁北城时代 3室2厅 460万,460万,中铁北城时代  | 3室2厅 | 101.56平米 | 南 | 毛坯,
20190504,宝山,杨行,中铁北城时代 3室2厅 460万,460万,中铁北城时代  | 3室2厅 | 101.56平米 | 南 | 毛坯,
20190504,宝山,杨行,友谊家园 3室2厅 460万,460万,友谊家园  | 3室2厅 | 134.9平米 | 南 | 精装 | 有电梯,
20190504,宝山,杨行,杨泰一村 3室1厅 360万,360万,杨泰一村  | 3室1厅 | 109.75平米 | 南 | 其他 | 无电梯,
20190504,宝山,杨行,南北通透 次新小区 双规交通  高楼层 采光充足,400万,万业紫辰苑  | 3室2厅 | 95.19平米 | 南 北 | 毛坯 | 有电梯,https://image1.ljcdn.com/x-se/hdic-frame/5ec5e729-4185-407b-843c-3f8ab5c28ca7.png.280x210.jpg
20190504,宝山,杨行,柏丽华庭近地铁环境优美配套齐全,530万,柏丽华庭  | 2室2厅 | 120.27平米 | 南 | 精装 | 有电梯,https://image1.ljcdn.com/x-se/hdic-frame/7d53c785-a1f3-4f7c-837b-6c82c33ae7d0.png.280x210.jpg
20190504,宝山,杨行,万科四季花城 2室2厅 400万,400万,万科四季花城  | 2室2厅 | 98.85平米 | 南 北 | 精装 | 有电梯,
20190504,宝山,杨行,顶楼复式，楼层好通风采光好，提前预约看房,400万,杨泰春城  | 5室1厅 | 94.51平米 | 南 北 | 简装 | 无电梯,
20190504,宝山,杨行,友谊家园 1室1厅 270万,270万,友谊家园  | 1室1厅 | 59.32平米 | 南 | 精装 | 无电梯,https://image1.ljcdn.com/x-se/hdic-frame/5c718423-6206-4a75-8db8-896a724f09a6.png.280x210.jpg
20190504,宝山,杨行,杨泰苑 2室2厅 270万,270万,杨泰苑  | 2室2厅 | 78.3平米 | 南 | 精装 | 无电梯,
20190504,宝山,杨行,地铁俩房两卫，好楼层，好位置，价钱可谈。,420万,柏丽华庭  | 2室2厅 | 97.78平米 | 南 | 精装 | 有电梯,https://image1.ljcdn.com/x-se/hdic-frame/273865bd-4b3e-47af-819b-27e0ed88d7b7.png.280x210.jpg
20190504,宝山,杨行,中铁北城时代 4房间2卫 400万,400万,中铁北城时代  | 2室2厅 | 92.29平米 | 南 北 | 精装,
20190504,宝山,杨行,宝启花园(公寓) 2室1厅 330万,330万,宝启花园(公寓)  | 2室1厅 | 96.8平米 | 南 北 | 简装 | 无电梯,
20190504,宝山,杨行,绿地海域笙晖下叠别墅，三房两厅,650万,绿地海域笙晖(别墅)   | 叠拼别墅 | 3室2厅 | 166平米 | 南 | 精装 | 无电梯,
20190504,宝山,杨行,招商花园城 2室2厅 300万,300万,招商花园城  | 2室2厅 | 73.42平米 | 南 北 | 精装,
20190504,宝山,杨行,别墅社区精装电梯花园洋房接近轨交,650万,招商海德名门  | 5室2厅 | 104平米 | 南 | 精装 | 无电梯,
20190504,宝山,杨行,天馨花园，一楼两房，带花园，毛坯省拆除费,330万,天馨花园(公寓)  | 2室2厅 | 91.52平米 | 南 | 毛坯 | 无电梯,
20190504,宝山,杨行,东家 4房间1卫 210万,210万,东家  | 3室1厅 | 117平米 | 南 | 精装,
20190504,宝山,杨行,正气三房+诚心出售+楼层佳视野开阔房主自荐,385万,万业紫辰苑  | 3室2厅 | 98.86平米 | 南 北 | 简装,https://image1.ljcdn.com/x-se/hdic-frame/eb6c0c4e-e3ed-4595-8ad1-ce431cc29e89.png.280x210.jpg
20190504,宝山,杨行,业主自住，看房时间提前一个小时约,368万,杨泰阳光苑  | 2室2厅 | 100平米 | 南 北 | 简装 | 无电梯,
20190504,宝山,杨行,采光好，交通便利，业主自住方便看房。,395万,春江美庐(公寓)  | 2室1厅 | 82.71平米 | 南 | 精装 | 有电梯,https://image1.ljcdn.com/x-se/hdic-frame/82352b75-45af-4646-b6cd-143907214dc7.png.280x210.jpg
20190504,宝山,杨行,杨泰三村 经典户型 两房朝南 业主置换 诚意出售,280万,杨泰三村  | 2室1厅 | 74.86平米 | 南 | 精装 | 无电梯,https://image1.ljcdn.com/x-se/hdic-frame/f43f3e24-ee91-4750-97e8-12b785a75cfb.png.280x210.jpg
20190504,宝山,杨行,海德花园 4室2厅 1100万,1100万,海德花园  | 4室2厅 | 236.01平米 | 南 | 精装 | 无电梯,
20190504,宝山,杨行,满五年唯一  税费少  二楼 楼层佳  业主诚心出售,245万,杨泰二村  | 2室1厅 | 70.97平米 | 南 北 | 简装 | 无电梯,https://image1.ljcdn.com/x-se/hdic-frame/481ba191-2af3-494d-b6c5-3b50819700d9.png.280x210.jpg
20190504,宝山,杨行,上好房，诚意出售，采光、通风好,500万,香逸湾  | 3室2厅 | 118.88平米 | 南 北 | 毛坯 | 有电梯,https://image1.ljcdn.com/x-se/hdic-frame/a2ed4064-77e8-46cb-a0fc-245275774408.png.280x210.jpg
20190504,宝山,杨行,房主自住，装修好。税费低，优点多。。,348万,同盛嘉园  | 2室2厅 | 91.36平米 | 南 | 精装 | 有电梯,https://image1.ljcdn.com/x-se/hdic-frame/15afb247-6eed-4ef2-a5eb-463922cdd9a4.png.280x210.jpg
20190504,宝山,杨行,飘鹰锦和花园(别墅) 5室3厅 1300万,1300万,飘鹰锦和花园(别墅)  | 5室3厅 | 306平米 | 南 | 毛坯 | 无电梯,
20190504,宝山,杨行,天馨花园(别墅) 5室2厅 1000万,1000万,天馨花园(别墅)   | 联排别墅 | 5室2厅 | 197.84平米 | 南 北 | 简装 | 无电梯,
20190504,宝山,杨行,满五唯一，户型方正，全明户型，南北两房,320万,丽景翠庭  | 2室2厅 | 87.63平米 | 南 | 精装 | 有电梯,https://image1.ljcdn.com/x-se/hdic-frame/c0270f4e-c70f-4a45-ad61-a297c0b4dc27.png.280x210.jpg
20190504,宝山,杨行,别墅社区高层大三房户型正气采光好,450万,招商海德名门  | 3室2厅 | 133.59平米 | 南 北 | 简装 | 有电梯,
20190504,宝山,杨行,春江美庐(别墅) 5室3厅 2000万,2000万,春江美庐(别墅)   | 联排别墅 | 5室3厅 | 427.58平米 | 南 | 其他 | 无电梯,
20190504,宝山,杨行,经典复式1复2,房型正气，厅南北通透，好房不等人！,385万,康桥水都(公寓)  | 2室2厅 | 100.71平米 | 南 | 精装 | 无电梯,
20190504,宝山,杨行,宝启花园(公寓) 3室2厅 450万,450万,宝启花园(公寓)  | 3室2厅 | 136.18平米 | 南 | 精装 | 有电梯,https://image1.ljcdn.com/x-se/hdic-frame/ecdd991e-6492-4711-81d0-e3f36442df5d.png.280x210.jpg
20190504,宝山,杨行,香逸湾 3室2厅 430万,430万,香逸湾  | 3室2厅 | 91.09平米 | 南 北 | 精装 | 有电梯,https://image1.ljcdn.com/x-se/hdic-frame/80d440b4-5a8c-45f0-8af4-4d7e51db531b.png.280x210.jpg
20190504,宝山,杨行,丽景翠庭   诚心出售   小区环境优美   配套齐全,330万,丽景翠庭  | 2室2厅 | 87平米 | 南 | 精装 | 有电梯,https://image1.ljcdn.com/x-se/hdic-frame/021872b9-5f14-45df-9c86-b3411613b161.png.280x210.jpg
20190504,宝山,杨行,看中价格可谈，诚意出售，小区位置好,310万,大黄馨园  | 2室1厅 | 88.33平米 | 南 | 简装 | 无电梯,https://image1.ljcdn.com/x-se/hdic-frame/f02a2bb1-71e8-4aea-ab36-c12280e87512.png.280x210.jpg
20190504,宝山,杨行,2007年小区，满5年唯一，南北户型，配套全,310万,康桥水都(公寓)  | 2室2厅 | 78.01平米 | 南 | 简装 | 有电梯,https://image1.ljcdn.com/x-se/hdic-frame/076b18e1-0824-42df-84a1-afa29ff75f70.png.280x210.jpg
20190504,宝山,杨行,天馨花园一楼带花园，小区花园位置，方便诚心出售,328万,天馨花园(公寓)  | 2室2厅 | 86.32平米 | 南 | 精装 | 无电梯,https://image1.ljcdn.com/x-se/hdic-frame/a72ff01c-8d7d-4199-8bca-5e3e4b443a8f.png.280x210.jpg
20190504,宝山,杨行,绿地联排别墅 精装修 地上三层 提前预约 随时看,800万,绿地海域笙晖(别墅)   | 联排别墅 | 3室2厅 | 132平米 | 南 | 精装 | 无电梯,
20190504,宝山,杨行,香逸湾 四室两厅 580万，业主诚意出售,580万,香逸湾  | 4室2厅 | 134.42平米 | 南 | 精装 | 有电梯,https://image1.ljcdn.com/x-se/hdic-frame/f1bb0b8f-533d-4699-914e-aefc6a381ff2.png.280x210.jpg
20190504,宝山,杨行,禄德嘉苑 3室2厅 600万,600万,禄德嘉苑  | 3室2厅 | 143.03平米 | 南 | 毛坯 | 有电梯,
20190504,宝山,杨行,漠河路1100弄 2室1厅 253万,253万,漠河路1100弄  | 2室1厅 | 70.05平米 | 南 | 其他 | 无电梯,
20190504,宝山,杨行,同盛嘉园 2室2厅 350万,350万,同盛嘉园  | 2室2厅 | 91.64平米 | 南 | 精装 | 有电梯,https://image1.ljcdn.com/x-se/hdic-frame/d043acea-e65a-432e-b48c-37c95659006c.png.280x210.jpg
20190504,宝山,杨行,满两年，无户口。精装修。采光好。,450万,绿地海域笙晖(公寓)  | 3室2厅 | 96平米 | 南 北 | 精装 | 有电梯,https://image1.ljcdn.com/x-se/hdic-frame/1ba9a437-e58d-4da1-8e59-ef94975a8e94.png.280x210.jpg
20190504,宝山,杨行,10楼好楼层 满五税费低 好位置价格优越 优质小区,528万,香逸湾  | 3室2厅 | 118.31平米 | 南 | 毛坯 | 有电梯,https://image1.ljcdn.com/x-se/hdic-frame/228e225b-5ec6-43a0-bea8-2c0ea712463f.png.280x210.jpg
20190504,宝山,杨行,春江美庐(公寓) 2室1厅 345万,345万,春江美庐(公寓)  | 2室1厅 | 81.47平米 | 南 | 精装 | 有电梯,https://image1.ljcdn.com/x-se/hdic-frame/65465995-6ac5-4eea-97f2-27dc7d772970.png.280x210.jpg
20190504,宝山,杨行,精装修三房，五月满五唯一，业主诚心出售,385万,香逸湾  | 3室2厅 | 88.81平米 | 南 | 精装 | 有电梯,https://image1.ljcdn.com/x-se/hdic-frame/a02c7389-542e-4da7-b0ca-baf933a42d5f.png.280x210.jpg
20190504,宝山,杨行,中梁英伦印象(公寓) 3室2厅 448万,448万,中梁英伦印象(公寓)  | 3室2厅 | 92.17平米 | 南 | 精装 | 有电梯,https://image1.ljcdn.com/x-se/hdic-frame/052ee929-f11f-476e-ae1a-9327e6a5a048.png.280x210.jpg
20190504,宝山,杨行,小区环境优美   诚心出售  设施齐全,380万,宝地绿洲城  | 2室2厅 | 90.97平米 | 南 北 | 精装 | 有电梯,
20190504,宝山,杨行,保集欧郡 4室4厅 450万,450万,保集欧郡  | 4室4厅 | 165平米 | 南 北 | 精装 | 无电梯,
20190504,宝山,杨行,宏宝公寓 2室1厅 248万,248万,宏宝公寓  | 2室1厅 | 74平米 | 南 | 精装 | 无电梯,
20190504,宝山,杨行,海德花园   小区环境优美   设施齐全  诚心出租,380万,海德花园  | 2室2厅 | 96平米 | 南 北 | 简装 | 无电梯,
20190504,宝山,杨行,香逸湾 4室2厅 550万,550万,香逸湾  | 4室2厅 | 134平米 | 南 | 精装 | 有电梯,https://image1.ljcdn.com/x-se/hdic-frame/db7cb5f8-d4fb-4d07-911d-f3608631db6d.png.280x210.jpg
20190504,宝山,杨行,交通便利 三房两卫  配套较完善 环境优美,500万,招商海德名门  | 3室1厅 | 126.27平米 | 南 | 毛坯 | 有电梯,https://image1.ljcdn.com/x-se/hdic-frame/a2c87789-2d73-4ece-8098-5f484ec11662.png.280x210.jpg
20190504,宝山,杨行,荣域飘鹰锦和花园(公寓) 2室2厅 360万,360万,荣域飘鹰锦和花园(公寓)  | 2室2厅 | 87.64平米 | 南 | 精装 | 有电梯,https://image1.ljcdn.com/x-se/hdic-frame/b4096fc6-3893-457a-a5e5-bf0cb0bf377d.png.280x210.jpg
20190504,宝山,杨行,香逸湾 3室2厅 510万,510万,香逸湾  | 3室2厅 | 118.88平米 | 南 北 | 精装 | 有电梯,https://image1.ljcdn.com/x-se/hdic-frame/a2ed4064-77e8-46cb-a0fc-245275774408.png.280x210.jpg
20190504,宝山,杨行,厂房宝山区 11房间6卫 2500万,2500万,厂房宝山区  | 7室4厅 | 626平米 | 南 | 毛坯,
20190504,宝山,杨行,东家 3房间1卫 250万,250万,东家  | 2室1厅 | 92平米 | 暂无数据 | 精装,
20190504,宝山,杨行,宝启花园(公寓) 3室2厅 480万,480万,宝启花园(公寓)  | 3室2厅 | 144平米 | 暂无数据 | 其他 | 无电梯,
20190504,宝山,杨行,东家 5房间1卫 288.5万,288.5万,东家  | 3室2厅 | 135.14平米 | 暂无数据 | 其他,
20190504,宝山,杨行,东家 4房间1卫 289万,289万,东家  | 3室1厅 | 132.57平米 | 暂无数据 | 其他,
20190504,宝山,杨行,东家 5房间1卫 290万,290万,东家  | 3室2厅 | 132.96平米 | 暂无数据 | 其他,
20190504,宝山,杨行,东家 3房间1卫 230万,230万,东家  | 2室1厅 | 92.68平米 | 暂无数据 | 其他,
20190504,宝山,杨行,盘古路712弄 1室1厅 208万,208万,盘古路712弄  | 1室1厅 | 51.3平米 | 南 | 精装 | 无电梯,https://image1.ljcdn.com/x-se/hdic-frame/6169dac4-ce78-48e1-baf9-b0c5d20b8e31.png.280x210.jpg
20190504,宝山,杨行,宝启花园(公寓) 6室3厅 730万,730万,宝启花园(公寓)  | 6室3厅 | 231.4平米 | 南 | 其他 | 无电梯,
20190504,宝山,杨行,宝地绿洲城 3室2厅 440万,440万,宝地绿洲城  | 3室2厅 | 108平米 | 南 北 | 精装 | 无电梯,https://image1.ljcdn.com/x-se/hdic-frame/1cf077a8-a9b4-41a1-8dd3-d744e222b9c1.png.280x210.jpg
20190504,宝山,杨行,盘古路712弄 2室1厅 240万,240万,盘古路712弄  | 2室1厅 | 63.21平米 | 南 | 其他 | 无电梯,
20190504,宝山,杨行,宝启花园(公寓) 3室2厅 390万,390万,宝启花园(公寓)  | 3室2厅 | 132.66平米 | 南 | 简装 | 无电梯,https://image1.ljcdn.com/x-se/hdic-frame/ab5d4515-f5aa-41cc-bdb5-cfa41b9724c5.png.280x210.jpg
20190504,宝山,杨行,宝地绿洲城 3室2厅 500万,500万,宝地绿洲城  | 3室2厅 | 130平米 | 南 北 | 简装 | 有电梯,
20190504,宝山,杨行,同盛嘉园 2室1厅 275万,275万,同盛嘉园  | 2室1厅 | 69.66平米 | 南 | 精装 | 有电梯,https://image1.ljcdn.com/shfdfs-image/20170409/ea35d023-40be-418c-8d88-3cab21010a42.jpg.296x216.jpg
20190504,宝山,杨行,视野开阔，南北通户型，满五唯一，可拎包住！,430万,宝启花园(公寓)  | 3室2厅 | 129.24平米 | 南 | 精装 | 无电梯,https://image1.ljcdn.com/x-se/hdic-frame/43cfbdd8-be98-4d13-864d-d8f18e154128.png.280x210.jpg
20190504,宝山,杨行,宝地绿洲城 3室2厅 425万,425万,宝地绿洲城  | 3室2厅 | 107.78平米 | 南 | 其他 | 无电梯,https://image1.ljcdn.com/x-se/hdic-frame/5e122107-0380-4166-ab23-0f810961d9bd.png.280x210.jpg
20190504,宝山,杨行,同盛嘉园 2室2厅 285万,285万,同盛嘉园  | 2室2厅 | 67.85平米 | 南 | 其他 | 有电梯,https://image1.ljcdn.com/x-se/hdic-frame/31b69b75-16bb-4b0a-9156-b6d32d3e9fa6.png.280x210.jpg
20190504,宝山,杨行,漠河路1100弄 2室1厅 270万,270万,漠河路1100弄  | 2室1厅 | 72.36平米 | 南 | 其他 | 无电梯,
20190504,宝山,杨行,中铁北城时代 2室1厅 440万,440万,中铁北城时代  | 2室1厅 | 89.7平米 | 南 | 其他,
20190504,宝山,杨行,宝启花园(公寓) 3室2厅 450万,450万,宝启花园(公寓)  | 3室2厅 | 130.38平米 | 南 | 其他 | 无电梯,
20190504,宝山,杨行,招商海德名门(别墅) 4室3厅 1480万,1480万,招商海德名门(别墅)   | 联排别墅 | 4室3厅 | 141.34平米 | 南 | 其他 | 无电梯,
20190504,宝山,杨行,杨泰一村 2室2厅 240万,240万,杨泰一村  | 2室2厅 | 77平米 | 南 | 精装 | 无电梯,https://image1.ljcdn.com/x-se/hdic-frame/8eea2216-df25-4c37-9ac5-14ed0b501adc.png.280x210.jpg
20190504,宝山,杨行,飘鹰少有2室户型，双南南北通，看房提前约,380万,荣域飘鹰锦和花园(公寓)  | 2室2厅 | 87.64平米 | 南 | 精装 | 有电梯,https://image1.ljcdn.com/x-se/hdic-frame/0a83c5c1-50c9-4b8b-92ab-b0a61d08d094.png.280x210.jpg
20190504,宝山,杨行,别墅社区电梯花园洋房接近轨交小区环境好,590万,招商海德名门  | 3室2厅 | 119.78平米 | 南 | 精装 | 无电梯,
20190504,宝山,杨行,飘鹰锦和花园(别墅) 3室3厅 1300万,1300万,飘鹰锦和花园(别墅)  | 3室3厅 | 306平米 | 南 | 其他 | 无电梯,
20190504,宝山,杨行,春江美庐(别墅) 3室2厅 1300万,1300万,春江美庐(别墅)   | 联排别墅 | 3室2厅 | 240平米 | 南 北 | 毛坯 | 无电梯,
20190504,宝山,杨行,全南户型+采光充足+交通方便+,380万,远洋香奈  | 2室2厅 | 88.05平米 | 南 | 毛坯 | 有电梯,
20190504,宝山,杨行,房子满五唯一，总高六楼，这个房子在五楼，采光充足,250万,杨泰三村  | 2室1厅 | 78.05平米 | 南 | 简装 | 无电梯,
20190504,宝山,杨行,漠河路1100弄 1室1厅 155万,155万,漠河路1100弄  | 1室1厅 | 48.34平米 | 南 | 精装 | 无电梯,
20190504,宝山,杨行,满五唯一 诚心出售 1号线宝安公路地铁 价格低,320万,宏宝公寓  | 3室1厅 | 102.23平米 | 南 | 简装 | 无电梯,
20190504,宝山,杨行,同盛嘉园 3室2厅 470万,470万,同盛嘉园  | 3室2厅 | 122.47平米 | 南 北 | 精装 | 有电梯,https://image1.ljcdn.com/x-se/hdic-frame/fa98537b-978b-4be1-9f5b-041d2539b16a.png.280x210.jpg
20190504,宝山,杨行,东家 3房间1卫 218万,218万,东家  | 2室1厅 | 136平米 | 南 | 其他,
20190504,宝山,杨行,业主诚心出售此房，电梯房楼层低出行便利,500万,柏丽华庭  | 3室2厅 | 129.3平米 | 南 北 | 简装 | 有电梯,https://image1.ljcdn.com/x-se/hdic-frame/65b528ad-f6cb-4929-a06b-ea7908cb70d8.png.280x210.jpg
20190504,宝山,杨行,东家 3房间1卫 200万,200万,东家  | 2室1厅 | 99.14平米 | 北 | 其他,
20190504,宝山,杨行,宝启花园(公寓) 4室2厅 500万,500万,宝启花园(公寓)  | 4室2厅 | 149平米 | 南 | 精装 | 无电梯,https://image1.ljcdn.com/x-se/hdic-frame/f3b9f7a5-24da-46a4-b5ff-08c102133f01.png.280x210.jpg
20190504,宝山,杨行,友谊家园 3室2厅 500万,500万,友谊家园  | 3室2厅 | 132.55平米 | 南 | 精装 | 无电梯,
20190504,宝山,杨行,满五唯一税费少，高楼层，自住看房方便，因置换诚意..,350万,春江美庐(公寓)  | 2室1厅 | 82.71平米 | 南 北 | 精装 | 有电梯,https://image1.ljcdn.com/x-se/hdic-frame/82352b75-45af-4646-b6cd-143907214dc7.png.280x210.jpg
20190504,宝山,杨行,宝地绿洲城 2室2厅 420万,420万,宝地绿洲城  | 2室2厅 | 103平米 | 南 北 | 精装 | 有电梯,
20190504,宝山,杨行,春江美庐(公寓) 3室2厅 500万,500万,春江美庐(公寓)  | 3室2厅 | 102平米 | 南 | 精装 | 有电梯,https://image1.ljcdn.com/x-se/hdic-frame/d54c9a77-5b82-4a30-a997-026036e0af4e.png.280x210.jpg
20190504,宝山,杨行,禄德华苑 1室1厅 220万,220万,禄德华苑  | 1室1厅 | 55.05平米 | 南 北 | 毛坯 | 无电梯,https://image1.ljcdn.com/x-se/hdic-frame/80cf3c25-4fa6-4fcf-83cc-d1a4bdcf99bd.png.280x210.jpg
20190504,宝山,杨行,禄德嘉苑 3室2厅 620万,620万,禄德嘉苑  | 3室2厅 | 137.21平米 | 南 | 毛坯 | 有电梯,
20190504,宝山,杨行,满五唯一，户型房子，业主诚意出售！,460万,康桥水都(公寓)  | 3室2厅 | 143.13平米 | 南 | 精装 | 无电梯,https://image1.ljcdn.com/x-se/hdic-frame/be2a38f6-0aab-47c6-9aa3-5c89d6be364f.png.280x210.jpg
20190504,宝山,杨行,宝杨路2021弄 2室1厅 185万,185万,宝杨路2021弄  | 2室1厅 | 61.02平米 | 南 | 其他 | 无电梯,https://image1.ljcdn.com/x-se/hdic-frame/f31bdbe5-e6d5-4aa6-8e4b-7abb978325c2.png.280x210.jpg
20190504,宝山,杨行,万业小户型  正面白沙公园  风景好  双轨交方便出行,275万,万业紫辰苑  | 2室1厅 | 68.52平米 | 南 | 精装 | 有电梯,https://image1.ljcdn.com/x-se/hdic-frame/a8a9cde8-e436-4180-8958-e02d2b75d088.png.280x210.jpg
20190504,宝山,杨行,中铁北城时代 5房间1卫 240万,240万,中铁北城时代  | 3室2厅 | 88.54平米 | 南 | 毛坯,
20190504,宝山,杨行,中铁北城时代 3室2厅 460万,460万,中铁北城时代  | 3室2厅 | 101.56平米 | 南 | 毛坯,
20190504,宝山,杨行,万科二期精装修1楼复式诚意出售+看房方便,650万,万科四季花城  | 4室4厅 | 169平米 | 南 | 精装 | 有电梯,
20190504,宝山,杨行,远洋香奈 毛坯三房 视野开阔 居高楼层,480万,远洋香奈  | 3室2厅 | 115.51平米 | 南 北 | 毛坯 | 有电梯,https://image1.ljcdn.com/x-se/hdic-frame/765d074e-42aa-4521-93f1-27882d8da5fe.png.280x210.jpg
20190504,宝山,杨行,华馨苑新上别墅，看房方便，诚意出售，,650万,华馨苑(别墅)   | 联排别墅 | 3室2厅 | 159.84平米 | 南 | 毛坯 | 无电梯,
20190504,宝山,杨行,友谊苑 2室2厅 350万,350万,友谊苑  | 2室2厅 | 87.43平米 | 南 | 毛坯 | 无电梯,
20190504,宝山,杨行,春江美庐(公寓) 1室1厅 245万,245万,春江美庐(公寓)  | 1室1厅 | 54.28平米 | 南 | 精装 | 有电梯,https://image1.ljcdn.com/x-se/hdic-frame/ff518cd6-497f-4630-9d8a-b901ef051e96.png.280x210.jpg
20190504,宝山,杨行,远洋香奈 高楼层，三房两厅两卫，带车位,510万,远洋香奈  | 3室2厅 | 125平米 | 南 | 简装 | 有电梯,
20190504,宝山,杨行,海尚明城 2室1厅 385万,385万,海尚明城  | 2室1厅 | 100.5平米 | 南 | 简装 | 有电梯,https://image1.ljcdn.com/x-se/hdic-frame/557e02cb-a502-45c1-b09c-f9ad4c81aaf2.png.280x210.jpg
20190504,宝山,杨行,保集欧郡 4室2厅 510万,510万,保集欧郡  | 4室2厅 | 143.34平米 | 南 | 简装 | 无电梯,
20190504,宝山,杨行,满5年唯一，精装修带地暖，保养佳，楼层高，诚意售新上,311万,康桥水都(公寓)  | 2室2厅 | 74.19平米 | 南 | 精装 | 有电梯,
20190504,宝山,杨行,招商海德名门 2室1厅 355万新上,355万,招商海德名门  | 2室1厅 | 85.5平米 | 南 | 精装 | 有电梯,https://image1.ljcdn.com/x-se/hdic-frame/e8561969-0916-4195-94c2-e265041877ca.png.280x210.jpg
20190504,宝山,杨行,杨泰一村 2室1厅 280万新上,280万,杨泰一村  | 2室1厅 | 77.38平米 | 南 | 其他 | 无电梯,https://image1.ljcdn.com/310000-inspection/6071b00b-bc4f-4b86-b2da-93a63de4d7f0.jpg.296x216.jpg
20190504,宝山,杨行,杨泰康苑 3室2厅 530万新上,530万,杨泰康苑  | 3室2厅 | 131.95平米 | 南 | 其他 | 有电梯,
20190504,宝山,杨行,荣域飘鹰锦和花园(公寓) 1室2厅 270万新上,270万,荣域飘鹰锦和花园(公寓)  | 1室2厅 | 64.2平米 | 南 | 精装 | 有电梯,https://image1.ljcdn.com/x-se/hdic-frame/19c43775-2797-4edc-8de4-44795a5e9b9a.png.280x210.jpg
20190504,宝山,杨行,精装3房2厅2卫，高楼层，品牌家具家电新上,510万,远洋香奈  | 3室2厅 | 115.56平米 | 南 | 精装 | 有电梯,
20190504,宝山,杨行,万业紫辰苑 2室2厅 395万新上,395万,万业紫辰苑  | 2室2厅 | 94.82平米 | 南 | 精装 | 有电梯,https://image1.ljcdn.com/x-se/hdic-frame/eb39915a-bce5-4757-9257-ae12b646795f.png.280x210.jpg
