20190504,普陀,曹杨,满五唯一 小区中间位置 不临街 安静 看房随时,225万,曹杨五村(芙蓉园)  | 1室1厅 | 43.34平米 | 南 | 简装,https://image1.ljcdn.com/310000-inspection/prod-be081a31-b046-4ae0-9cd9-e56624499ebc.jpg.296x216.jpg
20190504,普陀,曹杨,边套小户型，采光好，楼层佳，低总价,213万,曹杨二村  | 1室0厅 | 36.26平米 | 南 | 简装 | 无电梯,https://image1.ljcdn.com/310000-inspection/prod-0656dc97-357b-411b-a057-3a8cb3f14bf2.jpg.296x216.jpg
20190504,普陀,曹杨,全新装修，拎包入住，景观楼层，随时看房！房型正气！,393万,梅岭苑  | 2室1厅 | 73.66平米 | 西 | 精装 | 有电梯,https://image1.ljcdn.com/310000-inspection/prod-1887d982-1e23-4d06-8160-58d8a48ffd58.jpg.296x216.jpg
20190504,普陀,曹杨,好房+好楼+好位置+诚意出售+售后公房,313万,曹杨三村(兰岭园)  | 2室1厅 | 59.3平米 | 南 | 简装 | 无电梯,https://image1.ljcdn.com/310000-inspection/prod-42614774-3d35-4ba5-8a72-d661c804e2a1.jpg.296x216.jpg
20190504,普陀,曹杨,南北两房一楼带天井，售后公房，诚意出售，看房有钥匙,248万,曹杨六村(沙溪园)  | 2室1厅 | 44.37平米 | 南 | 简装 | 无电梯,https://image1.ljcdn.com/310000-inspection/prod-f6c2065a-dfb1-4520-9c81-f9fbcaddbf42.jpg.296x216.jpg
20190504,普陀,曹杨,紧贴环球港，轨道交通换乘方便，看房方便有钥匙,140万,曹杨六村(沙溪园)  | 1室1厅 | 22.3平米 | 东北 | 毛坯 | 无电梯,https://image1.ljcdn.com/310000-inspection/prod-4aa67b31-a026-4a4d-8c3d-93d8203fb620.jpg.296x216.jpg
20190504,普陀,曹杨,三房，售后公房，房型正气，诚意出售,418万,曹杨三村(兰岭园)  | 3室1厅 | 75.35平米 | 南 | 简装 | 无电梯,https://image1.ljcdn.com/310000-inspection/prod-302fc3df-1b5e-41e3-ac9d-68395ef18af4.jpg.296x216.jpg
20190504,普陀,曹杨,曹杨五村南北通一房一厅，采光充足，配套完善，有钥匙房主自荐,214.8万,曹杨五村(南杨园)  | 1室1厅 | 39.25平米 | 南 | 精装 | 无电梯,https://image1.ljcdn.com/310000-inspection/prod-f578acda-6cb2-46a2-affe-ffae2d415a5d.png.296x216.jpg
20190504,普陀,曹杨,三轨交汇处 地铁口600米 双南两房 楼层好,275万,曹杨五村(杏梅园)  | 2室1厅 | 44.36平米 | 南 | 简装 | 无电梯,https://image1.ljcdn.com/310000-inspection/prod-7bcd3d6d-b442-4044-b519-4c249e5e8e2f.jpg.296x216.jpg
20190504,普陀,曹杨,出行方便 配套齐全 楼层适中 光线通风好,350万,曹杨六村(兰溪园)  | 2室1厅 | 61.56平米 | 南 | 精装,https://image1.ljcdn.com/310000-inspection/test-5b19b25f-3af1-4fd5-8315-8a49ddbb3b47.png.296x216.jpg
20190504,普陀,曹杨,遥望环球港，近地铁，朝南大一房！烫金地段 随时看！,240万,曹杨五村(金岭园)  | 1室1厅 | 43.72平米 | 南 | 简装 | 无电梯,https://image1.ljcdn.com/310000-inspection/prod-c691154a-6aa8-4f08-b040-52c8d52d38e1.jpg.296x216.jpg
20190504,普陀,曹杨,梅岭苑 2室1厅 405万新上,405万,梅岭苑  | 2室1厅 | 67.11平米 | 南 | 简装 | 有电梯,https://image1.ljcdn.com/310000-inspection/prod-21e96f07-c7a6-4581-910c-5aa8755166d8.jpg.296x216.jpg
20190504,普陀,曹杨,房子三楼 南北通全明 小区位置好,235万,曹杨三村(兰岭园)  | 1室1厅 | 45.13平米 | 南 | 简装 | 无电梯,https://image1.ljcdn.com/310000-inspection/test-d116f643-2db4-4517-bf05-a3fd87778107.png.296x216.jpg
20190504,普陀,曹杨,2010年次新住宅，花园小区，24H安保，户型正气,780万,安居兰庭  | 2室2厅 | 89.02平米 | 南 | 精装 | 有电梯,https://image1.ljcdn.com/310000-inspection/test-12cf71b0-0df4-4d6e-977d-085114c95508.png.296x216.jpg
20190504,普陀,曹杨,曹杨五村(梅花园) 2室1厅 295万,295万,曹杨五村(梅花园)  | 2室1厅 | 52.12平米 | 南 | 其他 | 无电梯,https://image1.ljcdn.com/310000-inspection/prod-7f24cad5-a3ae-45ed-b691-905231d64d2c.jpg.296x216.jpg
20190504,普陀,曹杨,精装修，近环球港，交通便利，配套完善房主自荐,265万,曹杨五村(南杨园)  | 1室2厅 | 50.04平米 | 南 | 精装 | 无电梯,https://image1.ljcdn.com/310000-inspection/test-cf3bb3fd-2b93-49c5-8184-ff49da9ad799.png.296x216.jpg
20190504,普陀,曹杨,顶楼复式  四南一北 全明户型 得房率高 看房方便,960万,香山苑  | 5室2厅 | 177.07平米 | 南 | 精装 | 无电梯,https://image1.ljcdn.com/310000-inspection/prod-d7835f8e-da3e-4ff3-8f12-80d245a40207.jpg.296x216.jpg
20190504,普陀,曹杨,五星公寓 3室2厅 710万,710万,五星公寓  | 3室2厅 | 131.24平米 | 南 | 其他 | 有电梯,https://image1.ljcdn.com/310000-inspection/prod-15da0a8a-27ea-474b-9651-b72f69c749c7.jpg.296x216.jpg
20190504,普陀,曹杨,满五唯一售后公房 采光良好 通风效果佳 背临河风景好,245万,曹杨五村(杏梅园)  | 2室0厅 | 46.1平米 | 南 | 简装 | 无电梯,https://image1.ljcdn.com/310000-inspection/test-b367701a-ee42-4a48-88b0-6ccc17b433b1.png.296x216.jpg
20190504,普陀,曹杨,此房满五唯一  房龄新 小区闹中取静,285万,曹杨五村(金岭园)  | 2室1厅 | 50.94平米 | 南 | 简装 | 无电梯,https://image1.ljcdn.com/310000-inspection/test-9ef4d402-abd1-4cc4-929b-c1c2af8bf99a.png.296x216.jpg
20190504,普陀,曹杨,此房满五唯一，视野开阔，采光好，房东诚意售,283万,曹杨三村(兰岭园)  | 2室1厅 | 51.19平米 | 南 | 简装 | 无电梯,https://image1.ljcdn.com/310000-inspection/test-f7709958-2f1d-4b03-aa18-73991525252e.png.296x216.jpg
20190504,普陀,曹杨,常高公寓全南大三房 一步到位不用再置换 视野开阔,860万,常高公寓  | 3室2厅 | 153.97平米 | 南 | 精装 | 有电梯,https://image1.ljcdn.com/310000-inspection/test-673b1d07-9323-49ae-8950-6eddebae2745.png.296x216.jpg
20190504,普陀,曹杨,小高层电梯房  全南户型  采光足  刚满两年 税费少,875万,万都花园(普陀)  | 3室2厅 | 136.4平米 | 南 | 简装 | 有电梯,https://image1.ljcdn.com/310000-inspection/prod-d630df33-dee0-4404-aa49-1ebb09b54572.jpg.296x216.jpg
20190504,普陀,曹杨,好房子，看房方便，配套完善，业主诚意出售,518万,花溪园  | 2室1厅 | 83.65平米 | 南 北 | 简装 | 无电梯,https://image1.ljcdn.com/310000-inspection/prod-6a65a2dd-7aec-4eea-9c4e-74b25c24e8e0.jpg.296x216.jpg
20190504,普陀,曹杨,曹杨五村(金岭园) 3室1厅 455万,455万,曹杨五村(金岭园)  | 3室1厅 | 74.59平米 | 南 | 精装 | 无电梯,https://image1.ljcdn.com/310000-inspection/prod-4862eb76-9372-4264-a148-49259422fae0.jpg.296x216.jpg
20190504,普陀,曹杨,四条轨道，环球港，精装环境佳，看房方便,251万,曹杨五村(杏梅园)  | 1室1厅 | 44.42平米 | 南 | 精装,https://image1.ljcdn.com/310000-inspection/prod-0d734056-265d-4e57-91f0-9de2a8326803.jpg.296x216.jpg
20190504,普陀,曹杨,地铁口双南两房  可随时看房 楼层佳 小区环境好！,300万,曹杨五村(梅花园)  | 2室1厅 | 52.12平米 | 南 | 简装 | 无电梯,https://image1.ljcdn.com/310000-inspection/prod-827c007b-4f3e-40ca-bbbd-e57136fc3529.jpg.296x216.jpg
20190504,普陀,曹杨,房子满五唯一，精装修低总价一室户！,215万,曹杨五村(南杨园)  | 1室0厅 | 37.06平米 | 南 | 精装 | 无电梯,https://image1.ljcdn.com/310000-inspection/test-381dbbbd-038f-4b38-9a09-32617f524e0e.png.296x216.jpg
20190504,普陀,曹杨,贝壳优选-双南两房有客厅，厨卫全明带外窗,300万,曹杨九村  | 2室1厅 | 57.12平米 | 南 | 简装 | 无电梯,https://image1.ljcdn.com/310000-inspection/test-d6c652e2-09d9-42b2-8d0d-d0066097fe98.png.296x216.jpg
20190504,普陀,曹杨,一口价335万 首付要求267万，看房工作日提前一天预约,335万,曹杨六村(兰溪园)  | 2室1厅 | 61.56平米 | 东南 | 精装,https://image1.ljcdn.com/310000-inspection/test-69e7eefc-f34e-4b3f-999d-6552d580061d.png.296x216.jpg
20190504,普陀,曹杨,南北通户型，采光通风好，视野佳，配套完善,230万,曹杨五村(南杨园)  | 1室1厅 | 39.44平米 | 南 | 精装 | 无电梯,https://image1.ljcdn.com/310000-inspection/test-4ad1c233-3210-4ada-86d4-74a704f34ef1.png.296x216.jpg
20190504,普陀,曹杨,总价低 诚意出售 曹杨二村一室户仅175万，看中再谈,155万,曹杨二村  | 1室0厅 | 29.44平米 | 北 | 简装 | 无电梯,https://image1.ljcdn.com/310000-inspection/test-20b0823f-e678-4d37-ba1e-906d0e43cfa8.png.296x216.jpg
20190504,普陀,曹杨,满五唯一 房型很正气 业主诚意出售 看房方便,250万,曹杨二村  | 2室1厅 | 45.03平米 | 南 | 简装 | 无电梯,https://image1.ljcdn.com/310000-inspection/prod-5b8ed5c2-c434-4530-829b-6683b8bd06e6.jpg.296x216.jpg
20190504,普陀,曹杨,大2房 可以改3房 户型正气，看房方便，满五唯一,330万,曹杨三村(杏杨园)  | 2室1厅 | 57.95平米 | 南 | 简装 | 无电梯,https://image1.ljcdn.com/310000-inspection/test-486d746a-796e-496b-a1b6-974961fc5ac5.png.296x216.jpg
20190504,普陀,曹杨,双南两房+近地铁+售后公房+诚意出售,405万,梅岭苑  | 2室1厅 | 63.92平米 | 南 | 简装 | 无电梯,https://image1.ljcdn.com/310000-inspection/test-c590e479-13d7-4330-9988-cef7c3c7ca5d.png.296x216.jpg
20190504,普陀,曹杨,4楼 南北边套 满五年 安静舒适  13号线,286万,曹杨五村(杏梅园)  | 2室1厅 | 48.56平米 | 南 北 | 简装 | 无电梯,https://image1.ljcdn.com/310000-inspection/prod-a71f9afc-5759-44eb-bbd4-511e3d539369.jpg.296x216.jpg
20190504,普陀,曹杨,小区难得双南两房 厅朝南 户型正气 格局好,680万,香山苑  | 2室2厅 | 101.7平米 | 南 | 精装 | 有电梯,https://image1.ljcdn.com/310000-inspection/prod-68f9ca44-4419-4313-8a07-48c19fd5e218.jpg.296x216.jpg
20190504,普陀,曹杨,曹杨一村 1室0厅 180万,180万,曹杨一村  | 1室0厅 | 30.36平米 | 东 | 简装 | 无电梯,https://image1.ljcdn.com/310000-inspection/test-33cde3f7-6276-453b-9344-5ee4ae17872e.png.296x216.jpg
20190504,普陀,曹杨,近地铁，曹杨一村旁，精致一房，满五唯一，生活便利,216万,棠浦路105号  | 1室1厅 | 44.04平米 | 南 | 简装 | 无电梯,https://image1.ljcdn.com/310000-inspection/prod-f295d98e-d963-4954-aaef-9b6aef637dec.jpg.296x216.jpg
20190504,普陀,曹杨,电梯房、拎包入住、2010年花园小区,756万,安居兰庭  | 2室2厅 | 87.07平米 | 南 | 精装 | 有电梯,https://image1.ljcdn.com/310000-inspection/prod-b789f942-bfb8-44fe-8c68-f93ee39dc51b.jpg.296x216.jpg
20190504,普陀,曹杨,加装电梯好房，前面游泳馆，后面花园，天然氧吧,900万,美源公寓  | 3室2厅 | 121.89平米 | 南 北 | 简装 | 有电梯,https://image1.ljcdn.com/310000-inspection/prod-2cb8de20-cc84-47fc-8a21-f17070a47168.jpg.296x216.jpg
20190504,普陀,曹杨,房东诚意出售房源！，满五唯一税费少，楼层佳,222万,曹杨四村(桐柏园)  | 1室0厅 | 39.62平米 | 南 | 毛坯 | 无电梯,https://image1.ljcdn.com/310000-inspection/prod-cc2e76ed-bb48-44af-9c90-e5e5ebbdca3a.jpg.296x216.jpg
20190504,普陀,曹杨,环球港旁 小户型 一楼带天井 3.4.13号线 出行方便,220万,曹杨五村(南杨园)  | 1室1厅 | 35.26平米 | 南 | 简装 | 无电梯,https://image1.ljcdn.com/310000-inspection/prod-3ffbfa0c-887b-4ac6-a07b-0b8cc9b49e3b.jpg.296x216.jpg
20190504,普陀,曹杨,近13号线地铁，全明朝南一室户，楼层好采光无遮挡,240万,曹杨五村(芙蓉园)  | 1室1厅 | 43.34平米 | 南 | 简装,https://image1.ljcdn.com/310000-inspection/test-890e02ba-cf46-4493-91f7-01f7fa6834dc.png.296x216.jpg
20190504,普陀,曹杨,枫桥路地铁站 精装修 多爬层楼肯定比远走截路强多了房主自荐,278万,北枫桥园  | 2室1厅 | 52.87平米 | 南 | 精装 | 无电梯,https://image1.ljcdn.com/310000-inspection/prod-dde2ecf6-89cb-499d-b61c-2968e70cc460.jpg.296x216.jpg
20190504,普陀,曹杨,便捷！金沙江路旁，六重轨交，一室一厅，看房随时！,194万,曹杨九村  | 1室1厅 | 36.46平米 | 南 | 简装 | 无电梯,https://image1.ljcdn.com/310000-inspection/test-c0c93f01-c7dd-4db3-8ffe-e1ba9d04d83e.png.296x216.jpg
20190504,普陀,曹杨,五星公寓 高区电梯房 2梯6户 近内环 近地铁 诚意出售,680万,五星公寓  | 3室2厅 | 131.24平米 | 南 | 简装 | 有电梯,https://image1.ljcdn.com/310000-inspection/test-fa4f7611-3652-45cb-96d0-e351bae9e183.png.296x216.jpg
20190504,普陀,曹杨,售后公房，采光好总价低，小区环境好,170万,杏园  | 1室1厅 | 34.43平米 | 南 | 简装 | 无电梯,https://image1.ljcdn.com/310000-inspection/test-477b5e16-c29b-48d7-8821-5d3e5e276ab6.png.296x216.jpg
20190504,普陀,曹杨,双南两房可改户型，业主诚意出售 ，光线无遮挡。,290万,曹杨二村  | 2室1厅 | 49.22平米 | 南 | 毛坯 | 无电梯,https://image1.ljcdn.com/310000-inspection/test-559527b5-5e76-4aab-8202-c190ef11cfda.png.296x216.jpg
20190504,普陀,曹杨,曹杨华庭 3室2厅 920万,920万,曹杨华庭  | 3室2厅 | 128.4平米 | 南 | 其他 | 有电梯,https://image1.ljcdn.com/310000-inspection/prod-630bb479-f754-4e2b-95a4-ff65beccb499.jpg.296x216.jpg
20190504,普陀,曹杨,楼层好，全明户型，大二房，业主诚意卖，看房方便！,570万,梅岭苑  | 2室2厅 | 105.81平米 | 东 | 简装 | 有电梯,https://image1.ljcdn.com/310000-inspection/test-620d5e10-a655-44f5-95f3-92fd531f46ba.png.296x216.jpg
20190504,普陀,曹杨,大二房二厅，全明户型，拎包入住，最诚意的业主！,570万,梅岭苑  | 2室2厅 | 105.81平米 | 西北 | 简装 | 有电梯,https://image1.ljcdn.com/310000-inspection/test-23180c7b-4fab-4a7c-a9c4-d54050ee4fe3.png.296x216.jpg
20190504,普陀,曹杨,万都花园(普陀) 3室1厅 945万,945万,万都花园(普陀)  | 3室1厅 | 129.59平米 | 南 | 精装 | 有电梯,https://image1.ljcdn.com/310000-inspection/prod-325c1c15-f97b-4eea-9e71-d45af4993559.jpg.296x216.jpg
20190504,普陀,曹杨,万都花园(普陀) 3室2厅 910万,910万,万都花园(普陀)  | 3室2厅 | 129.84平米 | 南 | 精装 | 有电梯,https://image1.ljcdn.com/310000-inspection/test-d2468096-a981-4792-a27c-fb257320a68b.png.296x216.jpg
20190504,普陀,曹杨,万都花园(普陀) 4室2厅 948万,948万,万都花园(普陀)  | 4室2厅 | 155.61平米 | 南 | 精装 | 有电梯,https://image1.ljcdn.com/310000-inspection/prod-33229120-b99e-4589-905d-00e605e103ae.jpg.296x216.jpg
20190504,普陀,曹杨,曹杨五村(梅花园) 2室1厅 395万,395万,曹杨五村(梅花园)  | 2室1厅 | 64.72平米 | 东南 | 其他 | 无电梯,https://image1.ljcdn.com/310000-inspection/prod-aa453cc6-f5b6-4365-ac17-6ee7961b3138.jpg.296x216.jpg
20190504,普陀,曹杨,曹杨五村(杏梅园) 1室1厅 238万房主自荐,238万,曹杨五村(杏梅园)  | 1室1厅 | 44.18平米 | 南 | 简装 | 无电梯,https://image1.ljcdn.com/310000-inspection/test-44b8326a-2ffe-442b-b927-b514921c1ed7.png.296x216.jpg
20190504,普陀,曹杨,近枫桥路地铁站 电梯三房 全明户型 采光充足 闹中取静,580万,中桥大楼  | 3室1厅 | 81.99平米 | 西南 | 精装 | 有电梯,https://image1.ljcdn.com/310000-inspection/prod-dd068fd1-261c-4d8c-953b-510dea64928a.jpg.296x216.jpg
20190504,普陀,曹杨,曹杨六村(沙溪园) 1室0厅 188万,188万,曹杨六村(沙溪园)  | 1室0厅 | 28.89平米 | 南 | 精装 | 无电梯,https://image1.ljcdn.com/310000-inspection/prod-dda22136-e7ba-446a-a99e-8046bdb1fd03.jpg.296x216.jpg
20190504,普陀,曹杨,全明户型 采光好 配套齐，诚意售,270万,曹杨三村(兰岭园)  | 2室1厅 | 50.92平米 | 南 北 | 简装 | 无电梯,https://image1.ljcdn.com/310000-inspection/prod-2020c2b4-ee55-44ab-be91-724930a3252a.jpg.296x216.jpg
20190504,普陀,曹杨,1994年房龄，四楼，边套全明户型，小区花园位置,315万,金梅园  | 2室1厅 | 51.43平米 | 南 | 简装 | 无电梯,https://image1.ljcdn.com/310000-inspection/prod-9e5ac531-fb9b-489d-b3ac-36aa6a471c02.jpg.296x216.jpg
20190504,普陀,曹杨,坐看南北双花园，40平大厅，看房随时，有钥匙,1000万,沙田新苑  | 3室2厅 | 153平米 | 南 | 简装 | 有电梯,https://image1.ljcdn.com/310000-inspection/prod-f944717d-8815-4f41-8c55-d0995d18492c.jpg.296x216.jpg
20190504,普陀,曹杨,三轨交汇出行便利 户型正气 楼层好,420万,曹杨四村(兰花大楼)  | 2室1厅 | 70.15平米 | 东 | 简装,https://image1.ljcdn.com/310000-inspection/prod-4ef051b7-4397-4542-9b93-0ce97a37f063.jpg.296x216.jpg
20190504,普陀,曹杨,此房南北通户型，楼层佳采光充足视野宽阔，,228万,曹杨四村(桐柏园)  | 1室1厅 | 38.12平米 | 南 | 精装 | 无电梯,https://image1.ljcdn.com/310000-inspection/prod-7fa41ffa-44a6-4e83-a19a-e038d709ee88.jpg.296x216.jpg
20190504,普陀,曹杨,三月的风，四月的雨，五月的你在新房里；看房有钥匙。,212万,曹杨九村  | 1室1厅 | 36.76平米 | 南 | 精装 | 无电梯,https://image1.ljcdn.com/310000-inspection/prod-a164ee0d-3503-4ffc-8ae0-7991c871ab2c.jpg.296x216.jpg
20190504,普陀,曹杨,南北一室半，温馨小户型满五唯一，楼层好房型正,215万,曹杨三村(兰岭园)  | 1室1厅 | 38.56平米 | 南 | 简装 | 无电梯,https://image1.ljcdn.com/310000-inspection/prod-8ba1e486-680b-48a5-a9c5-692406372361.jpg.296x216.jpg
20190504,普陀,曹杨,89年一梯两户、朝南一房带天井、彩光全天没有遮挡！,235万,曹杨五村(南杨园)  | 1室1厅 | 40.87平米 | 南 | 简装,https://image1.ljcdn.com/310000-inspection/prod-2962e6bf-2447-423c-b5f3-e82e0e362544.jpg.296x216.jpg
20190504,普陀,曹杨,此夜曲中闻折柳 错过此房难再有 看房方便 诚意出售,280万,曹杨九村  | 2室1厅 | 46.12平米 | 南 | 简装 | 无电梯,https://image1.ljcdn.com/310000-inspection/prod-0616804e-1616-4d71-aa22-dfea9a6ba713.jpg.296x216.jpg
20190504,普陀,曹杨,杏园两室户，小区中间位置，诚意出售！看房方便!,199万,杏园  | 2室0厅 | 40.11平米 | 南 北 | 简装 | 无电梯,https://image1.ljcdn.com/310000-inspection/prod-213d779a-8b5c-4b4e-a628-13d93a3a75c1.jpg.296x216.jpg
20190504,普陀,曹杨,标准一室一厅 拎包入住 业主因要结婚换房,234万,曹杨五村(梅花园)  | 1室1厅 | 43.44平米 | 南 | 精装 | 无电梯,https://image1.ljcdn.com/310000-inspection/test-1a13c267-170d-40c7-9636-9da520824e81.jpg.296x216.jpg
20190504,普陀,曹杨,88年房龄 一梯三户业主诚意近环球港 3、4、13全明户型新上,265万,曹杨五村(南杨园)  | 1室2厅 | 50.04平米 | 南 | 精装,https://image1.ljcdn.com/310000-inspection/test-c1917814-7895-4605-9624-009c3d7a4733.png.296x216.jpg
20190504,普陀,曹杨,大两房一厅 户型正气  3轨交汇 出行便利,395万,曹杨五村(杏梅园)  | 2室1厅 | 67.72平米 | 南 北 | 简装,https://image1.ljcdn.com/310000-inspection/prod-9a731862-7c0b-4901-8ffb-95b132718520.jpg.296x216.jpg
20190504,普陀,曹杨,满五唯一，品质小区位置安静环境优美，近地铁配套齐全,1125万,桐柏公寓  | 3室2厅 | 148.83平米 | 南 | 精装 | 有电梯,https://image1.ljcdn.com/310000-inspection/test-5f8dd81e-3167-4637-8709-092aa587ec48.png.296x216.jpg
20190504,普陀,曹杨,正气两房 采光明媚 看房随时 诚意出售,260万,曹杨二村  | 2室0厅 | 46.42平米 | 东南 | 毛坯 | 无电梯,https://image1.ljcdn.com/310000-inspection/test-5db55da3-9af6-42ff-8d13-febcc4c298fa.jpg.296x216.jpg
20190504,普陀,曹杨,一口价三轨交汇 满五唯一 楼层好 正对环球港 出行便利,308万,曹杨六村(沙溪园)  | 2室1厅 | 53.21平米 | 南 | 简装 | 无电梯,https://image1.ljcdn.com/310000-inspection/prod-bb5407e1-86fb-48cc-8c65-f0df2db89cc0.jpg.296x216.jpg
20190504,普陀,曹杨,经典朝南一居室，适合年轻人置业安家。婚房装修,248万,曹杨五村(金岭园)  | 1室1厅 | 43.36平米 | 南 | 精装 | 无电梯,https://image1.ljcdn.com/310000-inspection/prod-32dc3a73-f263-40fb-b03a-5594f328a6dc.jpg.296x216.jpg
20190504,普陀,曹杨,一门关小户型，南北全明，精装修，诚意出售,240万,曹杨三村(兰岭园)  | 1室1厅 | 44.27平米 | 南 | 简装 | 无电梯,https://image1.ljcdn.com/310000-inspection/prod-b29a076c-df21-4093-afff-0ade44bfe695.jpg.296x216.jpg
20190504,普陀,曹杨,2010年次新住宅，花园小区，24H安保，户型正气,1180万,安居兰庭  | 3室2厅 | 158.16平米 | 南 | 精装 | 有电梯,https://image1.ljcdn.com/310000-inspection/prod-c8ac0223-2c64-40d0-8b40-03946a51f176.jpg.296x216.jpg
20190504,普陀,曹杨,正规一室一厅  地理位置优越 近地铁  交通便利,210万,曹杨五村(梅花园)  | 1室1厅 | 38.73平米 | 南 | 简装,https://image1.ljcdn.com/310000-inspection/prod-3fdaf650-c020-4a1f-9656-0ab7d1cc31e9.jpg.296x216.jpg
20190504,普陀,曹杨,梅岭支路85弄 1室1厅 230万新上,230万,梅岭支路85弄  | 1室1厅 | 37.73平米 | 南 | 其他 | 无电梯,https://image1.ljcdn.com/310000-inspection/prod-249a7e68-8f1d-4959-b51d-944a3d116915.jpg.296x216.jpg
20190504,普陀,曹杨,一梯两户全明户型的电梯房 02年房龄 近11号线诚意出售,1000万,梅岭苑  | 4室2厅 | 177.95平米 | 南 | 简装 | 无电梯,https://image1.ljcdn.com/310000-inspection/prod-a94af2d7-00c8-4c5d-bce4-4739e1c9c313.jpg.296x216.jpg
20190504,普陀,曹杨,笋盘出售 09年次新小区 地铁金沙江路站 景观环球港,650万,恒陇丽晶公寓  | 2室2厅 | 78.69平米 | 南 | 精装 | 有电梯,https://image1.ljcdn.com/310000-inspection/prod-4ccb9bd8-8a99-42a6-b259-b1795cc4f487.jpg.296x216.jpg
20190504,普陀,曹杨,小区正中位置 四房三卫朝南 满五税费少 一梯三户,950万,万都花园(普陀)  | 4室2厅 | 155.61平米 | 南 | 简装 | 有电梯,https://image1.ljcdn.com/310000-inspection/test-fb9b1a9a-347f-4e4f-b612-31f5329407d8.png.296x216.jpg
20190504,普陀,曹杨,杏杨园，低总价南北全明两房，诚意出售，等您鉴赏,265万,曹杨三村(杏杨园)  | 2室0厅 | 48.88平米 | 南 北 | 简装 | 无电梯,https://image1.ljcdn.com/310000-inspection/prod-66efad5a-f5d3-4af1-b941-4e11d1daed10.jpg.296x216.jpg
20190504,普陀,曹杨,豆蔻梢头春色浅 此房还望入您眼 看房方便 诚意出售！,165万,曹杨九村  | 1室0厅 | 29.23平米 | 南 | 简装 | 无电梯,https://image1.ljcdn.com/310000-inspection/prod-af3a2a79-d8d7-4559-8299-1508021979b1.jpg.296x216.jpg
20190504,普陀,曹杨,曹杨五村(芙蓉园) 1室1厅 285万,285万,曹杨五村(芙蓉园)  | 1室1厅 | 47.11平米 | 南 | 简装,https://image1.ljcdn.com/310000-inspection/prod-8a2245e5-8187-4ae3-90d5-1cff0ad8352f.jpg.296x216.jpg
20190504,普陀,曹杨,南园春半踏青时 欲看此房别太迟 看房方便 诚意出售,160万,曹杨九村  | 1室1厅 | 28.7平米 | 南 | 简装 | 无电梯,https://image1.ljcdn.com/310000-inspection/test-8c948520-f3dd-41a4-8403-d0960ffac77b.png.296x216.jpg
20190504,普陀,曹杨,曹杨五村(金岭园) 2室1厅 310万,310万,曹杨五村(金岭园)  | 2室1厅 | 51.55平米 | 南 北 | 精装 | 无电梯,https://image1.ljcdn.com/310000-inspection/prod-40f15dc8-1b2d-4f99-9e95-75e55ff2ecfe.jpg.296x216.jpg
20190504,普陀,曹杨,一梯两户 双南双阳台 大客厅 生活配套齐 交通便利,370万,曹杨三村(兰岭园)  | 2室2厅 | 71.25平米 | 南 北 | 精装 | 无电梯,https://image1.ljcdn.com/310000-inspection/prod-c298243f-dda1-4540-bc6a-24aae151c2c3.jpg.296x216.jpg
20190504,普陀,曹杨,2000年次新房，小区环境优雅，地理位置优越，闹中取静,840万,沙田新苑  | 3室2厅 | 152平米 | 南 | 精装 | 有电梯,https://image1.ljcdn.com/310000-inspection/test-8919d306-bb80-40b7-85d4-24a831b01da8.png.296x216.jpg
20190504,普陀,曹杨,中楼层 采光好 小户型 总价低  诚意售,180万,曹杨三村(兰岭园)  | 1室0厅 | 31.38平米 | 南 | 简装 | 无电梯,https://image1.ljcdn.com/310000-inspection/prod-ad40bbad-f1e7-458d-8fc3-79f92285afb7.jpg.296x216.jpg
20190504,普陀,曹杨,地铁3.4.13号线地铁口600米 精装一室户 楼层好,230万,梅岭支路85弄  | 1室1厅 | 37.71平米 | 南 | 精装 | 无电梯,https://image1.ljcdn.com/310000-inspection/test-675f4b6e-737c-4c9d-ba8e-ccb133a17c67.png.296x216.jpg
20190504,普陀,曹杨,售后公房省税，紧缺三房户型，中间位置，配套成熟,570万,金梅园  | 3室1厅 | 96.9平米 | 南 | 精装 | 无电梯,https://image1.ljcdn.com/310000-inspection/test-1f62364c-6130-4ff7-9784-337ff0a51e8f.png.296x216.jpg
20190504,普陀,曹杨,正气一房一厅 出行方便 边套全明 采光通风良好,245万,曹杨六村(沙溪园)  | 1室1厅 | 43.09平米 | 南 | 精装 | 无电梯,https://image1.ljcdn.com/310000-inspection/test-f15ae7b4-5055-4521-a9ee-65e54e38c501.png.296x216.jpg
20190504,普陀,曹杨,双南温馨小户型，房型正气，视野开阔，诚意出售,268万,曹杨三村  | 2室1厅 | 48.39平米 | 南 | 简装 | 无电梯,https://image1.ljcdn.com/310000-inspection/prod-55ed1f10-a245-4a83-8594-cb6ace33610a.jpg.296x216.jpg
20190504,普陀,曹杨,上门实拍VR，房龄新，紧挨地铁11号线枫桥路站！,450万,梅岭苑  | 2室1厅 | 77.7平米 | 东 南 | 精装 | 有电梯,https://image1.ljcdn.com/310000-inspection/prod-98f9cf50-6657-4f97-ba6c-caad7d5bef36.png.296x216.jpg
20190504,普陀,曹杨,低楼层，南北户型，满五唯一，看房方便，诚意出售,215万,曹杨三村(兰岭园)  | 1室1厅 | 39.65平米 | 南 | 简装 | 无电梯,https://image1.ljcdn.com/310000-inspection/prod-401ba1c9-fb09-44ed-a454-53f699f34cf0.png.296x216.jpg
20190504,普陀,曹杨,因结婚而装，喜添2小宝，现在因换房而售，静待有缘人房主自荐,335万,曹杨六村(兰溪园)  | 2室1厅 | 49.85平米 | 南 | 精装 | 无电梯,https://image1.ljcdn.com/310000-inspection/prod-5b42c2c5-4c40-4c4b-8db9-66f56bf58e27.jpg.296x216.jpg
20190504,普陀,曹杨,曹杨五村经典小户型 位置不错 近地铁 环球港,252万,曹杨五村(南杨园)  | 1室1厅 | 43.09平米 | 南 | 简装,https://image1.ljcdn.com/310000-inspection/prod-2122d145-cd40-4c9e-9b8f-a76afe103901.jpg.296x216.jpg
20190504,普陀,曹杨,总价低朝南一房 前无遮挡采光好 近地铁与环球港800迷,168万,曹杨九村  | 1室0厅 | 28.68平米 | 南 | 简装 | 有电梯,https://image1.ljcdn.com/310000-inspection/test-1f5825a6-9927-4a74-a5ac-e80a0f20ef14.jpg.296x216.jpg
20190504,普陀,曹杨,曹杨三村(兰岭园) 1室1厅 218万,218万,曹杨三村(兰岭园)  | 1室1厅 | 36.99平米 | 南 | 简装 | 无电梯,https://image1.ljcdn.com/310000-inspection/test-24bb79ca-a5c8-462f-8004-fc6820cd9f1e.png.296x216.jpg
20190504,普陀,曹杨,曹杨三房，视野佳，配套完善，近地铁，业主诚意,500万,曹杨五村(金岭园)  | 3室1厅 | 80.34平米 | 南 | 简装 | 无电梯,https://image1.ljcdn.com/310000-inspection/test-8a6820ee-ced5-42ac-8359-0df4de690260.png.296x216.jpg
20190504,普陀,曹杨,内环边 朝南一房一厅 带天井 3,4,13三轨 出行便捷,245万,曹杨五村(金岭园)  | 1室1厅 | 41.49平米 | 南 | 简装 | 无电梯,https://image1.ljcdn.com/310000-inspection/prod-9b253a09-5981-4d18-a427-2d445fb17679.jpg.296x216.jpg
20190504,普陀,曹杨,产权清晰 满五唯一   闹中取静 近地铁站,283万,曹杨五村(金岭园)  | 2室1厅 | 53.17平米 | 东南 | 简装 | 无电梯,https://image1.ljcdn.com/310000-inspection/prod-e6c7508e-ca98-46b2-a8f6-1f356b1883e6.jpg.296x216.jpg
20190504,普陀,曹杨,南北温馨小户型，房型正气，视野开阔，诚意出售,295万,曹杨三村(杏杨园)  | 2室1厅 | 49.49平米 | 南 | 精装 | 无电梯,https://image1.ljcdn.com/310000-inspection/prod-0de45891-5b3b-4416-a5ae-2e6e5df08de4.jpg.296x216.jpg
20190504,普陀,曹杨,03年小高层电梯房 南北直户型 交通方便 小区安静,680万,银都名庭  | 2室2厅 | 104.21平米 | 南 | 简装 | 有电梯,https://image1.ljcdn.com/310000-inspection/prod-a29574f1-e9c6-4099-bfa5-ad9d3eb91f17.jpg.296x216.jpg
20190504,普陀,曹杨,五星公寓 高区电梯房 2梯6户 近内环 近地铁 诚意出售,465万,五星公寓  | 1室2厅 | 86.16平米 | 西南 | 简装 | 有电梯,https://image1.ljcdn.com/310000-inspection/test-87588dec-b72f-41a4-aa2b-9b81a5ef0547.png.296x216.jpg
20190504,普陀,曹杨,曹杨五村南杨园一房，采光充足，配套完善，近地铁,200万,曹杨五村(南杨园)  | 1室0厅 | 29.37平米 | 南 | 精装 | 无电梯,https://image1.ljcdn.com/310000-inspection/prod-e0af3efa-07f8-4c64-bf2a-dc010ccd4025.jpg.296x216.jpg
20190504,普陀,曹杨,紧挨环球港，内环边上双南带阳台，近3.4.13.号线,230万,曹杨九村  | 2室1厅 | 38.34平米 | 南 | 简装 | 无电梯,https://image1.ljcdn.com/310000-inspection/prod-a58f4a43-b3e2-4021-88b0-6986a921f7e6.jpg.296x216.jpg
20190504,普陀,曹杨,南北全明户型 高得房率 通风效果佳 业主诚意来袭,210万,曹杨六村(兰溪园)  | 1室1厅 | 35.06平米 | 南 | 精装 | 无电梯,https://image1.ljcdn.com/310000-inspection/test-44c6c85f-8478-45bf-85ae-56ce3c1c8ddf.png.296x216.jpg
20190504,普陀,曹杨,欢迎实地看房，中间位置，低楼层，总价低,215万,曹杨三村(兰岭园)  | 1室1厅 | 38.81平米 | 南 | 简装 | 无电梯,https://image1.ljcdn.com/310000-inspection/test-a77e478e-6c20-44f0-bc10-1c93790b2db8.png.296x216.jpg
20190504,普陀,曹杨,全明两房两厅，精装修，！可改三房！南北全明！,500万,梅岭苑  | 2室2厅 | 98.25平米 | 南 | 简装 | 有电梯,https://image1.ljcdn.com/310000-inspection/prod-8bf8ee63-3b77-495f-8cf0-740da03d3d8b.jpg.296x216.jpg
20190504,普陀,曹杨,曹杨五村(南杨园) 1室1厅 175万,175万,曹杨五村(南杨园)  | 1室1厅 | 30.73平米 | 南 | 其他 | 无电梯,https://image1.ljcdn.com/310000-inspection/prod-988dfa17-0014-45b4-89a0-158a1adda971.jpg.296x216.jpg
20190504,普陀,曹杨,婚房装修 拎包入住 采光佳 有平改坡,293万,曹杨二村  | 2室1厅 | 48.13平米 | 南 北 | 简装 | 无电梯,https://image1.ljcdn.com/310000-inspection/test-25004ca2-4629-452c-979e-f931ae305d49.png.296x216.jpg
20190504,普陀,曹杨,梅岭支路85弄2房 金沙江路地铁站门口,312万,梅岭支路85弄  | 2室1厅 | 53.95平米 | 南 | 简装 | 无电梯,https://image1.ljcdn.com/310000-inspection/test-a45bd674-00e1-46fe-90c1-4866538c4ee6.png.296x216.jpg
20190504,普陀,曹杨,曹杨五村(杏梅园) 2室0厅 280万,280万,曹杨五村(杏梅园)  | 2室0厅 | 46.87平米 | 南 | 简装 | 无电梯,https://image1.ljcdn.com/310000-inspection/prod-93e3a68a-59b0-4553-80a4-e062f368089f.png.296x216.jpg
20190504,普陀,曹杨,全明边套一室户 婚房装修 交通便利 诚意出售 价格可议,215万,梅岭支路85弄  | 1室1厅 | 38.37平米 | 南 | 精装 | 无电梯,https://image1.ljcdn.com/310000-inspection/prod-f605af35-c5c0-4bc3-a375-85fea529e604.jpg.296x216.jpg
20190504,普陀,曹杨,曹杨五村(南杨园) 2室1厅 286万,286万,曹杨五村(南杨园)  | 2室1厅 | 47.47平米 | 南 | 简装 | 无电梯,https://image1.ljcdn.com/310000-inspection/prod-1de4fb71-d36b-4fe1-8b5e-9d4341e02e97.jpg.296x216.jpg
20190504,普陀,曹杨,杏园两房  全明通透型采光美 诚意出售期待有缘人！,280万,杏园  | 2室1厅 | 57.55平米 | 西南 东北 | 简装 | 无电梯,https://image1.ljcdn.com/310000-inspection/prod-ca2179b6-af4f-48a5-87d0-ae4a349355d0.jpg.296x216.jpg
20190504,普陀,曹杨,曹杨二村 1室0厅 150万,150万,曹杨二村  | 1室0厅 | 25.58平米 | 北 | 精装 | 无电梯,https://image1.ljcdn.com/310000-inspection/test-a057e3f9-0eee-4aac-9963-fbc51ef04189.png.296x216.jpg
20190504,普陀,曹杨,业主置换，诚意出售，户型方正，看房方便房主自荐,220万,曹杨二村  | 1室1厅 | 33.99平米 | 南 | 简装 | 无电梯,https://image1.ljcdn.com/310000-inspection/prod-48eb4f52-814c-40f4-bc11-ff0b93910bff.jpg.296x216.jpg
20190504,普陀,曹杨,曹杨五村(芙蓉园) 2室1厅 320万房主自荐,320万,曹杨五村(芙蓉园)  | 2室1厅 | 50.61平米 | 南 | 精装,https://image1.ljcdn.com/310000-inspection/test-abc1e30c-8845-4c9b-b3b6-41485198cf1f.png.296x216.jpg
20190504,普陀,曹杨,地铁口南北全明户型，朝向好采光佳，小区安静舒适，,268万,曹杨四村(桐柏园)  | 2室1厅 | 49.75平米 | 南 | 简装 | 无电梯,https://image1.ljcdn.com/310000-inspection/test-eed1be07-4937-4af5-b4c9-017106f2f06d.png.296x216.jpg
20190504,普陀,曹杨,11号线地铁口!近枫桥路站 配套成熟 出行便利 业主诚售,280万,北枫桥园  | 2室1厅 | 51.33平米 | 南 北 | 精装 | 无电梯,https://image1.ljcdn.com/310000-inspection/prod-1908ed3e-1661-43d4-aceb-b47f424bdcfe.jpg.296x216.jpg
20190504,普陀,曹杨,曹杨四村(兰花大楼) 2室1厅 435万,435万,曹杨四村(兰花大楼)  | 2室1厅 | 70.15平米 | 东南 | 简装,https://image1.ljcdn.com/310000-inspection/prod-66474dba-b08d-408b-899d-48aeccffd556.jpg.296x216.jpg
20190504,普陀,曹杨,房东诚意出售房源！，满二税费少，楼层佳,255万,曹杨四村(桐柏园)  | 2室0厅 | 44.96平米 | 南 西 | 简装 | 无电梯,https://image1.ljcdn.com/310000-inspection/prod-4457521e-8c48-486a-8ceb-a098a7cbf2cf.jpg.296x216.jpg
20190504,普陀,曹杨,曹杨六村(兰溪园) 2室1厅 395万,395万,曹杨六村(兰溪园)  | 2室1厅 | 61.67平米 | 西南 | 简装,https://image1.ljcdn.com/310000-inspection/prod-14b09c9f-ecea-4120-b1bb-ca696bbdff8a.jpg.296x216.jpg
20190504,普陀,曹杨,精装全明一室半，满五唯一，诚意出售，价钱可谈,210万,曹杨三村(兰岭园)  | 1室1厅 | 39.3平米 | 南 | 简装 | 无电梯,https://image1.ljcdn.com/310000-inspection/prod-fa364595-c4cb-4e4d-a523-2b6604dc84bd.jpg.296x216.jpg
20190504,普陀,曹杨,曹杨五村(梅花园) 2室1厅 350万,350万,曹杨五村(梅花园)  | 2室1厅 | 58.93平米 | 东南 | 其他,https://image1.ljcdn.com/310000-inspection/test-2c332161-7c99-429d-9f21-7e8ff3895879.jpg.296x216.jpg
20190504,普陀,曹杨,春城无处不飞花 九村双南可安家 看房方便 诚意出售,275万,曹杨九村  | 2室1厅 | 51.18平米 | 南 | 精装 | 有电梯,https://image1.ljcdn.com/310000-inspection/prod-56e7731b-1fcc-4d91-b1f0-b42621d6b9a4.jpg.296x216.jpg
20190504,普陀,曹杨,曹杨五村(梅花园) 2室1厅 275万,275万,曹杨五村(梅花园)  | 2室1厅 | 47.41平米 | 南 | 其他 | 无电梯,https://image1.ljcdn.com/310000-inspection/prod-2c945f72-23c3-4fd3-be39-f61243d22456.jpg.296x216.jpg
20190504,普陀,曹杨,金岭园精装一室户 近金沙江路地铁线3号线 4号线13号线,245万,曹杨五村(金岭园)  | 1室1厅 | 43平米 | 南 | 精装 | 无电梯,https://image1.ljcdn.com/310000-inspection/test-db1bd311-0a09-4e72-a333-a9064382272c.png.296x216.jpg
20190504,普陀,曹杨,北枫桥苑  双南两房 采光好 交通便利,290万,北枫桥园  | 2室1厅 | 51.01平米 | 南 | 简装 | 无电梯,https://image1.ljcdn.com/310000-inspection/test-b8079aa1-ee16-40d0-9b11-f0e4a5b8201e.png.296x216.jpg
20190504,普陀,曹杨,中桥大楼 带双阳台 近地铁11号线枫桥路站 高区景观房,550万,中桥大楼  | 3室1厅 | 84.82平米 | 东南 | 简装 | 有电梯,https://image1.ljcdn.com/310000-inspection/test-1b5645ef-d035-46d5-885e-3198406629de.png.296x216.jpg
20190504,普陀,曹杨,结婚装修 楼层好 一房两证 可分开卖 诚意卖 满五唯一,309万,曹杨二村  | 2室1厅 | 60.4平米 | 南 北 | 简装 | 无电梯,https://image1.ljcdn.com/310000-inspection/test-42c5434b-467d-423b-abd7-f3a7b68c8f13.jpg.296x216.jpg
20190504,普陀,曹杨,户型正气，三房朝南，产权清晰，看房方便,850万,常高公寓  | 3室2厅 | 153.97平米 | 南 北 | 精装 | 有电梯,https://image1.ljcdn.com/310000-inspection/prod-8ddba59c-8d1b-4e01-943f-4a1757edea8a.jpg.296x216.jpg
20190504,普陀,曹杨,此房南北通户型，采光通风好，视野开阔，配套完善,230万,曹杨五村(南杨园)  | 1室1厅 | 40.04平米 | 南 | 简装 | 无电梯,https://image1.ljcdn.com/310000-inspection/prod-dab39f54-2004-4435-8535-31d1c9fe99ee.jpg.296x216.jpg
20190504,普陀,曹杨,曹杨五村(南杨园) 1室1厅 250万,250万,曹杨五村(南杨园)  | 1室1厅 | 39.89平米 | 南 | 简装 | 无电梯,https://image1.ljcdn.com/310000-inspection/prod-11c67f52-5418-4407-8799-13d37361b043.jpg.296x216.jpg
20190504,普陀,曹杨,杏园 2室0厅 310万,310万,杏园  | 2室0厅 | 51.7平米 | 南 | 简装 | 无电梯,https://image1.ljcdn.com/310000-inspection/prod-bbb0c271-41e5-4e87-abec-8d6d5ad00d5d.jpg.296x216.jpg
20190504,普陀,曹杨,小户型，总价低，满五唯一，业主诚售！,170万,杏园  | 1室1厅 | 36.6平米 | 西南 | 简装 | 无电梯,https://image1.ljcdn.com/310000-inspection/test-a62009b3-c005-41dc-866e-dedaae4d66d1.jpg.296x216.jpg
20190504,普陀,曹杨,芙蓉园一房  近地铁 闹中取静  环境良好,228万,曹杨五村(芙蓉园)  | 1室1厅 | 40.87平米 | 南 | 简装 | 无电梯,https://image1.ljcdn.com/310000-inspection/prod-0adca7cd-3e40-422b-9853-3f24ad51eee6.jpg.296x216.jpg
20190504,普陀,曹杨,精装出售，拎包入住，采光无遮挡,245万,杏园  | 2室0厅 | 44.02平米 | 南 | 精装 | 无电梯,https://image1.ljcdn.com/310000-inspection/prod-6ad752fe-0c75-4125-b422-fb3a785deb67.jpg.296x216.jpg
20190504,普陀,曹杨,旧苑荒台杨柳新 九村一房如风清 看房方便 业主诚售,165万,曹杨九村  | 1室1厅 | 29.23平米 | 南 | 精装 | 无电梯,https://image1.ljcdn.com/310000-inspection/prod-679a1382-23d8-4385-b24d-e8877a57fc3b.jpg.296x216.jpg
20190504,普陀,曹杨,素衣莫起风尘叹 若住此房金不换 看房方便 诚意出售,157万,曹杨九村  | 1室1厅 | 29.23平米 | 南 | 简装 | 无电梯,https://image1.ljcdn.com/310000-inspection/prod-5f155530-af6a-413c-85f9-b88d721e5945.jpg.296x216.jpg
20190504,普陀,曹杨,宜居&刚需一开间，首套首付50万+轻松驾驭魔都,157万,曹杨九村  | 1室0厅 | 28.68平米 | 南 | 简装 | 有电梯,https://image1.ljcdn.com/310000-inspection/test-aa7ea1f0-4ae2-4f21-a0a9-72c8bd1224ab.jpg.296x216.jpg
20190504,普陀,曹杨,本房满五唯一 业主自住精装修 看房提前联系都方便,200万,曹杨六村(沙溪园)  | 1室1厅 | 36.97平米 | 南 | 精装,https://image1.ljcdn.com/310000-inspection/prod-0fc05bc7-060e-4b38-9257-ac040d4946ed.jpg.296x216.jpg
20190504,普陀,曹杨,精装修 拎包入住 四轨交通 房龄新,260万,曹杨四村(兰花园)  | 1室1厅 | 46.65平米 | 南 | 精装,https://image1.ljcdn.com/310000-inspection/prod-68573e2b-0f69-4c2b-a942-031a417bac8d.jpg.296x216.jpg
20190504,普陀,曹杨,曹杨九村 1室1厅 187万,187万,曹杨九村  | 1室1厅 | 36.2平米 | 南 | 精装 | 无电梯,https://image1.ljcdn.com/310000-inspection/prod-e916fef2-e3f4-4875-9675-d9b33b54cf77.jpg.296x216.jpg
20190504,普陀,曹杨,北枫桥园 精装修双南两房 采光好 近地铁11号线,300万,北枫桥园  | 2室1厅 | 50.78平米 | 南 | 精装 | 无电梯,https://image1.ljcdn.com/310000-inspection/prod-1374ee9c-f3b0-4958-88c2-5edcb52bc36f.jpg.296x216.jpg
20190504,普陀,曹杨,采光充足，精装修，近3.4.13号线地铁出行出行方便,252万,曹杨五村(芙蓉园)  | 1室1厅 | 43.34平米 | 南 | 精装,https://image1.ljcdn.com/310000-inspection/test-1c483a78-45f1-44ce-b549-5da2a0a7470c.png.296x216.jpg
20190504,普陀,曹杨,精装南北双阳台 户型正采光好 东边套全明户型,390万,杏园  | 2室1厅 | 62.18平米 | 南 | 精装 | 无电梯,https://image1.ljcdn.com/310000-inspection/test-299dfe45-b139-4756-89d8-36e548410206.png.296x216.jpg
20190504,普陀,曹杨,出国急售 全明格局  售后公房满五唯一房主自荐,340万,金梅园  | 2室1厅 | 51.71平米 | 南 | 简装 | 无电梯,https://image1.ljcdn.com/310000-inspection/test-1ece9db3-8c73-43fb-9966-cfaef743a3ab.png.296x216.jpg
20190504,普陀,曹杨,精装修，诚意出售，模范小区。看房方便 ，户型正气、房主自荐,228万,曹杨五村(杏梅园)  | 1室1厅 | 44平米 | 南 | 精装,https://image1.ljcdn.com/310000-inspection/prod-cbd9ead3-49e2-4396-8bab-163bb5dd7cc5.jpg.296x216.jpg
20190504,普陀,曹杨,曹杨四村(兰花园) 2室1厅 275万,275万,曹杨四村(兰花园)  | 2室1厅 | 49.87平米 | 南 | 精装,https://image1.ljcdn.com/310000-inspection/test-2f83f0a4-8f63-4cdc-a083-bc5f353818a4.png.296x216.jpg
20190504,普陀,曹杨,曹杨五村(南岭园) 1室0厅 170万,170万,曹杨五村(南岭园)  | 1室0厅 | 30平米 | 南 | 简装,https://image1.ljcdn.com/310000-inspection/prod-fa1b44e9-e0b0-42c9-8032-3d790291277a.jpg.296x216.jpg
20190504,普陀,曹杨,售后公房，近地铁，前方无遮挡，,248万,曹杨五村(芙蓉园)  | 1室1厅 | 47.11平米 | 南 | 简装,https://image1.ljcdn.com/310000-inspection/prod-9ca19bc9-0d45-4713-9101-fc0a3dc2f392.jpg.296x216.jpg
20190504,普陀,曹杨,曹杨六村(沙溪园) 1室1厅 142万,142万,曹杨六村(沙溪园)  | 1室1厅 | 22.3平米 | 西北 | 精装 | 无电梯,https://image1.ljcdn.com/310000-inspection/prod-58a22a47-f163-4c11-91b5-69dc3b2031a8.jpg.296x216.jpg
20190504,普陀,曹杨,近地铁曹杨路站，遥望环球港，朝南大一房，通明户型！,228万,曹杨六村(沙溪园)  | 1室1厅 | 43.09平米 | 南 | 简装 | 无电梯,https://image1.ljcdn.com/310000-inspection/prod-555c12e3-272c-4858-8d6d-1a462cd8aebb.jpg.296x216.jpg
20190504,普陀,曹杨,曹杨六村 沙溪园 近环球港 曹杨路地铁站 地段优越！,199万,曹杨六村(沙溪园)  | 1室1厅 | 36.25平米 | 南 | 简装 | 无电梯,https://image1.ljcdn.com/310000-inspection/prod-059fd9e5-441e-4d55-a81b-29b823c80047.jpg.296x216.jpg
20190504,普陀,曹杨,杏园 1室0厅 170万,170万,杏园  | 1室0厅 | 26.47平米 | 南 | 其他 | 无电梯,https://image1.ljcdn.com/310000-inspection/prod-3698169f-8621-4492-a0e5-2c447acdfcb0.jpg.296x216.jpg
20190504,普陀,曹杨,风回云断雨初晴 曹杨九村房全明 看房方便 业主诚售！,173万,曹杨九村  | 1室0厅 | 29.23平米 | 南 | 简装 | 无电梯,https://image1.ljcdn.com/310000-inspection/test-4eec621e-01a0-4400-bc98-011054f6553f.png.296x216.jpg
20190504,普陀,曹杨,中间楼层+总价低+拎包入住+诚意出售！！！,170万,杏园  | 1室0厅 | 29.12平米 | 西北 | 简装 | 无电梯,https://image1.ljcdn.com/310000-inspection/test-c4005e58-8d8d-497d-99f2-08627de53f01.png.296x216.jpg
20190504,普陀,曹杨,少日春怀似酒浓 九村精装喜相逢 看房方便 业主诚售,187万,曹杨九村  | 1室0厅 | 28.68平米 | 南 | 精装 | 无电梯,https://image1.ljcdn.com/310000-inspection/prod-77097c9f-f3bf-48b3-8080-e8178e59e49e.jpg.296x216.jpg
20190504,普陀,曹杨,梅岭支路85弄 1室0厅 185万,185万,梅岭支路85弄  | 1室0厅 | 26.32平米 | 南 | 其他 | 无电梯,https://image1.ljcdn.com/310000-inspection/test-ec2bf71d-c8c4-4be3-a507-b36d68a417b3.png.296x216.jpg
20190504,普陀,曹杨,兰花园 正规两室一厅 西边套全明 精装修 拎包入住！新上,395万,曹杨四村(兰花园)  | 2室1厅 | 67.65平米 | 南 | 精装 | 无电梯,https://image1.ljcdn.com/310000-inspection/prod-cce59647-9183-4be6-8b9a-6295362d4056.jpg.296x216.jpg
20190504,普陀,曹杨,婚房装修 交通便利 诚意出售 价格可议 小区环境较好！,205万,梅岭支路85弄  | 1室1厅 | 37.71平米 | 南 | 精装 | 无电梯,https://image1.ljcdn.com/shfdfs-image/20171224/8daefe26-e648-4094-a2e1-88c3a019de4a.jpg.296x216.jpg
20190504,普陀,曹杨,一门关小户型，楼层高，总价低，满五唯一税费少,210万,曹杨三村(兰岭园)  | 1室1厅 | 37.85平米 | 南 | 简装 | 无电梯,https://image1.ljcdn.com/shfdfs-image/20170319/275db96b-942e-49a2-a41d-bcd50d061af7.jpg.296x216.jpg
20190504,普陀,曹杨,房东诚意出售委托 ，近地铁，满四不唯一,263万,曹杨二村  | 2室0厅 | 43.97平米 | 南 | 简装 | 无电梯,https://image1.ljcdn.com/310000-inspection/135799ab-0760-4b60-90a6-fa6279ba1bd0.JPG.296x216.jpg
20190504,普陀,曹杨,香山苑 2室2厅 645万,645万,香山苑  | 2室2厅 | 109.86平米 | 西南 | 简装 | 有电梯,https://image1.ljcdn.com/310000-inspection/d4e72b5d-b354-44a1-9e90-1ba87b266f4c.JPG.296x216.jpg
20190504,普陀,曹杨,此房满五唯一，小区正中边套，业主在旁边上班看房方便,260万,曹杨五村(芙蓉园)  | 1室1厅 | 43.34平米 | 南 | 精装,https://image1.ljcdn.com/310000-inspection/rsp_pic_upload93abfb08-630a-48a6-be8c-0f76fd302fc7.JPG.296x216.jpg
20190504,普陀,曹杨,轨交两房，业主置换，户型正气，看房随时,320万,曹杨七村  | 2室1厅 | 60.8平米 | 南 北 | 简装 | 无电梯,https://image1.ljcdn.com/310000-inspection/rsp_pic_upload8dd47b42-b9d6-4442-a216-fa07a395ba7a.JPG.296x216.jpg
20190504,普陀,曹杨,楼层好，全明户型，大二房，业主诚意卖 满五不唯一,620万,梅岭苑  | 2室2厅 | 105.81平米 | 东 | 简装 | 有电梯,https://image1.ljcdn.com/shfdfs-image/20170716/a92f00e4-d64f-4188-9422-0a0cddeab1f4.jpg.296x216.jpg
20190504,普陀,曹杨,正气双朝南两房，交通方便，诚意出售，看房方便,285万,曹杨三村(兰岭园)  | 2室1厅 | 53.08平米 | 南 | 简装 | 无电梯,https://image1.ljcdn.com/shfdfs-image/20171004/9b67a9bc-957d-4b17-bc9d-2fdd3a2b58d4.jpg.296x216.jpg
20190504,普陀,曹杨,精装两房 带客厅 装修保养很好,355万,曹杨五村(芙蓉园)  | 2室1厅 | 67.72平米 | 南 | 精装 | 无电梯,https://image1.ljcdn.com/shfdfs-image/20171014/d4e6ff1b-bca1-47df-80f0-1575a8c07ede.jpg.296x216.jpg
20190504,普陀,曹杨,曹杨七村 2室1厅 380万新上,380万,曹杨七村  | 2室1厅 | 60.6平米 | 南 | 简装 | 无电梯,https://image1.ljcdn.com/310000-inspection/0421871f-9379-442f-ac47-41a069c9a74c.jpg.296x216.jpg
20190504,普陀,曹杨,一门关小户型，房型正气，诚意出售,245万,曹杨三村(兰岭园)  | 2室1厅 | 48.81平米 | 南 | 简装 | 无电梯,https://image1.ljcdn.com/shfdfs-image/20170314/ba5bf3e1-d231-49fb-b6ad-ff37065cfe08.jpg.296x216.jpg
20190504,普陀,曹杨,全南户型  采光好  无遮挡 户型方正,222万,曹杨三村(杏杨园)  | 1室1厅 | 40平米 | 南 | 简装 | 无电梯,https://image1.ljcdn.com/shfdfs-image/20171203/8fe9cec4-aa17-4f6d-825e-82551fc55eba.jpg.296x216.jpg
20190504,普陀,曹杨,板式户型，一梯两户，02年竣工！满五自住，近地铁！房主自荐,720万,银都名庭  | 2室2厅 | 103.25平米 | 南 | 精装 | 有电梯,https://image1.ljcdn.com/310000-inspection/cc6e547d-ee32-4737-999a-4acd30cf02e9.JPG.296x216.jpg
20190504,普陀,曹杨,欧式建筑风格，户型正气，地段佳,650万,沙田新苑  | 2室1厅 | 101.3平米 | 东 | 精装 | 有电梯,https://image1.ljcdn.com/shfdfs-image/20170930/e7a5fb1e-b276-47a0-8dd2-40800c896713.jpg.296x216.jpg
20190504,普陀,曹杨,南北户型  东边套 采光好 有钥匙 房东诚意出售,375万,金梅园  | 2室1厅 | 58.21平米 | 南 | 简装 | 无电梯,https://image1.ljcdn.com/310000-inspection/rsp_pic_uploadf9b4a16d-a212-48b9-a756-ad48c564e651.JPG.296x216.jpg
20190504,普陀,曹杨,观环球港 置换诚意出售，满五唯一，减税，户型正气。,1060万,沙田新苑  | 3室2厅 | 143.25平米 | 南 | 精装 | 有电梯,https://image1.ljcdn.com/shfdfs-image/20170723/dda0960e-f4d9-4d31-969a-46906424cd6f.jpg.296x216.jpg
20190504,普陀,曹杨,满五 双南一北 双天井 采光好无遮挡 看房方便,420万,曹杨五村(金岭园)  | 3室1厅 | 72.36平米 | 南 | 简装 | 无电梯,https://image1.ljcdn.com/x-se/hdic-frame/ae3a4a33-8da9-4705-bdd1-9e9b55fa5312.png.280x210.jpg
20190504,普陀,曹杨,全明两房两厅，精装修，动迁房！随时可以看房！,600万,梅岭苑  | 2室2厅 | 98.25平米 | 南 | 精装 | 有电梯,https://image1.ljcdn.com/310000-inspection/7f8909ca-b5dc-4fb9-af29-0529faadb359.JPG.296x216.jpg
20190504,普陀,曹杨,精装修 楼层好 配套设施齐 交通便利 诚意售,225万,曹杨三村(兰岭园)  | 1室1厅 | 41.24平米 | 南 | 精装 | 无电梯,https://image1.ljcdn.com/310000-inspection/db94219c-b417-4378-9317-0759e84585f4.JPG.296x216.jpg
20190504,普陀,曹杨,经典小户型两房，婚房装修，南北通透，小区闹中取静，,280万,曹杨四村(桐柏园)  | 2室1厅 | 51.22平米 | 南 北 | 精装 | 无电梯,https://image1.ljcdn.com/310000-inspection/4439ce1b-a61d-45ac-9fd9-c2a1f94cae60.JPG.296x216.jpg
20190504,普陀,曹杨,曹杨五村 售后公房3房 双南一北 一梯三户 看房方便,455万,曹杨五村(金岭园)  | 3室1厅 | 74.59平米 | 南 | 简装 | 无电梯,https://image1.ljcdn.com/310000-inspection/3096c021-14e3-4f41-869c-8a23ecb680d0.JPG.296x216.jpg
20190504,普陀,曹杨,电梯双西两房！户型正气！看房方便！房东零税费！,410万,梅岭苑  | 2室1厅 | 67.04平米 | 西南 | 毛坯 | 有电梯,https://image1.ljcdn.com/shfdfs-image/20170604/26c3891a-fa18-4ce3-8e1d-692885417737.jpg.296x216.jpg
20190504,普陀,曹杨,三规交汇 视野开阔 厅南北通透 两南一北 格局方正正气,1100万,沙田新苑  | 3室2厅 | 152.09平米 | 南 北 | 精装 | 有电梯,https://image1.ljcdn.com/310000-inspection/rsp_pic_upload728d9a56-b3e5-4688-858b-290006505266.JPG.296x216.jpg
20190504,普陀,曹杨,97年商品房，标准南北两房，诚意出售,420万,花溪园  | 2室1厅 | 70.74平米 | 南 | 简装 | 无电梯,https://image1.ljcdn.com/shfdfs-image/20171210/869f4b37-d516-425a-a023-c0162551334a.jpg.296x216.jpg
20190504,普陀,曹杨,经典南北房型 全明户型 边套无遮挡,270万,曹杨九村  | 2室1厅 | 47.8平米 | 南 北 | 简装 | 无电梯,https://image1.ljcdn.com/310000-inspection/a568642a-0e8a-498b-bcd9-524e5256bb0c.JPG.296x216.jpg
20190504,普陀,曹杨,一口价，四轨交汇 沙田新苑1房改2房   随时方便看房,460万,沙田新苑  | 2室1厅 | 70平米 | 南 | 精装 | 有电梯,https://image1.ljcdn.com/310000-inspection/rsp_pic_upload01ef96ed-b5a2-4a96-b12a-1ac3c05ce2c4.JPG.296x216.jpg
20190504,普陀,曹杨,房龄新 板式楼房 商品房 满五唯一 拎包入住,268万,梅岭苑  | 1室1厅 | 44.57平米 | 南 | 精装 | 有电梯,https://image1.ljcdn.com/310000-inspection/456558b1-f641-4ddc-9d11-8a19b0f22e7f.JPG.296x216.jpg
20190504,普陀,曹杨,曹杨华庭 6室4厅 2100万,2100万,曹杨华庭  | 6室4厅 | 298平米 | 暂无数据 | 精装 | 有电梯,https://image1.ljcdn.com/shfdfs-image/20170721/1eda40a8-091b-4968-bb9b-05100b933f6b.jpg.296x216.jpg
20190504,普陀,曹杨,靠内环小户型 朝南1房 得房率高 地铁3，4,11，13号线,203万,梅岭支路85弄  | 1室1厅 | 37.73平米 | 南 | 简装 | 无电梯,https://image1.ljcdn.com/310000-inspection/2aaff170-52b7-4013-98f7-d35d7c4d6c3f.jpg.296x216.jpg
20190504,普陀,曹杨,售后公房，南北户型，小区中间位置，交通便利,450万,金梅园  | 2室1厅 | 75.5平米 | 南 | 简装 | 无电梯,https://image1.ljcdn.com/310000-inspection/0c191257-8b9b-4ff2-928c-1585ac7a34b9.JPG.296x216.jpg
20190504,普陀,曹杨,杏园一楼+南北 通明+吧 交通便利+诚意出售,290万,杏园  | 2室1厅 | 49.84平米 | 南 | 简装 | 无电梯,https://image1.ljcdn.com/310000-inspection/92706ea3-2cfe-4087-9c7b-6c0312f30399.JPG.296x216.jpg
20190504,普陀,曹杨,小户型，阳光明媚，满5唯一，看房方便,150万,曹杨二村  | 1室0厅 | 31.49平米 | 南 | 简装 | 无电梯,https://image1.ljcdn.com/310000-inspection/96676e21-6b81-4908-94ac-68ae930d3eb0.JPG.296x216.jpg
20190504,普陀,曹杨,曹杨四村(兰花园) 1室1厅 220万,220万,曹杨四村(兰花园)  | 1室1厅 | 40.87平米 | 南 | 简装 | 无电梯,https://image1.ljcdn.com/x-se/hdic-frame/4aa206b0-1428-4e3c-a059-989b98bc4265.png.280x210.jpg
20190504,普陀,曹杨,朝春 南北两房 采光好 无遮挡 近地铁11号线枫桥路站,275万,曹杨二村  | 2室1厅 | 52.61平米 | 南 北 | 简装 | 无电梯,https://image1.ljcdn.com/310000-inspection/0c11f8d4-fdb2-4a3f-a3d7-4a22f1486f4a.JPG.296x216.jpg
20190504,普陀,曹杨,曹杨三村 楼层佳 近普陀医院 商圈成熟,239万,曹杨三村(兰岭园)  | 1室1厅 | 41.55平米 | 南 | 精装 | 无电梯,https://image1.ljcdn.com/310000-inspection/rsp_pic_upload2c8a2d87-3a9f-428d-951d-9a86b6aa1886.JPG.296x216.jpg
20190504,普陀,曹杨,近地铁 南北通两房 小区中间位置,285万,曹杨六村(沙溪园)  | 2室1厅 | 53平米 | 南 | 简装,https://image1.ljcdn.com/310000-inspection/0466cdcc-4166-4c8c-9d50-14508a29c8f7.JPG.296x216.jpg
20190504,普陀,曹杨,芙蓉园一房  近地铁 闹中取静  环境良好,265万,曹杨五村(芙蓉园)  | 1室1厅 | 47.11平米 | 南 | 精装,https://image1.ljcdn.com/310000-inspection/572622e6-4c46-44db-814f-84df171e2479.JPG.296x216.jpg
20190504,普陀,曹杨,曹杨六村(兰溪园) 2室1厅 285万,285万,曹杨六村(兰溪园)  | 2室1厅 | 49.28平米 | 南 | 简装 | 无电梯,https://image1.ljcdn.com/310000-inspection/d8e1e891-77b7-4e5e-b67c-8e85ab2ede04.JPG.296x216.jpg
20190504,普陀,曹杨,曹杨二村近地铁11号线枫桥站 南北全明两房 楼层好,305万,曹杨二村  | 2室2厅 | 65.37平米 | 南 | 简装 | 无电梯,https://image1.ljcdn.com/310000-inspection/5bc3d39e-c6dd-407f-9a4c-5d4fa597e916.JPG.296x216.jpg
20190504,普陀,曹杨,楼层采光好，小户型，总价低采光好，环境优美,232万,曹杨三村(杏杨园)  | 1室1厅 | 40平米 | 南 北 | 简装 | 无电梯,https://image1.ljcdn.com/310000-inspection/358d0bb6-e3be-45f6-bfd7-7ed00ea94291.jpg_600x450.jpg.296x216.jpg
20190504,普陀,曹杨,满五唯一 电梯双南两房！户型正气！看房方便！,375万,梅岭苑  | 2室1厅 | 69.82平米 | 南 | 简装 | 有电梯,https://image1.ljcdn.com/310000-inspection/rsp_pic_uploadeaf38cdd-7cb0-4a15-b169-539358089c8d.JPG.296x216.jpg
20190504,普陀,曹杨,交通便利 四轨交通 配套齐全 金环球港 小区安静,265万,曹杨六村(沙溪园)  | 2室1厅 | 49.3平米 | 南 | 精装 | 无电梯,https://image1.ljcdn.com/310000-inspection/rsp_pic_upload0dbdb656-448d-4545-adaa-78e17a6261f5.JPG.296x216.jpg
20190504,普陀,曹杨,曹杨四村 南北通透 全明 地铁近,300万,曹杨四村(桐柏园)  | 2室1厅 | 47.82平米 | 南 北 | 简装 | 无电梯,https://image1.ljcdn.com/310000-inspection/cbf86dcb-5089-40fc-9d7a-906bc02461d2.JPG.296x216.jpg
20190504,普陀,曹杨,曹杨三村(杏杨园) 3室0厅 430万,430万,曹杨三村(杏杨园)  | 3室0厅 | 64.85平米 | 南 北 | 精装 | 无电梯,https://image1.ljcdn.com/310000-inspection/c4a05f67-ed62-444e-a909-1ebaaa102b75.JPG.296x216.jpg
20190504,普陀,曹杨,曹杨三村(杏杨园) 2室1厅 330万,330万,曹杨三村(杏杨园)  | 2室1厅 | 51.39平米 | 南 | 简装 | 无电梯,https://image1.ljcdn.com/310000-inspection/1d83e66d-8f44-413f-8378-eefdac7e456d.JPG.296x216.jpg
20190504,普陀,曹杨,曹杨六村(沙溪园) 2室0厅 275万,275万,曹杨六村(沙溪园)  | 2室0厅 | 44.16平米 | 南 | 其他 | 无电梯,https://image1.ljcdn.com/310000-inspection/a32a1ae4-5a22-422d-b154-d0666c557ff1.jpg.296x216.jpg
20190504,普陀,曹杨,曹杨二村朝南一门关一房，采光通风好，看房方便,168万,曹杨二村  | 1室0厅 | 34.31平米 | 南 | 简装 | 无电梯,https://image1.ljcdn.com/310000-inspection/rsp_pic_uploadb8611b9c-65ef-4aa3-8d25-de0321936996.JPG.296x216.jpg
20190504,普陀,曹杨,曹杨五村(杏梅园) 2室0厅 235万,235万,曹杨五村(杏梅园)  | 2室0厅 | 38.35平米 | 南 | 精装 | 无电梯,https://image1.ljcdn.com/x-se/hdic-frame/043bedf2-7c7e-4d2c-bcdf-0569a2d06cd2.png.280x210.jpg
20190504,普陀,曹杨,实惠朝南两室户，视野开阔，业主新房已买好，诚意出售房主自荐,275万,曹杨四村(枣阳园)  | 2室1厅 | 47.82平米 | 暂无数据 | 精装,https://image1.ljcdn.com/x-se/hdic-frame/d448156d-c24d-4acc-ac41-6ac013358dcf.png.280x210.jpg
20190504,普陀,曹杨,南北全明 正气两房 交通便利 配套齐全看房方便,270万,曹杨三村(杏杨园)  | 2室1厅 | 48.88平米 | 南 | 精装 | 无电梯,https://image1.ljcdn.com/x-se/hdic-frame/3eb76d6e-b0d0-470c-9b19-0faf2a835c70.png.280x210.jpg
20190504,普陀,曹杨,曹杨五村 满五唯一 双南 采光好无遮挡 看房方便,300万,曹杨五村(南杨园)  | 2室1厅 | 52.33平米 | 南 | 简装 | 无电梯,https://image1.ljcdn.com/x-se/hdic-frame/30890b23-6a70-4eec-835e-115900b5ea96.png.280x210.jpg
20190504,普陀,曹杨,3.4.11.13号线四轨交汇，环球港，紧贴内环，减税,820万,常高公寓  | 3室2厅 | 153.97平米 | 南 北 | 精装 | 有电梯,https://image1.ljcdn.com/310000-inspection/91eafd5b-454b-4c99-b06e-95922ca341c8.jpg.296x216.jpg
20190504,普陀,曹杨,安居兰庭   电梯两房两厅 带产权车位 看房预约,770万,安居兰庭  | 2室2厅 | 87.07平米 | 南 | 精装 | 有电梯,https://image1.ljcdn.com/shfdfs-image/20160519/00430142-caed-4683-9342-e2cc4cdd086c.jpg.296x216.jpg
20190504,普陀,曹杨,曹杨五村(梅花园) 2室1厅 280万,280万,曹杨五村(梅花园)  | 2室1厅 | 47.83平米 | 南 | 精装 | 无电梯,https://image1.ljcdn.com/x-se/hdic-frame/508a371a-056f-469a-b80d-144213762d0a.png.280x210.jpg
20190504,普陀,曹杨,曹杨五村(梅花园) 3室0厅 380万,380万,曹杨五村(梅花园)  | 3室0厅 | 65.8平米 | 南 | 简装 | 无电梯,https://image1.ljcdn.com/x-se/hdic-frame/b1a1c179-8676-404c-8a0a-32e5160fcad1.png.280x210.jpg
20190504,普陀,曹杨,曹杨七村 1室0厅 177万,177万,曹杨七村  | 1室0厅 | 35.88平米 | 南 | 简装 | 无电梯,
20190504,普陀,曹杨,低总价 两房 业主诚信出售  看房方便,240万,杏园  | 2室0厅 | 42.23平米 | 南 北 | 简装 | 无电梯,https://image1.ljcdn.com/310000-inspection/1ac9db07-3281-4f82-ac89-8b0ee529c7bb.JPG.296x216.jpg
20190504,普陀,曹杨,曹杨五村(芙蓉园) 2室1厅 270万,270万,曹杨五村(芙蓉园)  | 2室1厅 | 50平米 | 南 | 简装,https://image1.ljcdn.com/shfdfs-image/20151008/e55a30e8-46ec-487e-a539-2e7460102ad3.jpg.296x216.jpg
20190504,普陀,曹杨,满五唯一，总价低，降低购房成本，产权清晰,205万,杏园  | 2室0厅 | 42.28平米 | 南 | 简装 | 无电梯,https://image1.ljcdn.com/310000-inspection/61756499-4f5d-4e98-8350-3a5c4010abb7.JPG.296x216.jpg
20190504,普陀,曹杨,近3.4.13号线 南北通两房 满五唯一 价格可谈 诚意卖,300万,梅岭支路85弄  | 2室1厅 | 53.95平米 | 南 | 简装 | 无电梯,https://image1.ljcdn.com/x-se/hdic-frame/ab8dd01d-69ea-495f-bd81-cfce15291b65.png.280x210.jpg
20190504,普陀,曹杨,南北温馨小户型，房型正气，视野开阔，诚意出售新上,270万,曹杨三村(杏杨园)  | 2室1厅 | 50.04平米 | 南 北 | 简装 | 无电梯,https://image1.ljcdn.com/x-se/hdic-frame/c372ce2c-fa0e-426a-81b1-fbf0a30ffde7.png.280x210.jpg
20190504,普陀,曹杨,曹杨人气小区，杏园两室户，小区四楼南北套 诚意售,220万,杏园  | 2室1厅 | 42.23平米 | 南 | 简装 | 无电梯,https://image1.ljcdn.com/310000-inspection/a2a5fa94-1ecf-4859-ad6f-874624b60548.jpg.296x216.jpg
20190504,普陀,曹杨,杏园 曹杨人气小区，普通住宅无增值税！诚意出售！,270万,杏园  | 2室1厅 | 53.63平米 | 西南 东北 | 简装 | 无电梯,https://image1.ljcdn.com/x-se/hdic-frame/1d285989-c897-4ef2-b542-b0af1d71f608.png.280x210.jpg
20190504,普陀,曹杨,三轨交通,近内环环球港边,朝南一室户，随时看。,238万,曹杨五村(杏梅园)  | 1室1厅 | 46.92平米 | 南 | 精装,https://image1.ljcdn.com/310000-inspection/test-b10738c6-f7d9-4f71-b5a7-ac714742cac6.png.296x216.jpg
20190504,普陀,曹杨,曹杨五村(梅花园) 2室2厅 300万,300万,曹杨五村(梅花园)  | 2室2厅 | 47.83平米 | 南 | 简装 | 无电梯,https://image1.ljcdn.com/x-se/hdic-frame/508a371a-056f-469a-b80d-144213762d0a.png.280x210.jpg
20190504,普陀,曹杨,曹杨一村 3室1厅 450万,450万,曹杨一村  | 3室1厅 | 71.21平米 | 南 | 其他 | 无电梯,
20190504,普陀,曹杨,曹杨六村(兰溪园) 1室1厅 290万,290万,曹杨六村(兰溪园)  | 1室1厅 | 46.14平米 | 南 | 简装,https://image1.ljcdn.com/x-se/hdic-frame/1fbf6380-d24b-4158-b523-bf627ed09198.png.280x210.jpg
20190504,普陀,曹杨,3、4、13号地铁 采光好南北通风二房,320万,曹杨五村(南杨园)  | 2室1厅 | 53.53平米 | 南 北 | 简装 | 无电梯,
20190504,普陀,曹杨,安居兰庭 2室2厅 800万,800万,安居兰庭  | 2室2厅 | 87.7平米 | 南 | 其他 | 有电梯,https://image1.ljcdn.com/x-se/hdic-frame/3735252e-8ee2-485e-8f68-a7698ec4e3e2.png.280x210.jpg
20190504,普陀,曹杨,安天大厦 2房间1卫 130万,130万,安天大厦  | 1室1厅 | 40.41平米 | 南 | 精装 | 有电梯,https://image1.ljcdn.com/x-se/hdic-frame/257c3f95-0d06-4a9a-bb54-21a99b87540f.png.280x210.jpg
20190504,普陀,曹杨,五星公寓 2室1厅 450万,450万,五星公寓  | 2室1厅 | 86.16平米 | 西南 | 毛坯 | 有电梯,https://image1.ljcdn.com/x-se/hdic-frame/068ed616-a8ab-49a8-b255-588e3a0174ba.png.280x210.jpg
20190504,普陀,曹杨,曹杨五村(梅花园) 2室1厅 290万,290万,曹杨五村(梅花园)  | 2室1厅 | 47.83平米 | 南 | 其他 | 无电梯,https://image1.ljcdn.com/x-se/hdic-frame/508a371a-056f-469a-b80d-144213762d0a.png.280x210.jpg
20190504,普陀,曹杨,贝壳【必看好房】两居双南向，宜家风格，非底楼。,255万,曹杨九村  | 2室0厅 | 42.93平米 | 南 | 精装 | 无电梯,https://image1.ljcdn.com/x-se/hdic-frame/548e049a-b8c7-4fbf-8acb-8ee2e9528320.png.280x210.jpg
20190504,普陀,曹杨,楼层佳，户型正气 ，采光不档，看房方便,227万,曹杨三村  | 1室1厅 | 40.27平米 | 南 | 毛坯 | 无电梯,https://image1.ljcdn.com/x-se/hdic-frame/147fa112-3aab-47e5-b856-29edaa4c72b1.png.280x210.jpg
20190504,普陀,曹杨,曹杨华庭 5室3厅 2200万,2200万,曹杨华庭  | 5室3厅 | 260.79平米 | 南 北 | 其他 | 有电梯,
20190504,普陀,曹杨,梅岭苑 2室1厅 450万,450万,梅岭苑  | 2室1厅 | 67.5平米 | 南 | 其他 | 有电梯,https://image1.ljcdn.com/x-se/hdic-frame/acdb28b4-6178-497d-bc29-f89c663298a1.png.280x210.jpg
20190504,普陀,曹杨,沙田新苑 3室1厅 850万,850万,沙田新苑  | 3室1厅 | 116.14平米 | 南 | 精装 | 有电梯,https://image1.ljcdn.com/x-se/hdic-frame/1fd8f3cf-4668-425b-9057-f7bcdd6878ef.png.280x210.jpg
20190504,普陀,曹杨,双南两房，房型方正，满五唯一。光线无遮挡,250万,曹杨二村  | 2室0厅 | 43.97平米 | 南 | 其他 | 无电梯,
20190504,普陀,曹杨,1994年小区，一梯两户，南北通户型 诚意出售,330万,金梅园  | 2室1厅 | 50.83平米 | 南 北 | 简装 | 无电梯,
