20190504,青浦,夏阳,两房两厅一厨一卫，自住装修，采光充足 无遮挡新上,258万,金地格林郡  | 2室2厅 | 87.29平米 | 南 | 精装 | 有电梯,https://image1.ljcdn.com/310000-inspection/prod-a97151ec-17b1-449d-bf1b-ee2581f7166f.jpg.296x216.jpg
20190504,青浦,夏阳,满五+低总价+户型方正+无抵押无贷款,163万,怡田小区  | 2室1厅 | 56.62平米 | 南 | 简装 | 无电梯,https://image1.ljcdn.com/310000-inspection/prod-e1dfd7c8-ed95-4d53-9ff9-554c2ac7f21d.jpg.296x216.jpg
20190504,青浦,夏阳,怡田小区 经 典三房 位置不错 95年房龄 看房方便可谈,178万,怡田小区  | 3室1厅 | 64.04平米 | 南 | 简装 | 无电梯,https://image1.ljcdn.com/310000-inspection/prod-5ef39762-b845-4d52-a48c-2a1076653c34.jpg.296x216.jpg
20190504,青浦,夏阳,东边套  小三房  配套齐全  地上地下交通都方便！！！,205万,祥龙小区  | 3室1厅 | 65.8平米 | 南 | 简装 | 无电梯,https://image1.ljcdn.com/310000-inspection/prod-da5f8152-e924-45bd-b293-a6aa578a3d5d.jpg.296x216.jpg
20190504,青浦,夏阳,精装经典三房 全明  诚意出售 看房方便,180万,章浜新村  | 3室1厅 | 66平米 | 南 | 精装 | 无电梯,https://image1.ljcdn.com/310000-inspection/test-5eb5e672-06f7-457d-8830-4c96ab3d6675.jpg.296x216.jpg
20190504,青浦,夏阳,中铁逸都 次新房 配套齐全  四面环水,287万,中铁逸都  | 2室1厅 | 90.53平米 | 南 | 精装 | 有电梯,https://image1.ljcdn.com/shfdfs-image/20160830/85dbe168-7258-4755-93d6-5cfe14a5143e.jpg.296x216.jpg
20190504,青浦,夏阳,城东新村精装两房，双南全明户型，诚意出售。,154万,城东新村  | 2室1厅 | 55.51平米 | 南 | 精装 | 无电梯,https://image1.ljcdn.com/310000-inspection/prod-c1b0fc61-98ee-465c-874a-b200c665447e.jpg.296x216.jpg
20190504,青浦,夏阳,稀有低总价两房+东边套+自住精装修+诚心出售,185万,金地格林郡  | 2室1厅 | 55.65平米 | 南 | 精装 | 有电梯,https://image1.ljcdn.com/310000-inspection/test-68052348-894d-46a8-b4e4-4c17c597b338.jpg.296x216.jpg
20190504,青浦,夏阳,婚房装修 两房朝南 全明户型 采光很棒 诚心出售,159万,城东新村  | 2室1厅 | 55.51平米 | 南 | 精装 | 无电梯,https://image1.ljcdn.com/310000-inspection/prod-43c2fb52-f4ef-4bba-99bf-a77c037353c2.jpg.296x216.jpg
20190504,青浦,夏阳,首付171万即仁恒大四房  精装修 品质小区 经典户型新上,490万,仁恒运杰河滨花园  | 4室2厅 | 157.76平米 | 南 | 精装 | 有电梯,https://image1.ljcdn.com/310000-inspection/prod-76e307a5-04ea-4658-bf15-164eddfdf599.jpg.296x216.jpg
20190504,青浦,夏阳,好楼层 好户型 精装自住 配套齐全 出行便利 诚意出售新上,385万,新锦港花园  | 3室2厅 | 129.19平米 | 南 | 精装 | 无电梯,https://image1.ljcdn.com/310000-inspection/prod-a58eee6b-4849-49f3-b5fd-de64721dd29d.jpg.296x216.jpg
20190504,青浦,夏阳,此房农村动迁满五唯一，婚房装修大三房，近宝龙近地铁,327万,佳乐苑  | 3室2厅 | 124.34平米 | 南 | 精装,https://image1.ljcdn.com/310000-inspection/prod-5b7686c9-b852-4008-b7f8-eea150d3d0b6.jpg.296x216.jpg
20190504,青浦,夏阳,配套齐全   纯毛坯3房  交通便利  优于其他房源面积,308万,新城盛景园  | 3室1厅 | 89平米 | 南 | 毛坯 | 有电梯,https://image1.ljcdn.com/310000-inspection/prod-b39e4a0a-cfd0-40ea-8ee4-17398830002d.jpg.296x216.jpg
20190504,青浦,夏阳,单价两万六即购运杰大三房 配套成熟 中间位置,338万,运杰城市花园  | 3室2厅 | 125.52平米 | 南 | 精装 | 有电梯,https://image1.ljcdn.com/310000-inspection/prod-f8e5099c-e103-4c0a-91d5-decd99d31f55.jpg.296x216.jpg
20190504,青浦,夏阳,地铁17号线，精装三房，配套齐全！！！,335万,新城盛景园  | 3室2厅 | 88.03平米 | 南 北 | 精装 | 有电梯,https://image1.ljcdn.com/310000-inspection/prod-0dea7dc0-10f0-4184-9615-226029d166d7.jpg.296x216.jpg
20190504,青浦,夏阳,交通方便，楼层好，配套都有，大露台两房朝南,204万,怡田小区  | 2室2厅 | 74.15平米 | 南 | 简装 | 无电梯,https://image1.ljcdn.com/310000-inspection/prod-64fd00da-3470-4b68-809d-cfe9a7186430.jpg.296x216.jpg
20190504,青浦,夏阳,保安新村 精装双南两房 低楼层 单价低 业主诚心出售,210万,保安新村  | 2室1厅 | 75.84平米 | 南 | 精装 | 无电梯,https://image1.ljcdn.com/310000-inspection/test-243cc870-d6b6-4ba5-a8b7-26baa2baae39.png.296x216.jpg
20190504,青浦,夏阳,价格可谈楼层好边套户型，采光通风效果好，看房有钥匙,144.5万,城东新村  | 2室1厅 | 50.24平米 | 南 | 简装 | 无电梯,https://image1.ljcdn.com/310000-inspection/prod-84ca68f8-5a34-4942-9871-189f0a304b53.jpg.296x216.jpg
20190504,青浦,夏阳,庆华新村 1室1厅 115万,115万,庆华新村  | 1室1厅 | 33.02平米 | 南 | 其他 | 无电梯,https://image1.ljcdn.com/310000-inspection/test-df2bbf30-77bf-488f-bad6-5b21b5f06561.png.296x216.jpg
20190504,青浦,夏阳,夏阳湖国际花园，湖景房，风景悠然,310万,夏阳湖国际花园  | 2室1厅 | 102.13平米 | 南 北 | 毛坯 | 有电梯,https://image1.ljcdn.com/310000-inspection/test-923d19ab-3d34-4af5-a3a5-40eaf45c6c56.png.296x216.jpg
20190504,青浦,夏阳,精装，电梯房，周，边配套齐全，交通便捷。大虹桥板块,278万,青水湾公寓  | 2室1厅 | 80.85平米 | 南 | 精装 | 有电梯,https://image1.ljcdn.com/310000-inspection/test-ab53bf5b-a428-4778-b63b-baa60fd3ed31.png.296x216.jpg
20190504,青浦,夏阳,满五年唯一，城区配套成熟，业主诚售，看房提前预约！,313万,大盈公寓  | 3室2厅 | 128.47平米 | 南 | 精装 | 无电梯,https://image1.ljcdn.com/310000-inspection/prod-f7d8d215-4706-45da-baba-3ce7184ee157.jpg.296x216.jpg
20190504,青浦,夏阳,顺驰蓝湾 2室1厅 348万,348万,顺驰蓝湾  | 2室1厅 | 96.7平米 | 南 | 精装 | 无电梯,https://image1.ljcdn.com/310000-inspection/test-8d65239f-e003-4cc6-b2eb-aa270a877194.png.296x216.jpg
20190504,青浦,夏阳,鑫塔水尚 2016年次新房 带产权车位及精装家具,475万,鑫塔水尚  | 3室2厅 | 130平米 | 南 | 精装,https://image1.ljcdn.com/310000-inspection/test-a9698a65-21fd-491b-9179-b50e91d13320.png.296x216.jpg
20190504,青浦,夏阳,城东新村 业主急售 三房朝南 采光充足 满五唯一,180万,城东新村  | 3室1厅 | 66.23平米 | 南 | 精装 | 无电梯,https://image1.ljcdn.com/310000-inspection/test-6e90e98b-3d36-4b54-af86-038262967563.png.296x216.jpg
20190504,青浦,夏阳,浦汇新村 双南河景两房 全明户型 单价低 诚心出售,185万,浦汇新村  | 2室1厅 | 68.8平米 | 南 | 简装 | 无电梯,https://image1.ljcdn.com/310000-inspection/prod-c4fec203-789f-4032-9575-5915809dda06.jpg.296x216.jpg
20190504,青浦,夏阳,顺驰蓝湾 品质小区  满五唯一 南北通幽,435万,顺驰蓝湾  | 4室2厅 | 135.73平米 | 南 | 精装 | 无电梯,https://image1.ljcdn.com/310000-inspection/prod-efe48144-3364-470d-8daa-4e5e2af310e9.jpg.296x216.jpg
20190504,青浦,夏阳,中间楼层 普通住宅 两房朝南 可改三房,215万,华骥苑  | 2室1厅 | 77.67平米 | 南 | 精装 | 无电梯,https://image1.ljcdn.com/310000-inspection/prod-c1f13180-a29b-4061-8d1c-128916f54c0c.jpg.296x216.jpg
20190504,青浦,夏阳,塔湾新村，低楼层，两南一北户型，诚心出售,230万,塔湾新村(青浦)  | 3室1厅 | 83.17平米 | 南 北 | 简装 | 无电梯,https://image1.ljcdn.com/310000-inspection/test-e30de115-8090-4bed-aa7a-4fcccab9321b.png.296x216.jpg
20190504,青浦,夏阳,夏阳湖国际花园，湖景房，满五唯一，看房方便,420万,夏阳湖国际花园  | 3室2厅 | 146.59平米 | 南 | 精装 | 有电梯,https://image1.ljcdn.com/310000-inspection/prod-7f47f179-7dec-4c37-8d43-e75eac9bd42a.jpg.296x216.jpg
20190504,青浦,夏阳,新城盛景园 2室2厅 295万新上,295万,新城盛景园  | 2室2厅 | 79.17平米 | 南 | 毛坯 | 无电梯,https://image1.ljcdn.com/310000-inspection/prod-8a456d6e-db4c-45d2-a0fb-6f7189e47172.jpg.296x216.jpg
20190504,青浦,夏阳,品质次新小区，精装两房，三开间朝南，进公园超市急售,276万,吉富绅花园  | 2室2厅 | 88.9平米 | 南 | 精装 | 有电梯,https://image1.ljcdn.com/310000-inspection/test-3236624d-9e27-461d-a050-1c3fcd7509b2.png.296x216.jpg
20190504,青浦,夏阳,地铁口，近东门 带阁楼，可做三房两卫，满五唯一,255万,宜达新居  | 2室2厅 | 75.72平米 | 南 | 简装,https://image1.ljcdn.com/310000-inspection/prod-c7bd262f-0d53-49cd-9dfd-43fe961a35a3.jpg.296x216.jpg
20190504,青浦,夏阳,华骥苑 精装三房 全明户型 采光好前后无遮挡 冬暖夏凉房主自荐,268万,华骥苑  | 3室1厅 | 109.88平米 | 南 | 毛坯 | 无电梯,https://image1.ljcdn.com/310000-inspection/test-494033d7-8851-4728-b85b-4638438ca481.png.296x216.jpg
20190504,青浦,夏阳,体育新村 2室1厅 230万,230万,体育新村  | 2室1厅 | 86.9平米 | 南 | 精装,https://image1.ljcdn.com/310000-inspection/test-8286e310-0dfd-4ca7-8935-77566688e483.png.296x216.jpg
20190504,青浦,夏阳,华骥苑 精装三房 全明户型 采光好前后无遮挡 冬暖夏凉,252万,华骥苑  | 3室1厅 | 89.45平米 | 南 | 简装 | 无电梯,https://image1.ljcdn.com/310000-inspection/test-7c5fe02c-319c-48e4-8bd9-692d58ad54db.png.296x216.jpg
20190504,青浦,夏阳,小区少有户型，一楼带花园，总价低！！！,202万,宜达新居  | 2室1厅 | 64.59平米 | 南 | 毛坯,https://image1.ljcdn.com/310000-inspection/prod-fde8c185-99c8-4bad-ba05-ff5c85b3f172.jpg.296x216.jpg
20190504,青浦,夏阳,新出一楼带花园的 小区位置好 诚心卖房主自荐,420万,顺驰蓝湾  | 3室2厅 | 149.11平米 | 南 | 精装 | 无电梯,https://image1.ljcdn.com/310000-inspection/prod-25e146e0-ac0a-4340-89e6-279687d34fff.jpg.296x216.jpg
20190504,青浦,夏阳,金地格林郡 满五唯一 精装自住两房 业主诚意出售,272万,金地格林郡  | 2室2厅 | 80.24平米 | 南 | 精装 | 有电梯,https://image1.ljcdn.com/310000-inspection/prod-e9d344a7-9145-4bab-8ca7-8d78ce7bda03.jpg.296x216.jpg
20190504,青浦,夏阳,地铁17号汇金站！精装修37万，带产权车库！景观楼层！,355万,新城盛景园  | 3室2厅 | 89.42平米 | 南 | 精装 | 有电梯,https://image1.ljcdn.com/310000-inspection/prod-c35ede93-4f7b-45a2-b564-d9c30858b62e.jpg.296x216.jpg
20190504,青浦,夏阳,满五 带装修和露台 业主诚意出售 看房方便,383万,金地格林郡  | 3室2厅 | 137.08平米 | 南 | 精装 | 无电梯,https://image1.ljcdn.com/310000-inspection/prod-f9d6c693-f4cf-4c3d-bed2-71c796e841ba.jpg.296x216.jpg
20190504,青浦,夏阳,梦丹苑一楼大三房，精装修拎包入住。新上,290万,梦丹苑  | 3室2厅 | 107.95平米 | 南 | 精装 | 无电梯,https://image1.ljcdn.com/310000-inspection/prod-7c5486ba-06b0-4c18-89c1-dad33e8b5c39.jpg.296x216.jpg
20190504,青浦,夏阳,华骥苑二区、采光好视野开阔，实际使用面积大，新上,280万,华骥苑  | 3室2厅 | 91.36平米 | 南 | 简装 | 无电梯,https://image1.ljcdn.com/310000-inspection/prod-79b34d09-e321-48af-9bd2-04734db8c3d1.jpg.296x216.jpg
20190504,青浦,夏阳,佳乐苑六楼带阁楼大四房            .,405万,佳乐苑  | 4室2厅 | 160.27平米 | 南 | 精装,https://image1.ljcdn.com/310000-inspection/prod-92d2d5ea-fa7a-4596-a088-e94ee7ed2402.jpg.296x216.jpg
20190504,青浦,夏阳,桂花园西边套，小三房，功能间齐全,227万,桂花园(青浦)  | 3室1厅 | 78.64平米 | 南 | 简装 | 无电梯,https://image1.ljcdn.com/310000-inspection/prod-4e54a4ca-0bfd-47c6-8503-f5c020a3f2ee.jpg.296x216.jpg
20190504,青浦,夏阳,新青浦花苑近轨交17号线，配套完善，期待您的咨询。,308万,新青浦花苑(公寓)  | 3室2厅 | 115.53平米 | 南 | 简装 | 无电梯,https://image1.ljcdn.com/310000-inspection/prod-0a194b49-8e5d-48bd-a90d-3a5b2bc788dd.jpg.296x216.jpg
20190504,青浦,夏阳,双南婚装两年，3楼采光好，业主诚售，可谈,215万,怡田小区  | 2室1厅 | 69.4平米 | 南 | 精装 | 无电梯,https://image1.ljcdn.com/310000-inspection/test-6bccfaf8-bb0d-40ed-9080-96e7e6c3583d.png.296x216.jpg
20190504,青浦,夏阳,精装修正气三房，业主诚意出售，交通便利，生活方便,235万,界泾港新村  | 3室1厅 | 72.94平米 | 南 | 精装 | 无电梯,https://image1.ljcdn.com/310000-inspection/prod-55bf7736-26f5-4757-953f-96295ed7f624.jpg.296x216.jpg
20190504,青浦,夏阳,三楼 三房 户型正气小区中间位置，出门就是小外滩新上,232万,浦汇新村  | 3室1厅 | 79.18平米 | 南 | 简装 | 无电梯,https://image1.ljcdn.com/310000-inspection/prod-b24e22da-d51f-4248-b282-f938e81e3f57.jpg.296x216.jpg
20190504,青浦,夏阳,经典新城大三房，精装修，拎包入住，满五年，税费少,455万,新城盛景园  | 3室2厅 | 124平米 | 南 | 精装 | 无电梯,https://image1.ljcdn.com/310000-inspection/prod-561f75ec-dbea-49d3-beb7-50134d0218a6.jpg.296x216.jpg
20190504,青浦,夏阳,仁恒品质，景观楼层，中 央空调加地暖，四开间朝南,500万,仁恒运杰河滨花园  | 4室2厅 | 157.54平米 | 南 | 精装 | 有电梯,https://image1.ljcdn.com/310000-inspection/prod-818ef622-7aa1-4499-b488-0173449342d1.jpg.296x216.jpg
20190504,青浦,夏阳,体育新村 2室1厅 220万,220万,体育新村  | 2室1厅 | 82平米 | 暂无数据 | 精装,https://image1.ljcdn.com/310000-inspection/prod-cfb777a5-5400-4b83-b0b6-e76855d3f4b9.jpg.296x216.jpg
20190504,青浦,夏阳,大四房，满五唯一，一手动迁，精装自住,380万,佳乐苑  | 4室2厅 | 160.27平米 | 南 北 | 精装,https://image1.ljcdn.com/310000-inspection/prod-5f945271-cb67-4e76-bb2d-9713beac71ea.jpg.296x216.jpg
20190504,青浦,夏阳,精装好房，无抵押，满五唯一，诚心出售,165万,祥龙小区  | 2室1厅 | 56.41平米 | 南 | 精装 | 无电梯,https://image1.ljcdn.com/310000-inspection/prod-6dbb03f4-dcdd-42f5-93a3-db8ce05cb5df.jpg.296x216.jpg
20190504,青浦,夏阳,地铁口，精装修 带阁楼，通透明亮，可做三房两卫,268万,宜达新居  | 2室2厅 | 77.86平米 | 南 | 精装,https://image1.ljcdn.com/310000-inspection/prod-d1268217-2c8c-43c6-93a4-4fbd90db20de.jpg.296x216.jpg
20190504,青浦,夏阳,三房两厅  得房率高 带花园 满五唯一,270万,桂花园(青浦)  | 3室2厅 | 108.47平米 | 南 | 精装 | 无电梯,https://image1.ljcdn.com/310000-inspection/prod-828c5daf-3a4f-40be-b5f2-71afa49ced45.jpg.296x216.jpg
20190504,青浦,夏阳,庆华新村 2室1厅 152万新上,152万,庆华新村  | 2室1厅 | 51.12平米 | 南 | 精装 | 无电梯,https://image1.ljcdn.com/310000-inspection/prod-8e3a4add-28ae-42b9-a4af-cdd0eba98a5f.jpg.296x216.jpg
20190504,青浦,夏阳,顶楼复式+附带三个大露台+自住精装修拎包入住,440万,金地格林郡  | 4室3厅 | 165.09平米 | 南 | 精装 | 无电梯,https://image1.ljcdn.com/310000-inspection/prod-ae6550be-cbc3-405d-a070-54cb0859660e.jpg.296x216.jpg
20190504,青浦,夏阳,顺驰蓝湾 3室2厅 430万房主自荐,430万,顺驰蓝湾  | 3室2厅 | 135.12平米 | 南 | 精装 | 无电梯,https://image1.ljcdn.com/310000-inspection/prod-8341366e-4777-4b62-b0ca-5ff03117460b.jpg.296x216.jpg
20190504,青浦,夏阳,地铁，经典一房，大虹桥板块，环境美。精装,185万,青水湾公寓  | 1室1厅 | 50.36平米 | 南 | 简装 | 有电梯,https://image1.ljcdn.com/310000-inspection/prod-1a03eae3-42ae-4528-b04b-a6495cb82c88.jpg.296x216.jpg
20190504,青浦,夏阳,鑫塔水尚品质小区，地暖社区人车分流。,320万,鑫塔水尚  | 2室2厅 | 91.46平米 | 南 北 | 精装,https://image1.ljcdn.com/310000-inspection/prod-bec5d4ea-6bd5-4938-a3e5-53536f675da3.jpg.296x216.jpg
20190504,青浦,夏阳,夏阳湖国际花园，交通便利，装修不错，位置好,330万,夏阳湖国际花园  | 3室2厅 | 126.56平米 | 南 | 精装 | 有电梯,https://image1.ljcdn.com/310000-inspection/prod-94c9d66a-25ce-4976-8f7d-8b582bb02b71.jpg.296x216.jpg
20190504,青浦,夏阳,近地铁 精装三房，全明户型，配套齐全，小区户型。,206万,怡田小区  | 3室1厅 | 68.7平米 | 南 | 精装 | 无电梯,https://image1.ljcdn.com/310000-inspection/prod-dd34d5cf-ebe6-4c40-8d86-d335faa726d1.jpg.296x216.jpg
20190504,青浦,夏阳,运杰中间楼层带产权车位，有钥匙随时看房，诚心出售,398万,运杰城市花园  | 3室2厅 | 147.09平米 | 南 | 简装 | 有电梯,https://image1.ljcdn.com/310000-inspection/prod-3bf8eb38-c72c-4796-aace-125577b224f1.jpg.296x216.jpg
20190504,青浦,夏阳,此房是婚房装修，保养好，税费少，配套齐全，交通便利,326.5万,新城盛景园  | 3室2厅 | 86.19平米 | 南 北 | 精装 | 无电梯,https://image1.ljcdn.com/310000-inspection/prod-eef4c768-57ce-46af-bd3a-f7b477c3175a.jpg.296x216.jpg
20190504,青浦,夏阳,精装修带花园，满五年税费少，视野开阔采光好,265万,新城盛景园  | 3室2厅 | 71.12平米 | 南 | 精装 | 无电梯,https://image1.ljcdn.com/310000-inspection/prod-9b393730-5bd6-4922-8dd0-19adb5c9d74f.jpg.296x216.jpg
20190504,青浦,夏阳,三室两厅两卫，业主诚意出售，满五唯一,350万,晨兴公寓  | 3室2厅 | 122.42平米 | 南 | 精装 | 无电梯,https://image1.ljcdn.com/310000-inspection/prod-6585c1d3-9af3-4f75-b015-968c011117d6.jpg.296x216.jpg
20190504,青浦,夏阳,界泾港新村  双南两房 中间楼层 低总价,190万,界泾港新村  | 2室1厅 | 62.94平米 | 南 | 简装 | 无电梯,https://image1.ljcdn.com/310000-inspection/prod-d7aab522-ad60-468f-952a-ca0293444353.jpg.296x216.jpg
20190504,青浦,夏阳,精装小两房 近东门 进出便利 中间楼层 无遮挡,240万,宜达新居  | 2室1厅 | 60.05平米 | 南 | 精装,https://image1.ljcdn.com/310000-inspection/prod-4e194534-7035-497d-9445-83f979056d78.jpg.296x216.jpg
20190504,青浦,夏阳,南花园，地下室采光井朝南，采光好。3开间朝南,275万,金地格林郡  | 2室2厅 | 85.11平米 | 南 | 精装 | 有电梯,https://image1.ljcdn.com/310000-inspection/prod-e109272c-e223-49be-8cd9-b555a071a551.jpg.296x216.jpg
20190504,青浦,夏阳,新上房源 双南户型诚意出售 价格可谈 拎包入住,215万,浦汇新村  | 3室1厅 | 79.31平米 | 南 | 简装 | 无电梯,https://image1.ljcdn.com/310000-inspection/prod-ab0e53fa-bd17-4dfd-9aac-18fb080f31c9.jpg.296x216.jpg
20190504,青浦,夏阳,体育新村 2室2厅 250万,250万,体育新村  | 2室2厅 | 82.31平米 | 南 | 其他 | 有电梯,https://image1.ljcdn.com/310000-inspection/test-4ed31e9d-23b8-435f-889c-bc494ef0a1c1.png.296x216.jpg
20190504,青浦,夏阳,非底楼，毛坯可自己装修 大三房 采光无影响,335万,佳乐苑  | 3室2厅 | 129.71平米 | 南 | 毛坯 | 有电梯,https://image1.ljcdn.com/310000-inspection/prod-0d82e629-7bd7-47c6-a5e8-6f87db530d15.jpg.296x216.jpg
20190504,青浦,夏阳,夏阳湖国际花园 3室2厅 400万,400万,夏阳湖国际花园  | 3室2厅 | 135.21平米 | 南 | 精装 | 有电梯,https://image1.ljcdn.com/310000-inspection/prod-81e5b2f1-21de-4c63-8ae0-711f5fa6d263.jpg.296x216.jpg
20190504,青浦,夏阳,小区北门位置，房型比较正气，近地铁口，三房两卫,355万,新青浦佳园  | 3室2厅 | 128.05平米 | 南 | 精装 | 无电梯,https://image1.ljcdn.com/310000-inspection/prod-f32080e5-50a3-4cc2-bd07-ba4b611357ca.jpg.296x216.jpg
20190504,青浦,夏阳,，税费少，视野开阔，楼距大，采光足,375万,新城盛景园  | 4室1厅 | 85.86平米 | 南 | 精装 | 无电梯,https://image1.ljcdn.com/310000-inspection/prod-e6a42e6c-4ce7-4487-b28b-710acf3154a0.jpg.296x216.jpg
20190504,青浦,夏阳,华骥苑二房典型户型、有钥匙随时可看、使用面积大,235万,华骥苑  | 2室1厅 | 92.08平米 | 南 | 简装 | 无电梯,https://image1.ljcdn.com/310000-inspection/prod-f2b5d472-ba27-4e93-8695-95a1d324f012.jpg.296x216.jpg
20190504,青浦,夏阳,金地洋房户型，精装修，目前空关，看房方便，采光好,365万,金地格林郡  | 3室2厅 | 133.05平米 | 南 | 精装 | 无电梯,https://image1.ljcdn.com/310000-inspection/prod-632712d4-dbc2-4603-bc9a-c149fc0b8837.jpg.296x216.jpg
20190504,青浦,夏阳,满五不唯一，自住装修，单价优质，采光很好,149万,城东新村  | 2室1厅 | 46.7平米 | 南 | 简装 | 无电梯,https://image1.ljcdn.com/310000-inspection/prod-8af107ab-264c-4aa2-b7d2-1ce837102e71.jpg.296x216.jpg
20190504,青浦,夏阳,满五 带装修和花园 使用面积多 业主诚意出售,435万,金地格林郡  | 3室2厅 | 146.02平米 | 南 | 精装 | 无电梯,https://image1.ljcdn.com/310000-inspection/prod-b0611c18-46e8-4ea7-88bf-e720e62601d9.jpg.296x216.jpg
20190504,青浦,夏阳,华骥苑，大3房，楼层好，采光好，交通便利,288万,华骥苑  | 3室2厅 | 127.45平米 | 南 | 简装 | 无电梯,https://image1.ljcdn.com/310000-inspection/test-78eced69-0ff4-4f58-b562-f77e48f1d500.png.296x216.jpg
20190504,青浦,夏阳,青水湾大三房、总楼层4楼的1楼带院子,380万,青水湾公寓  | 3室2厅 | 133.82平米 | 南 | 简装 | 无电梯,https://image1.ljcdn.com/310000-inspection/prod-bd1f010e-76d6-4d50-a11e-002af34f963a.jpg.296x216.jpg
20190504,青浦,夏阳,佳乐苑 少有的小户型 总价低 交通便利,178万,佳乐苑  | 1室1厅 | 51.75平米 | 南 | 简装,https://image1.ljcdn.com/310000-inspection/prod-8182add9-8c21-45e2-91a0-4865ee71a5f6.jpg.296x216.jpg
20190504,青浦,夏阳,宜达新居 2室1厅 213万,213万,宜达新居  | 2室1厅 | 60.76平米 | 南 | 精装,https://image1.ljcdn.com/310000-inspection/prod-34f91e0e-042d-4aad-916b-dbdef8de1219.jpg.296x216.jpg
20190504,青浦,夏阳,居家两房户型好，精装修，拎包入住,295万,新城盛景园  | 2室1厅 | 76.76平米 | 南 | 精装 | 无电梯,https://image1.ljcdn.com/310000-inspection/test-c292340f-ad20-49ca-a10a-07800e845c37.png.296x216.jpg
20190504,青浦,夏阳,采光好 一手动迁 中间楼层 南 北通,345万,佳乐苑  | 3室2厅 | 124.34平米 | 南 | 精装,https://image1.ljcdn.com/310000-inspection/prod-20d9ac0e-05f3-4ddd-95d9-5c5ee37fca73.jpg.296x216.jpg
20190504,青浦,夏阳,帕缇三期，花园洋房，中楼层，视野好，装修好随时看,410万,帕缇欧香苑  | 3室2厅 | 117.69平米 | 南 | 精装 | 有电梯,https://image1.ljcdn.com/310000-inspection/prod-80681ea2-a3e8-4256-bafb-274411812ccd.jpg.296x216.jpg
20190504,青浦,夏阳,佳乐苑 3室2厅 390万,390万,佳乐苑  | 3室2厅 | 139.88平米 | 南 | 精装 | 有电梯,https://image1.ljcdn.com/310000-inspection/prod-8b33c1ba-1c65-4c9a-a27d-dbc491e395d9.png.296x216.jpg
20190504,青浦,夏阳,满五唯一+低总价+户型方正+无抵押无贷款,166万,祥龙小区  | 2室1厅 | 56.5平米 | 南 | 精装 | 无电梯,https://image1.ljcdn.com/310000-inspection/prod-1b21e285-be60-4316-8f86-cb347b6e25fb.jpg.296x216.jpg
20190504,青浦,夏阳,楼梯一楼 带院子 前排总高六层,205万,佳乐苑  | 1室1厅 | 63平米 | 南 | 简装,https://image1.ljcdn.com/310000-inspection/prod-0a210d32-1e8d-4782-9763-dfdef9fa1622.jpg.296x216.jpg
20190504,青浦,夏阳,青城苑 3室2厅 283万,283万,青城苑  | 3室2厅 | 107.37平米 | 南 | 其他 | 无电梯,https://image1.ljcdn.com/310000-inspection/prod-10cb5d7d-6a51-49d4-ab83-44950458b07b.jpg.296x216.jpg
20190504,青浦,夏阳,新青浦花苑(公寓) 3室2厅 365万,365万,新青浦花苑(公寓)  | 3室2厅 | 136.02平米 | 南 | 简装 | 无电梯,https://image1.ljcdn.com/310000-inspection/prod-d518da2d-c9e1-4eb8-b656-983ea5753b5d.jpg.296x216.jpg
20190504,青浦,夏阳,精装修，楼层好，视野开阔，诚心出售,240万,新城盛景园  | 2室1厅 | 70.59平米 | 南 | 精装 | 无电梯,https://image1.ljcdn.com/310000-inspection/prod-3ffecf90-5279-4aba-886b-522acfca33a6.jpg.296x216.jpg
20190504,青浦,夏阳,保安新村 2室1厅 220万新上,220万,保安新村  | 2室1厅 | 76.4平米 | 南 | 简装 | 无电梯,https://image1.ljcdn.com/310000-inspection/prod-7aec05ae-f637-4ee0-9728-a0a9e0858c1f.jpg.296x216.jpg
20190504,青浦,夏阳,章浜新村大三房，中间楼层，全明户型，低总价，诚心卖房主自荐,213万,章浜新村  | 3室1厅 | 88.96平米 | 东 | 简装 | 无电梯,https://image1.ljcdn.com/310000-inspection/test-16fc3a28-bab3-41cf-9b41-4d14ea674580.png.296x216.jpg
20190504,青浦,夏阳,华骥苑两室一厅，满两年，税费少,188万,华骥苑  | 2室1厅 | 63平米 | 南 | 简装 | 无电梯,https://image1.ljcdn.com/310000-inspection/test-a1920213-0acb-402e-9ecc-68ef49e049f6.png.296x216.jpg
20190504,青浦,夏阳,蓬莱山庄一楼带花园 南北正气户型 有钥匙看房方便,198万,蓬莱山庄  | 2室1厅 | 65.74平米 | 南 | 简装 | 无电梯,https://image1.ljcdn.com/310000-inspection/prod-f87068d1-52d5-4214-9599-758419c2d6f8.jpg.296x216.jpg
20190504,青浦,夏阳,运杰单价2.4万大平层，中.央空调拎包入住，诚心出售,400万,运杰城市花园  | 3室2厅 | 163.8平米 | 南 | 简装 | 有电梯,https://image1.ljcdn.com/310000-inspection/prod-553e5360-a05c-4663-9962-8aa4bea9c119.jpg.296x216.jpg
20190504,青浦,夏阳,新上一楼带院子 诚意出售价格可谈 拎包入住采光好,425万,帕缇欧香苑  | 3室1厅 | 145.95平米 | 南 | 精装 | 有电梯,https://image1.ljcdn.com/310000-inspection/prod-2713d31b-95c9-43a7-b672-0ea9511395c8.jpg.296x216.jpg
20190504,青浦,夏阳,单价两万七即购仁恒大三房 配套成熟 南北通 精装修,365万,仁恒运杰河滨花园  | 3室2厅 | 132.86平米 | 南 | 精装 | 有电梯,https://image1.ljcdn.com/310000-inspection/prod-75e03b38-0ad2-4fc8-9317-6ded356dcdc3.jpg.296x216.jpg
20190504,青浦,夏阳,界泾港新村三楼边套全明格局、产证满五唯一,205万,界泾港新村  | 3室1厅 | 66.22平米 | 南 北 | 简装 | 无电梯,https://image1.ljcdn.com/310000-inspection/prod-4aafa2fa-a752-4442-ac09-3f9fda0b1fd9.jpg.296x216.jpg
20190504,青浦,夏阳,界泾港新村 一楼带花园 小三房 毛坯可随意装修,180万,界泾港新村  | 3室1厅 | 63.15平米 | 南 北 | 毛坯 | 无电梯,https://image1.ljcdn.com/310000-inspection/prod-b2019207-3a41-4db0-8e9b-b7d7c3490d1a.jpg.296x216.jpg
20190504,青浦,夏阳,庆华新村 简装一房 总价低 通风采光好 房东诚心卖,150万,庆华新村  | 1室1厅 | 55.29平米 | 南 北 | 简装 | 无电梯,https://image1.ljcdn.com/310000-inspection/prod-4299d41e-11c8-4723-89d1-0316d2b1b9c5.jpg.296x216.jpg
20190504,青浦,夏阳,界泾港新村 2室2厅 240万,240万,界泾港新村  | 2室2厅 | 81.54平米 | 南 | 精装 | 无电梯,https://image1.ljcdn.com/310000-inspection/test-b6b6bcc9-460c-4009-9535-b8265b6ba640.jpg.296x216.jpg
20190504,青浦,夏阳,蓬莱山庄正气三房 户型双南一北,230万,蓬莱山庄  | 3室2厅 | 82.02平米 | 南 | 简装 | 无电梯,https://image1.ljcdn.com/310000-inspection/test-6c1b97ca-17dc-4e52-9505-f9398a647984.png.296x216.jpg
20190504,青浦,夏阳,宜达新居 2室1厅 215万,215万,宜达新居  | 2室1厅 | 60.76平米 | 南 | 精装,https://image1.ljcdn.com/310000-inspection/prod-fa4d6d93-cc9b-42dc-bb4a-dfaf3dc39edf.jpg.296x216.jpg
20190504,青浦,夏阳,满五唯一 3房户型 拎包入住 业主自住装修 近地铁,207万,怡田小区  | 3室1厅 | 65.88平米 | 南 | 简装 | 无电梯,https://image1.ljcdn.com/310000-inspection/prod-d4d89912-d6d2-4bc9-b878-242b90969d2d.jpg.296x216.jpg
20190504,青浦,夏阳,城东新村 3室1厅 190万,190万,城东新村  | 3室1厅 | 64.84平米 | 南 | 精装 | 无电梯,https://image1.ljcdn.com/310000-inspection/prod-c4054e4f-7ecd-4861-a0ff-04583b1af9fc.jpg.296x216.jpg
20190504,青浦,夏阳,夏阳湖国际花园 3室2厅 430万,430万,夏阳湖国际花园  | 3室2厅 | 148.04平米 | 南 | 简装 | 有电梯,https://image1.ljcdn.com/310000-inspection/test-13dcfa0d-617d-4ce9-a2e6-bd056b363f2c.png.296x216.jpg
20190504,青浦,夏阳,城东新村 3室1厅 248万,248万,城东新村  | 3室1厅 | 81.49平米 | 南 | 简装 | 无电梯,https://image1.ljcdn.com/310000-inspection/prod-97b78720-5916-4876-a543-cae768714328.jpg.296x216.jpg
20190504,青浦,夏阳,城东经典精装大两房，双天井，交通便利，,161万,城东新村  | 2室1厅 | 53.8平米 | 南 | 精装 | 无电梯,https://image1.ljcdn.com/310000-inspection/test-721dbdc3-a145-4f90-86c2-1434a5cf2887.png.296x216.jpg
20190504,青浦,夏阳,2016年买进次新房，高品质小区看房方便，诚心出售。房主自荐,320万,鑫塔水尚  | 2室2厅 | 91.46平米 | 南 | 精装,https://image1.ljcdn.com/310000-inspection/prod-f99f5095-ae23-46bc-8095-4dc9e2fc0f02.jpg.296x216.jpg
20190504,青浦,夏阳,怡田小区 2室1厅 205万,205万,怡田小区  | 2室1厅 | 72.82平米 | 南 | 精装 | 无电梯,https://image1.ljcdn.com/310000-inspection/test-635bf986-6e74-4508-b09a-86a15bcb98f0.png.296x216.jpg
20190504,青浦,夏阳,青盈苑 3室2厅 290万,290万,青盈苑  | 3室2厅 | 124.91平米 | 南 | 精装 | 无电梯,https://image1.ljcdn.com/310000-inspection/test-8e0ce850-91da-421c-a5b0-27fb771ed6cd.png.296x216.jpg
20190504,青浦,夏阳,吉富绅花园  精装大两房   看房方便,315万,吉富绅花园  | 2室2厅 | 98.28平米 | 南 | 精装 | 有电梯,https://image1.ljcdn.com/310000-inspection/test-704d56ff-05cf-4b00-8099-8817f4a40f34.png.296x216.jpg
20190504,青浦,夏阳,帕缇三期檀香里 中 央空调带地暖精装交付 有钥匙看房,395万,帕缇欧香苑  | 3室2厅 | 118.65平米 | 南 北 | 精装 | 有电梯,https://image1.ljcdn.com/310000-inspection/prod-e00f0501-92ef-4f75-b1ab-7a7aa51bd2db.jpg.296x216.jpg
20190504,青浦,夏阳,盈港苑 3室2厅 348万,348万,盈港苑  | 3室2厅 | 117.17平米 | 南 | 精装 | 无电梯,https://image1.ljcdn.com/310000-inspection/prod-77e4ccbe-87a0-4eba-939f-324efebb1348.jpg.296x216.jpg
20190504,青浦,夏阳,大盈公寓 3室2厅 287万,287万,大盈公寓  | 3室2厅 | 114.04平米 | 南 | 其他 | 无电梯,https://image1.ljcdn.com/310000-inspection/prod-6289fb4d-b527-4354-a28e-2ebeab60617c.jpg.296x216.jpg
20190504,青浦,夏阳,金地大平层，精装修，位置好，看房方便，采光好,350万,金地格林郡  | 3室2厅 | 113.7平米 | 南 | 精装 | 有电梯,https://image1.ljcdn.com/310000-inspection/prod-5e046683-f37e-4f0a-9dcd-333e83f7bb2c.jpg.296x216.jpg
20190504,青浦,夏阳,青城苑 3室2厅 340万,340万,青城苑  | 3室2厅 | 110.66平米 | 南 | 其他 | 无电梯,https://image1.ljcdn.com/310000-inspection/prod-43dfeb5b-afed-47e3-80a0-b2f8e20c2f8d.jpg.296x216.jpg
20190504,青浦,夏阳,梦丹苑舒适大三房，单价2.3万诚信售。,310万,梦丹苑  | 3室2厅 | 132.06平米 | 南 | 简装 | 无电梯,https://image1.ljcdn.com/310000-inspection/prod-011ed478-e2e3-46d9-9d6f-0488c56ea0a8.jpg.296x216.jpg
20190504,青浦,夏阳,青浦大厦 3室2厅 340万,340万,青浦大厦  | 3室2厅 | 125.55平米 | 南 | 其他,https://image1.ljcdn.com/310000-inspection/prod-ca7ca9d1-e57d-47ae-94e0-89edd4581cf3.jpg.296x216.jpg
20190504,青浦,夏阳,青城苑 3室2厅 295万,295万,青城苑  | 3室2厅 | 118.64平米 | 南 | 简装 | 无电梯,https://image1.ljcdn.com/310000-inspection/prod-3157ffd9-1de9-49e3-9b99-06dafd10ade9.jpg.296x216.jpg
20190504,青浦,夏阳,夏阳湖国际花园，精装一房，满五唯一,192万,夏阳湖国际花园  | 1室1厅 | 59.28平米 | 南 | 精装 | 有电梯,https://image1.ljcdn.com/310000-inspection/prod-70ebeb02-1c32-4fb6-b0bb-08cb26b195d0.jpg.296x216.jpg
20190504,青浦,夏阳,桂花园 满五唯一 自住小三房 诚心出售,208万,桂花园(青浦)  | 3室1厅 | 78.64平米 | 暂无数据 | 简装 | 无电梯,https://image1.ljcdn.com/310000-inspection/prod-a4d1a913-9306-4fbf-ac5f-b578aa0c0bc0.jpg.296x216.jpg
20190504,青浦,夏阳,鑫塔水尚 3室2厅 500万,500万,鑫塔水尚  | 3室2厅 | 135平米 | 南 | 精装,https://image1.ljcdn.com/310000-inspection/test-00397df8-92d1-4240-827d-ced83f93c2b7.png.296x216.jpg
20190504,青浦,夏阳,带产权车位，业主急售，精装修，面向小外滩配套齐全,370万,运杰城市花园  | 3室2厅 | 137.65平米 | 南 | 精装 | 有电梯,https://image1.ljcdn.com/310000-inspection/prod-0a9f5ea1-0b7b-4126-b808-e45845b031bb.jpg.296x216.jpg
20190504,青浦,夏阳,次新小区，电梯房，保养的很好，可接受置换周期,340万,中铁逸都  | 3室2厅 | 99.54平米 | 南 | 精装 | 有电梯,https://image1.ljcdn.com/310000-inspection/prod-10303f79-07ec-4c04-add7-ee8366759249.jpg.296x216.jpg
20190504,青浦,夏阳,保安新村全明户型诚意出售 生活设施完善近地铁近高速,212万,保安新村  | 3室1厅 | 76.16平米 | 暂无数据 | 简装 | 无电梯,https://image1.ljcdn.com/310000-inspection/prod-8e5eaed2-baaa-4555-a8df-0f6b766932c9.jpg.296x216.jpg
20190504,青浦,夏阳,东边套  小三房  配套齐全  地上地下交通都方便！！！,199万,庆华新村  | 3室1厅 | 66.97平米 | 南 | 精装 | 无电梯,https://image1.ljcdn.com/310000-inspection/prod-10970dd6-375f-4a30-b8eb-d2f6e7d7ca62.jpg.296x216.jpg
20190504,青浦,夏阳,城东新村，经典三房，户型正气，中等装修，拎包入住,169万,城东新村  | 3室1厅 | 58.42平米 | 南 | 精装 | 无电梯,https://image1.ljcdn.com/310000-inspection/test-1ce4b900-e820-457a-b90e-b8c053e91363.png.296x216.jpg
20190504,青浦,夏阳,章浜新村 楼层好 全明户型 诚意出售,237万,章浜新村  | 3室1厅 | 81.62平米 | 南 | 简装 | 无电梯,https://image1.ljcdn.com/310000-inspection/test-4a7693a9-782b-4d3c-8701-bc3d9ff8372d.png.296x216.jpg
20190504,青浦,夏阳,诚售物美价廉精装三房+高区通风采光佳+东边套户型正气,338万,金地格林郡  | 3室2厅 | 121.7平米 | 南 北 | 精装 | 有电梯,https://image1.ljcdn.com/310000-inspection/test-db84da85-2019-48b0-a91e-ec390fbbaa3b.png.296x216.jpg
20190504,青浦,夏阳,总价低 特诚意出售  前无遮挡  地铁17号线 交通便利,312万,新城盛景园  | 3室2厅 | 86.19平米 | 南 | 精装 | 无电梯,https://image1.ljcdn.com/310000-inspection/prod-2e5ffe05-959c-4ebe-9567-068a62bd2b93.jpg.296x216.jpg
20190504,青浦,夏阳,庆华新村 2室1厅 160万,160万,庆华新村  | 2室1厅 | 51.12平米 | 南 | 其他 | 无电梯,https://image1.ljcdn.com/310000-inspection/prod-0433dbed-cf01-4b07-962a-ef14849b2282.jpg.296x216.jpg
20190504,青浦,夏阳,5楼   精装好房，无抵押，满五，诚心出售,175万,祥龙小区  | 2室1厅 | 56.5平米 | 南 | 简装 | 无电梯,https://image1.ljcdn.com/310000-inspection/prod-3c821712-05be-452c-bf9e-b1cee2888d19.jpg.296x216.jpg
20190504,青浦,夏阳,金地格林郡 2室1厅 275万,275万,金地格林郡  | 2室1厅 | 87.41平米 | 南 | 精装 | 有电梯,https://image1.ljcdn.com/310000-inspection/prod-a104b4f9-dda4-4071-b4da-580c9d5ba5bc.jpg.296x216.jpg
20190504,青浦,夏阳,华骥苑 一楼带院子 总价低 看房方便 诚意出售,210万,华骥苑  | 3室1厅 | 73平米 | 南 | 简装 | 无电梯,https://image1.ljcdn.com/310000-inspection/test-c824a249-6c2e-434a-96f8-088bbcf29acf.png.296x216.jpg
20190504,青浦,夏阳,地铁，错层精装，中间楼层，3房，环境美。大虹桥,405万,新城逸境园  | 3室2厅 | 122.69平米 | 南 | 精装 | 无电梯,https://image1.ljcdn.com/310000-inspection/prod-7c28c38b-2a50-479c-8670-cd61e9ffac6a.jpg.296x216.jpg
20190504,青浦,夏阳,近地铁  满五唯一 精装大三房 楼层好  房屋格局好,415万,宜达新居  | 3室2厅 | 136平米 | 南 | 精装 | 有电梯,https://image1.ljcdn.com/310000-inspection/prod-1ce1d7da-7b34-4ddf-9d59-03a1b67f27df.jpg.296x216.jpg
20190504,青浦,夏阳,品质小区 开发商精装 带地暖 景观楼层 随时看房,480万,鑫塔水尚  | 3室2厅 | 135.88平米 | 南 | 精装,https://image1.ljcdn.com/310000-inspection/prod-ea3cd0c3-86ce-40ee-a568-e62fa0044e4e.jpg.296x216.jpg
20190504,青浦,夏阳,吉富绅花园 3室2厅 450万,450万,吉富绅花园  | 3室2厅 | 138.4平米 | 南 | 精装 | 有电梯,https://image1.ljcdn.com/310000-inspection/prod-cd827af7-383a-4762-9755-484e861aeb1f.jpg.296x216.jpg
20190504,青浦,夏阳,此房房东诚心出售，楼层好采光好，视野宽阔！,335万,金地格林郡  | 3室2厅 | 122.87平米 | 南 | 精装 | 有电梯,https://image1.ljcdn.com/310000-inspection/prod-c578ec74-b4a3-428f-ad6a-c2f241ac36fe.jpg.296x216.jpg
20190504,青浦,夏阳,章浜新村 两卧朝南 链家优选房源 看房随时,149万,章浜新村  | 2室1厅 | 51.83平米 | 南 | 简装 | 无电梯,https://image1.ljcdn.com/310000-inspection/prod-9f938e6a-4fd4-454e-a13f-721db88e8973.jpg.296x216.jpg
20190504,青浦,夏阳,新青浦佳园 4室2厅 430万,430万,新青浦佳园  | 4室2厅 | 156.06平米 | 南 | 简装 | 有电梯,https://image1.ljcdn.com/310000-inspection/prod-f92b448e-ff60-431c-9e27-ee26ade0c2fb.jpg.296x216.jpg
20190504,青浦,夏阳,东边套 大房房 配套齐全 地上地下交通都方便！！！,220万,祥龙小区  | 2室2厅 | 80.2平米 | 南 | 精装 | 无电梯,https://image1.ljcdn.com/310000-inspection/prod-31977542-6478-4ffa-9c8f-67f5d02d7020.jpg.296x216.jpg
20190504,青浦,夏阳,地铁口位置 满五年唯一 景观房 户型正 诚心出售,223万,怡田小区  | 2室1厅 | 72.8平米 | 南 | 精装 | 有电梯,https://image1.ljcdn.com/310000-inspection/prod-b7ec97a7-3eff-4bbc-80da-7fc7b3c9f087.jpg.296x216.jpg
20190504,青浦,夏阳,一楼带花园天井 边套全明三房 地铁口位置,200万,怡田小区  | 3室1厅 | 63.4平米 | 南 | 简装 | 无电梯,https://image1.ljcdn.com/310000-inspection/prod-7d6de733-deee-475a-a262-262fcdc3d346.jpg.296x216.jpg
20190504,青浦,夏阳,顺驰蓝湾 3室2厅 446万,446万,顺驰蓝湾  | 3室2厅 | 128.62平米 | 南 | 精装 | 无电梯,https://image1.ljcdn.com/310000-inspection/prod-a8be77d8-cbb9-49a8-8c85-8ca7a5cca1d7.jpg.296x216.jpg
20190504,青浦,夏阳,房子满五唯一，奢华装修，飞机户型，采光无遮挡。,410万,吉富绅花园  | 3室2厅 | 138平米 | 南 | 精装 | 有电梯,https://image1.ljcdn.com/310000-inspection/prod-fa012587-404b-4964-a272-532310db41b2.jpg.296x216.jpg
20190504,青浦,夏阳,315万，地铁口400米，大三房。满五唯一，税费少,315万,新青浦花苑(公寓)  | 3室2厅 | 135.94平米 | 南 | 简装 | 无电梯,https://image1.ljcdn.com/310000-inspection/prod-97b697f0-0482-4ce2-8d46-682518d0ec14.jpg.296x216.jpg
20190504,青浦,夏阳,17号轻轨200米，品质小区，精装大四房，配套成熟诚售,430万,新青浦佳园  | 4室2厅 | 171.17平米 | 南 | 精装 | 有电梯,https://image1.ljcdn.com/310000-inspection/test-73f7b709-6aca-4bd9-84b9-83eeb1ed3eda.jpg.296x216.jpg
20190504,青浦,夏阳,次新品质小区+四房朝南+近17号轻轨+次顶楼+配套成熟,470万,吉富绅花园  | 4室2厅 | 166.3平米 | 南 | 精装 | 有电梯,https://image1.ljcdn.com/310000-inspection/prod-588d49bb-db1e-4adf-a8e3-407b2e543e79.jpg.296x216.jpg
20190504,青浦,夏阳,怡田小区，精装两房，近十七号青浦新城地铁，楼层好，,230万,怡田小区  | 2室1厅 | 74.36平米 | 南 | 精装 | 无电梯,https://image1.ljcdn.com/310000-inspection/prod-f25ab743-e74e-40d9-adfe-ce5471a791e9.jpg.296x216.jpg
20190504,青浦,夏阳,02年小区 小高层带电梯 景观房 视野开阔 看房有钥匙,305万,晨兴公寓  | 2室1厅 | 112.17平米 | 南 | 精装 | 有电梯,https://image1.ljcdn.com/310000-inspection/prod-cc1365cd-0158-42ff-b16f-86a7eb6f2fa2.jpg.296x216.jpg
20190504,青浦,夏阳,一楼带花园，诚心出售，看房方便,226万,佳乐苑  | 2室1厅 | 70.79平米 | 南 | 简装,https://image1.ljcdn.com/310000-inspection/prod-84eb9deb-cc65-4af1-9a65-28141f178b10.jpg.296x216.jpg
20190504,青浦,夏阳,浦汇新村 河景房淀浦河 诚意出售价格可谈 拎包入住,203万,浦汇新村  | 2室1厅 | 68.8平米 | 南 | 精装 | 无电梯,https://image1.ljcdn.com/310000-inspection/test-d577f235-0603-4865-9379-d23290543d5d.png.296x216.jpg
20190504,青浦,夏阳,夏阳湖国际花园，配套齐全，交通便利，菜场较近,350万,夏阳湖国际花园  | 3室2厅 | 126.37平米 | 南 | 简装 | 有电梯,https://image1.ljcdn.com/310000-inspection/test-28c97eb4-4645-4416-ae8e-22b04c21520c.png.296x216.jpg
20190504,青浦,夏阳,浦仓路768弄 3室1厅 290万,290万,浦仓路768弄  | 3室1厅 | 89.22平米 | 南 | 简装 | 无电梯,https://image1.ljcdn.com/310000-inspection/prod-35fd40a7-b38b-454e-a5c5-4644bb69d66c.jpg.296x216.jpg
20190504,青浦,夏阳,一手动迁，满五唯一，采光视野好，看房方便,405万,佳乐苑  | 3室2厅 | 140.29平米 | 南 | 精装 | 有电梯,https://image1.ljcdn.com/310000-inspection/prod-4ae60822-031e-405c-bcba-8d780f309231.jpg.296x216.jpg
20190504,青浦,夏阳,满五唯一 中间位置 毛坯三室 楼层好 配套好 地段好,338万,宜达新居  | 3室1厅 | 111.92平米 | 南 | 毛坯,https://image1.ljcdn.com/310000-inspection/test-30eb9e19-bc08-485c-8d96-bb475a8b43db.png.296x216.jpg
20190504,青浦,夏阳,夏阳湖西区 不临马路 前后无遮挡 自住保养极好 随时看,390万,夏阳湖国际花园  | 3室2厅 | 132.19平米 | 南 | 精装 | 有电梯,https://image1.ljcdn.com/310000-inspection/test-d987b57d-0a4f-478b-ba6f-f7e109362f2c.png.296x216.jpg
20190504,青浦,夏阳,满两年精装三居室 好楼层带双卫生间,320万,界泾港新村  | 3室2厅 | 113.56平米 | 南 北 | 精装 | 无电梯,https://image1.ljcdn.com/310000-inspection/prod-b36ef76e-e5f2-4c8a-8363-848b20d3ca21.jpg.296x216.jpg
20190504,青浦,夏阳,近地铁，自带幼儿园，晓学在门口，配套齐全，少税,285万,新青浦花苑(公寓)  | 3室2厅 | 110.79平米 | 南 | 精装 | 无电梯,https://image1.ljcdn.com/310000-inspection/prod-95ab0044-37d6-4569-b230-b53c304dcb31.jpg.296x216.jpg
20190504,青浦,夏阳,精装大四房，满五唯一  房东诚意出售,420万,新青浦佳园  | 4室2厅 | 150.64平米 | 南 | 精装 | 无电梯,https://image1.ljcdn.com/310000-inspection/prod-873a40ac-7a01-4358-9a88-d31c5a4be52d.jpg.296x216.jpg
20190504,青浦,夏阳,祥龙小区 3室1厅 190万,190万,祥龙小区  | 3室1厅 | 65.56平米 | 南 | 精装 | 无电梯,https://image1.ljcdn.com/310000-inspection/prod-edf17ea2-3ba3-42ef-85ec-6556d7cdef84.jpg.296x216.jpg
20190504,青浦,夏阳,夏阳湖品质小区，小户型低总价，楼层适中出行方便,196万,夏阳湖国际花园  | 1室1厅 | 59.28平米 | 南 | 简装 | 有电梯,https://image1.ljcdn.com/310000-inspection/prod-3cb662a4-0107-45a5-b6c4-c6ac2955e10e.jpg.296x216.jpg
20190504,青浦,夏阳,教苑新村 2室1厅 168万,168万,教苑新村  | 2室1厅 | 52.07平米 | 南 | 简装 | 无电梯,https://image1.ljcdn.com/310000-inspection/prod-127c97da-795b-473a-9991-704b9b24b938.jpg.296x216.jpg
20190504,青浦,夏阳,帕缇欧香苑品质小区/经典3室户，环境舒适,410万,帕缇欧香苑  | 3室2厅 | 118平米 | 南 | 精装 | 有电梯,https://image1.ljcdn.com/310000-inspection/prod-e6098445-47cf-46f8-92c3-82ec1a92823c.jpg.296x216.jpg
20190504,青浦,夏阳,此房满五年，小区出门50米就是17号地铁汇金路站,228万,宜达新居  | 2室1厅 | 69.11平米 | 南 | 简装,https://image1.ljcdn.com/310000-inspection/test-d5300112-5061-4485-b43b-011926b19f32.png.296x216.jpg
20190504,青浦,夏阳,地铁口，近东门，楼层好，宝龙广场45万方商 业,220万,宜达新居  | 1室1厅 | 60.57平米 | 南 | 毛坯,https://image1.ljcdn.com/310000-inspection/prod-e6e5402d-ca16-47f7-a13f-694a34f5e4a0.jpg.296x216.jpg
20190504,青浦,夏阳,新青浦花苑三房两卫 近地铁业主诚意出售 期待您的咨询,330万,新青浦花苑(公寓)  | 3室2厅 | 128.42平米 | 南 | 简装 | 无电梯,https://image1.ljcdn.com/310000-inspection/test-b63f894f-f892-44aa-abdb-5def83f9c4b8.png.296x216.jpg
20190504,青浦,夏阳,次新房，环境优美，可随性装修，配套完善,328万,中铁逸都  | 3室2厅 | 98.9平米 | 南 | 毛坯 | 有电梯,https://image1.ljcdn.com/310000-inspection/prod-a4252509-bc67-425a-bc00-b3f1333305f1.jpg.296x216.jpg
20190504,青浦,夏阳,双南两房 诚心卖 看中价格可看,137万,庆华新村  | 2室1厅 | 51平米 | 南 | 简装 | 无电梯,https://image1.ljcdn.com/310000-inspection/test-a3a0688f-0976-411c-8af1-05a652711005.png.296x216.jpg
20190504,青浦,夏阳,花园小区，绿化高环境优美，交通方便17号线,306万,中铁逸都  | 2室2厅 | 90.71平米 | 南 东北 | 简装 | 有电梯,https://image1.ljcdn.com/310000-inspection/test-e5fdc733-dc14-412f-bc6d-5d5dfd9df421.png.296x216.jpg
20190504,青浦,夏阳,公园路348号 3室2厅 260万,260万,公园路348号  | 3室2厅 | 97.13平米 | 南 | 精装 | 无电梯,https://image1.ljcdn.com/310000-inspection/test-cf16f3f2-3e47-4668-bb3e-5ac669939360.jpg.296x216.jpg
20190504,青浦,夏阳,祥龙小区 3室1厅 215万,215万,祥龙小区  | 3室1厅 | 63.3平米 | 南 北 | 精装 | 无电梯,https://image1.ljcdn.com/310000-inspection/test-1f1abab0-ec03-486f-8049-a2d84b0f119c.png.296x216.jpg
20190504,青浦,夏阳,新锦港花园 2室2厅 280万,280万,新锦港花园  | 2室2厅 | 90.16平米 | 南 | 简装 | 无电梯,https://image1.ljcdn.com/310000-inspection/prod-f316e3e3-6ce8-48e8-be2b-52b193fbf960.jpg.296x216.jpg
20190504,青浦,夏阳,宜达新居 3室2厅 350万,350万,宜达新居  | 3室2厅 | 120.91平米 | 南 | 精装,https://image1.ljcdn.com/310000-inspection/prod-c2a6f9c4-d789-4f5c-b9ef-fb8f6777617f.jpg.296x216.jpg
20190504,青浦,夏阳,体育新村 3室2厅 295万,295万,体育新村  | 3室2厅 | 118.18平米 | 南 | 精装,https://image1.ljcdn.com/310000-inspection/prod-7d424081-28ea-4acc-868d-61d83b080664.jpg.296x216.jpg
20190504,青浦,夏阳,新青浦花苑(公寓) 3室2厅 330万,330万,新青浦花苑(公寓)  | 3室2厅 | 125.43平米 | 南 | 简装 | 无电梯,https://image1.ljcdn.com/310000-inspection/prod-8de2c2f1-0847-4bf8-bb34-0ff8a1e6dfd6.jpg.296x216.jpg
20190504,青浦,夏阳,鑫塔水尚 开发商精装大三房 随时看 品质小区 次顶楼,470万,鑫塔水尚  | 3室2厅 | 135.85平米 | 南 | 精装,https://image1.ljcdn.com/310000-inspection/prod-cffc1cd6-c81f-473b-b89b-1bc85ffad229.jpg.296x216.jpg
20190504,青浦,夏阳,正气三房没住过。新房子，随时看。位置不错采光好。,460万,鑫塔水尚  | 3室2厅 | 130.7平米 | 南 北 | 精装,https://image1.ljcdn.com/310000-inspection/prod-9456950a-08c0-4f7d-a8c8-d644cb489a02.jpg.296x216.jpg
20190504,青浦,夏阳,大三房 业主诚心出售 家具家电齐全拎包入住,400万,新锦港花园  | 3室2厅 | 135.69平米 | 南 | 精装 | 有电梯,https://image1.ljcdn.com/310000-inspection/prod-f9c306c2-0ba2-41ee-ab70-5f7ba1e1cd27.jpg.296x216.jpg
20190504,青浦,夏阳,此房满五年 中间楼层 诚心出售 步行就能到达地铁口,320万,新锦港花园  | 2室2厅 | 98.95平米 | 南 | 简装 | 无电梯,https://image1.ljcdn.com/310000-inspection/prod-2a21d61b-2f12-460c-a5b8-5138b7c68068.jpg.296x216.jpg
20190504,青浦,夏阳,仁恒运杰河滨花园，三房二厅二卫，简北欧风,480万,仁恒运杰河滨花园  | 3室2厅 | 139.2平米 | 南 | 精装 | 有电梯,https://image1.ljcdn.com/310000-inspection/prod-c1fc4346-fcc1-42a9-aab8-1df93267b92e.jpg.296x216.jpg
20190504,青浦,夏阳,此房满五年唯一，采光好，拎包入住，业主急售可谈,186万,怡田小区  | 2室1厅 | 67平米 | 南 | 简装 | 无电梯,https://image1.ljcdn.com/310000-inspection/prod-bdfa5e84-cdec-4d67-801a-de9dfbdbcfe7.jpg.296x216.jpg
20190504,青浦,夏阳,华骥苑，户型好，视野开阔，配套完善,275万,华骥苑  | 3室2厅 | 110平米 | 南 北 | 精装 | 无电梯,https://image1.ljcdn.com/310000-inspection/prod-59ed8af3-3558-4e06-95e8-c98e38f68138.jpg.296x216.jpg
20190504,青浦,夏阳,蓬莱山庄，大4房，配套齐全，交通便利,310万,蓬莱山庄  | 4室2厅 | 141.32平米 | 南 | 简装 | 无电梯,https://image1.ljcdn.com/310000-inspection/prod-d710794e-cad9-4f9a-8c13-e68eda23ef16.jpg.296x216.jpg
20190504,青浦,夏阳,金地顶楼复式带大露台，位置好，看房方便，采光好,320万,金地格林郡  | 2室2厅 | 114.28平米 | 南 北 | 简装 | 有电梯,https://image1.ljcdn.com/310000-inspection/prod-fff830e7-12ea-4b64-8071-605d7da1d231.jpg.296x216.jpg
20190504,青浦,夏阳,华骥苑大二房户型，自主、提前约，中间楼层房主自荐,260万,华骥苑  | 2室1厅 | 92.08平米 | 南 | 简装 | 无电梯,https://image1.ljcdn.com/310000-inspection/prod-157785e0-0a96-408a-9502-2a31109c3990.jpg.296x216.jpg
20190504,青浦,夏阳,新城逸境园 2室2厅 254万,254万,新城逸境园  | 2室2厅 | 77.33平米 | 南 | 精装 | 无电梯,https://image1.ljcdn.com/310000-inspection/prod-902311f6-62da-4bb1-98d2-2511922d4305.jpg.296x216.jpg
20190504,青浦,夏阳,怡田小区 2室1厅 220万,220万,怡田小区  | 2室1厅 | 75.37平米 | 南 | 简装 | 无电梯,https://image1.ljcdn.com/310000-inspection/prod-faebaa94-0682-47ee-9741-bafa8b2b21d5.jpg.296x216.jpg
20190504,青浦,夏阳,产权车位，南眺佘山九峰，北临小区景观带，随时看房房主自荐,343万,鑫塔水尚  | 2室2厅 | 90平米 | 南 北 | 精装,https://image1.ljcdn.com/310000-inspection/prod-51c5cb0d-2455-4248-8535-89d4a502352b.png.296x216.jpg
20190504,青浦,夏阳,界泾港新村 3室1厅 288万,288万,界泾港新村  | 3室1厅 | 96.44平米 | 南 | 简装 | 无电梯,https://image1.ljcdn.com/310000-inspection/prod-1efa40f1-a30c-4a06-b241-f37843f32a85.jpg.296x216.jpg
20190504,青浦,夏阳,庆华新村 2室1厅 170万,170万,庆华新村  | 2室1厅 | 55.29平米 | 南 | 简装 | 无电梯,https://image1.ljcdn.com/310000-inspection/test-0b7aed10-e716-4858-a18b-ff78e0d1fc87.png.296x216.jpg
20190504,青浦,夏阳,城东新村板块，户型正气三房，阳光充足，精装修,260万,城中东路311号  | 3室2厅 | 117.31平米 | 南 | 精装,https://image1.ljcdn.com/310000-inspection/test-0c72bde7-c727-4176-94b5-844120f39eef.png.296x216.jpg
20190504,青浦,夏阳,宜达新居 3室2厅 365万,365万,宜达新居  | 3室2厅 | 125.57平米 | 南 | 精装,https://image1.ljcdn.com/310000-inspection/prod-cfc765c6-fcd7-48ea-ad4f-3c744d77d79a.jpg.296x216.jpg
20190504,青浦,夏阳,教苑新村，主城区中间繁华地段，经典飞机户型，带阁楼,280万,教苑新村  | 3室2厅 | 123.19平米 | 南 | 简装 | 无电梯,https://image1.ljcdn.com/310000-inspection/prod-20a5c75f-12fb-4972-a247-1d2e4e0b80fd.jpg.296x216.jpg
20190504,青浦,夏阳,首付175万即购仁恒大四房 随时看房 配套成熟,490万,仁恒运杰河滨花园  | 4室2厅 | 154.39平米 | 南 | 简装 | 有电梯,https://image1.ljcdn.com/310000-inspection/prod-a25cbe7c-64b6-4230-87a6-41bd6bc594b6.jpg.296x216.jpg
20190504,青浦,夏阳,吉富绅花园 4室2厅 550万,550万,吉富绅花园  | 4室2厅 | 166.3平米 | 南 北 | 其他 | 有电梯,https://image1.ljcdn.com/310000-inspection/prod-4dccf7ac-640e-4a58-a6c5-1bb802254e95.jpg.296x216.jpg
20190504,青浦,夏阳,地铁口，精装修 带阁楼，可做三房两卫，满五唯一,280万,宜达新居  | 2室2厅 | 89.4平米 | 南 北 | 精装,https://image1.ljcdn.com/310000-inspection/prod-7b26ee25-8f91-40a7-b91a-412505a91de5.jpg.296x216.jpg
20190504,青浦,夏阳,仁恒二期精装两房，中间楼层诚心卖！,293万,仁恒运杰河滨花园  | 2室2厅 | 89.93平米 | 南 | 精装 | 有电梯,https://image1.ljcdn.com/310000-inspection/prod-2086d274-ba8c-4003-b697-b41c75caa669.jpg.296x216.jpg
20190504,青浦,夏阳,宜达新居 中间楼层大两房 位置好采光好,303万,宜达新居  | 2室2厅 | 89.4平米 | 南 北 | 其他,https://image1.ljcdn.com/310000-inspection/prod-86ceab26-5bb9-4936-ad4d-bff861cee525.jpg.296x216.jpg
20190504,青浦,夏阳,浦汇新村双房朝南带花园/全明户型,诚意出售,218万,浦汇新村  | 2室1厅 | 79.9平米 | 南 | 简装 | 无电梯,https://image1.ljcdn.com/310000-inspection/prod-67a32cdf-fa94-455e-9e8c-3f5b50b0ba19.jpg.296x216.jpg
20190504,青浦,夏阳,青水湾公寓，小户型，房东诚意出售。厨卫是带窗的,214万,青水湾公寓  | 1室1厅 | 60平米 | 南 | 简装 | 有电梯,https://image1.ljcdn.com/310000-inspection/test-c8c6b36f-7060-40c3-838c-4ee1a7aef32f.png.296x216.jpg
20190504,青浦,夏阳,公园路348号 3室1厅 245万,245万,公园路348号  | 3室1厅 | 97.13平米 | 南 | 其他 | 无电梯,https://image1.ljcdn.com/310000-inspection/prod-65943df2-8e35-4d4c-8702-cb70c0fad379.jpg.296x216.jpg
20190504,青浦,夏阳,淞浦花园 3室2厅 396万,396万,淞浦花园  | 3室2厅 | 135.64平米 | 南 | 精装 | 无电梯,https://image1.ljcdn.com/310000-inspection/test-205202f5-6de3-4c86-96e1-63706d6e7887.png.296x216.jpg
20190504,青浦,夏阳,运杰城市花园 3室2厅 440万,440万,运杰城市花园  | 3室2厅 | 163.8平米 | 南 | 其他 | 有电梯,https://image1.ljcdn.com/310000-inspection/prod-2c4d625d-23a7-4ff5-b0f6-17e3d8a55f7c.jpg.296x216.jpg
20190504,青浦,夏阳,青城苑 3室2厅 300万,300万,青城苑  | 3室2厅 | 134.7平米 | 南 | 精装 | 无电梯,https://image1.ljcdn.com/310000-inspection/test-a276f879-ef60-4f6d-a15b-d415b2d70863.png.296x216.jpg
20190504,青浦,夏阳,青盈苑 2室2厅 290万,290万,青盈苑  | 2室2厅 | 98.31平米 | 南 | 其他 | 无电梯,https://image1.ljcdn.com/310000-inspection/test-12946f91-ecba-4eb7-a624-8048239f65c1.jpg.296x216.jpg
20190504,青浦,夏阳,总价低，城区大三房，满五唯一，诚心出售,210万,塔湾新村(青浦)  | 3室1厅 | 88平米 | 南 | 简装 | 无电梯,https://image1.ljcdn.com/310000-inspection/test-130a279b-9761-49d4-938b-48167fa5f685.png.296x216.jpg
20190504,青浦,夏阳,中间楼层拳明户型，简单装修采光好，税费各付随时看。,156万,城东新村  | 2室1厅 | 51平米 | 南 | 毛坯 | 无电梯,https://image1.ljcdn.com/310000-inspection/prod-2b285fd1-2f5d-45e3-bdc9-dafd3ddb1f98.jpg.296x216.jpg
20190504,青浦,夏阳,界泾港新村 2室1厅 205万,205万,界泾港新村  | 2室1厅 | 69.71平米 | 南 | 精装 | 无电梯,https://image1.ljcdn.com/310000-inspection/prod-3d4f03a0-fdf7-4255-a86c-ade09713b7c7.jpg.296x216.jpg
20190504,青浦,夏阳,荷景苑 3室2厅 460万,460万,荷景苑  | 3室2厅 | 143.24平米 | 南 | 其他 | 有电梯,https://image1.ljcdn.com/310000-inspection/prod-0b014d81-1eb7-4806-8f88-249d8aaace84.jpg.296x216.jpg
20190504,青浦,夏阳,满5唯一 稀有房型 三开间朝南 近地铁 带露台,260万,宜达新居  | 2室2厅 | 85.3平米 | 南 | 简装,https://image1.ljcdn.com/310000-inspection/prod-ba032b20-1a63-421f-ae80-15c54248a725.jpg.296x216.jpg
20190504,青浦,夏阳,仁恒运杰河滨花园，三房二厅二卫，业主自住，诚意置换,420万,仁恒运杰河滨花园  | 3室2厅 | 134.47平米 | 南 | 精装 | 有电梯,https://image1.ljcdn.com/310000-inspection/prod-7f28e48c-ea16-4f66-91df-aee758d81091.jpg.296x216.jpg
20190504,青浦,夏阳,体育新村 3室 满五唯一 诚心出售,220万,体育新村  | 3室1厅 | 86.9平米 | 南 | 简装,https://image1.ljcdn.com/310000-inspection/prod-f02c412d-14d3-4d4b-a9b3-ec7fe806749a.jpg.296x216.jpg
20190504,青浦,夏阳,房子满五唯一，婚房装修！全新装修，高区采光好。,320万,吉富绅花园  | 3室2厅 | 88.94平米 | 南 | 精装 | 有电梯,https://image1.ljcdn.com/310000-inspection/prod-61f7f8cf-94dd-4e28-8d71-9b0186953024.jpg.296x216.jpg
20190504,青浦,夏阳,青城苑 3室2厅 297万,297万,青城苑  | 3室2厅 | 110.66平米 | 南 | 精装 | 无电梯,https://image1.ljcdn.com/310000-inspection/prod-86b5a107-f651-4935-8b25-d90f8634db12.jpg.296x216.jpg
20190504,青浦,夏阳,南北通双南户型，业主急售，看房方便价格好谈。,272万,浦仓路768弄  | 3室2厅 | 100.85平米 | 南 | 精装 | 无电梯,https://image1.ljcdn.com/310000-inspection/prod-addbc58f-241a-4c1e-afda-f28b5bd4bbec.jpg.296x216.jpg
20190504,青浦,夏阳,蓬莱山庄 3室2厅 323万,323万,蓬莱山庄  | 3室2厅 | 126.24平米 | 南 | 简装 | 无电梯,https://image1.ljcdn.com/310000-inspection/prod-aa557d5e-4b7b-4fbc-9209-9529a4314fb8.jpg.296x216.jpg
20190504,青浦,夏阳,精装三房 全明户型 诚心出售 走错路过不要错过。,195万,祥龙小区  | 3室1厅 | 65.6平米 | 南 | 简装 | 无电梯,https://image1.ljcdn.com/310000-inspection/prod-20fea3ca-3f9d-403c-984f-57b8c3113bd7.jpg.296x216.jpg
20190504,青浦,夏阳,晨兴公寓 3室2厅 350万,350万,晨兴公寓  | 3室2厅 | 136.06平米 | 南 北 | 精装 | 无电梯,https://image1.ljcdn.com/310000-inspection/prod-78bab599-0a93-49b8-bd26-4195c93683e5.jpg.296x216.jpg
20190504,青浦,夏阳,城东大三房，边套全明采光通风效果好，诚意出售,235万,城东新村  | 3室1厅 | 85.47平米 | 南 | 简装 | 无电梯,https://image1.ljcdn.com/310000-inspection/prod-e99c0e40-08ac-4d72-bf62-22c65e1799e2.jpg.296x216.jpg
20190504,青浦,夏阳,老城区板块优质两房！中间楼层！诚意出售！急急急,200万,城中东路309号  | 2室1厅 | 66.08平米 | 南 | 简装,https://image1.ljcdn.com/310000-inspection/test-71305d64-5e4b-4955-b582-cd445a37ac60.png.296x216.jpg
20190504,青浦,夏阳,城东新村 2室1厅 158万,158万,城东新村  | 2室1厅 | 55.51平米 | 南 | 毛坯 | 无电梯,https://image1.ljcdn.com/310000-inspection/test-eeba9101-0b5a-4f21-9cd6-a1d18b6ddd76.png.296x216.jpg
20190504,青浦,夏阳,华骥苑两室两厅，户型位置佳，交通商圈成熟，产证08年,220万,华骥苑  | 2室2厅 | 81.01平米 | 南 | 简装 | 无电梯,https://image1.ljcdn.com/310000-inspection/test-5c5fdbf4-500b-44bc-bbac-e08b3dfde2f7.png.296x216.jpg
20190504,青浦,夏阳,带-_-阁楼 经典户型 拎包入住 近地，铁,255万,宜达新居  | 3室1厅 | 59.87平米 | 南 | 精装,https://image1.ljcdn.com/310000-inspection/prod-299881a3-424d-48d0-a131-865f2df9a465.jpg.296x216.jpg
20190504,青浦,夏阳,鑫塔水尚三开间朝南 前面无遮挡 小区品质高 精装修,305万,鑫塔水尚  | 2室1厅 | 90.89平米 | 南 | 精装,https://image1.ljcdn.com/310000-inspection/prod-1912b09f-5c3d-436f-894b-deaf41be934f.jpg.296x216.jpg
20190504,青浦,夏阳,中铁逸都 3室2厅 350万,350万,中铁逸都  | 3室2厅 | 96.78平米 | 南 | 精装 | 有电梯,https://image1.ljcdn.com/310000-inspection/prod-fd597475-d210-48a8-8bde-11799df063f9.jpg.296x216.jpg
20190504,青浦,夏阳,梦丹苑双南两房，户型好，采光不错，诚意出售。,220万,梦丹苑  | 2室1厅 | 71.5平米 | 南 | 简装 | 无电梯,https://image1.ljcdn.com/310000-inspection/test-5e7f2146-93d1-4ac8-8341-7b86137ecd8c.png.296x216.jpg
20190504,青浦,夏阳,保安新村  单价低 双南户型 满五唯一,210万,保安新村  | 3室1厅 | 92.27平米 | 南 | 简装 | 有电梯,https://image1.ljcdn.com/310000-inspection/test-bd3b7e59-9f02-407e-94c3-db546e373ace.png.296x216.jpg
20190504,青浦,夏阳,双南户型格局正气，中间楼层，小区中间位置,190万,桂花园(青浦)  | 2室1厅 | 65.34平米 | 南 | 简装 | 无电梯,https://image1.ljcdn.com/310000-inspection/prod-2e544a9d-6fd6-4be3-93c0-fdccc8b55268.jpg.296x216.jpg
20190504,青浦,夏阳,业主精装 全明户型 诚心出售 走过路过不要错过,260万,青盈苑  | 2室1厅 | 80.57平米 | 南 | 精装 | 无电梯,https://image1.ljcdn.com/310000-inspection/prod-29f6474f-a70f-437e-a748-003c5b7417aa.jpg.296x216.jpg
20190504,青浦,夏阳,怡田小区 2室1厅 210万,210万,怡田小区  | 2室1厅 | 67.3平米 | 南 | 简装 | 无电梯,https://image1.ljcdn.com/310000-inspection/prod-70e82395-2f36-4b94-ad95-b27701f49687.jpg.296x216.jpg
20190504,青浦,夏阳,庆华新房，总价低，配套成熟，交通便利，近中医院,148万,庆华新村  | 2室0厅 | 50.95平米 | 南 | 简装 | 无电梯,https://image1.ljcdn.com/310000-inspection/test-a06b897c-6238-47f7-a793-3afc83680ee0.png.296x216.jpg
20190504,青浦,夏阳,精装修拎包入住，中高楼层采光好，全南户型原始三房。,190万,城东新村  | 2室1厅 | 65.97平米 | 南 | 简装 | 无电梯,https://image1.ljcdn.com/310000-inspection/test-689d9190-e3c7-48b8-aa4f-9a62e6b59db6.png.296x216.jpg
20190504,青浦,夏阳,地铁口700米+中间楼层+看中还能谈,185万,祥龙小区  | 2室1厅 | 56.28平米 | 南 | 毛坯 | 无电梯,https://image1.ljcdn.com/310000-inspection/prod-bd295a1e-0458-442b-96f7-d03528cfea88.jpg.296x216.jpg
20190504,青浦,夏阳,城东双南大两房，中等装修采光不挡；价格可以谈谈谈。,163万,城东新村  | 2室1厅 | 58.59平米 | 南 | 简装 | 无电梯,https://image1.ljcdn.com/310000-inspection/test-775cb341-f33b-4b50-84ca-403a1e5be046.png.296x216.jpg
20190504,青浦,夏阳,城东经典双南两房  全明户型 诚意出售,152万,城东新村  | 2室1厅 | 52.56平米 | 南 | 简装 | 无电梯,https://image1.ljcdn.com/310000-inspection/prod-9fd1334c-f13d-4e4f-b7bc-1ab172ab62ee.png.296x216.jpg
20190504,青浦,夏阳,怡田小区 2室1厅 184万,184万,怡田小区  | 2室1厅 | 57.69平米 | 南 | 简装 | 无电梯,https://image1.ljcdn.com/310000-inspection/prod-ebb9afbe-38d6-4ee0-82f8-e75b4058f55f.jpg.296x216.jpg
20190504,青浦,夏阳,城东新村 2室1厅 188万,188万,城东新村  | 2室1厅 | 63.58平米 | 南 | 其他 | 无电梯,https://image1.ljcdn.com/310000-inspection/prod-7580da60-9cda-43be-9ced-c559f43c5297.jpg.296x216.jpg
20190504,青浦,夏阳,双南全明户型，小区中间位置，不靠马路，配套设施成熟,153万,城东新村  | 2室1厅 | 51.81平米 | 南 | 简装 | 无电梯,https://image1.ljcdn.com/310000-inspection/prod-0be03fa5-fc10-41ff-bac2-e05a5efa3404.jpg.296x216.jpg
20190504,青浦,夏阳,祥龙小区 2室1厅 167万,167万,祥龙小区  | 2室1厅 | 56.28平米 | 南 | 精装 | 无电梯,https://image1.ljcdn.com/310000-inspection/test-1cbd0b99-ecc1-49bd-9178-ed2a1826ddd9.png.296x216.jpg
20190504,青浦,夏阳,界泾港新村 2室1厅 195万,195万,界泾港新村  | 2室1厅 | 69.51平米 | 南 | 简装 | 无电梯,https://image1.ljcdn.com/310000-inspection/prod-76e33731-ad33-424f-9b76-188dbc409eab.jpg.296x216.jpg
20190504,青浦,夏阳,怡田小区 3室1厅 280万,280万,怡田小区  | 3室1厅 | 92.53平米 | 南 | 其他 | 无电梯,https://image1.ljcdn.com/310000-inspection/prod-45654995-5fa0-41ab-9d20-12a40ce27fbc.jpg.296x216.jpg
20190504,青浦,夏阳,大盈公寓，房型正气，全明户型，满五唯一，诚售可谈,255万,大盈公寓  | 2室1厅 | 99.49平米 | 南 | 简装 | 无电梯,https://image1.ljcdn.com/310000-inspection/test-2c193321-6f8e-45b1-ac84-e7053ffd33d2.png.296x216.jpg
20190504,青浦,夏阳,三区大两房采光好，立邦漆装修，拎包入住满五可谈。,176万,城东新村  | 2室1厅 | 63.45平米 | 南 | 简装 | 无电梯,https://image1.ljcdn.com/310000-inspection/test-6a2de3cd-1c0f-41c0-9385-d0da855bf74a.png.296x216.jpg
20190504,青浦,夏阳,庆华新村 2室1厅 160万,160万,庆华新村  | 2室1厅 | 46.86平米 | 南 | 简装 | 无电梯,https://image1.ljcdn.com/310000-inspection/prod-55d86c68-642b-47a8-bf90-b6605def3fc8.jpg.296x216.jpg
20190504,青浦,夏阳,庆华三村，一梯四户中间套，满五年唯一，看中可谈价,146万,庆华新村  | 2室1厅 | 52.22平米 | 南 | 简装 | 无电梯,https://image1.ljcdn.com/310000-inspection/prod-b9ea1cfa-56ea-45ad-9b08-47c03d596384.jpg.296x216.jpg
20190504,青浦,夏阳,2009年东边套，满五唯一，高层景观房三房精装,350万,吉富绅花园  | 3室2厅 | 105平米 | 南 北 | 简装 | 有电梯,https://image1.ljcdn.com/310000-inspection/prod-88fde580-7273-4339-a0d2-fe39c8addb03.jpg.296x216.jpg
20190504,青浦,夏阳,仁恒运杰河滨花园 2室1厅 253万,253万,仁恒运杰河滨花园  | 2室1厅 | 78.17平米 | 南 | 精装 | 有电梯,https://image1.ljcdn.com/310000-inspection/prod-02f2a093-a45d-480d-b6d4-e9e87a562dc6.jpg.296x216.jpg
20190504,青浦,夏阳,满五唯一，采光好，楼层好，配套齐全，交通便利,218万,华骥苑  | 2室2厅 | 68.35平米 | 南 | 其他 | 无电梯,https://image1.ljcdn.com/310000-inspection/test-600b5643-a511-428b-9200-a35ef95dd1af.png.296x216.jpg
20190504,青浦,夏阳,沪青路21号 2室1厅 130万,130万,沪青路21号  | 2室1厅 | 43.2平米 | 南 | 其他,https://image1.ljcdn.com/310000-inspection/test-aee8e30e-e85f-4e50-ac2b-975e1d7731d4.png.296x216.jpg
20190504,青浦,夏阳,城东新村，双南户型，看房随时，诚心出售，价格可谈,158万,城东新村  | 2室1厅 | 52平米 | 南 | 简装 | 无电梯,https://image1.ljcdn.com/310000-inspection/test-9da9d484-19a9-47c4-aba2-328952e3972f.png.296x216.jpg
20190504,青浦,夏阳,华科东路180弄 2室1厅 230万,230万,华科东路180弄  | 2室1厅 | 63.41平米 | 南 | 精装,https://image1.ljcdn.com/310000-inspection/prod-ccef54a1-3d9c-47d6-8596-7643a2268562.jpg.296x216.jpg
20190504,青浦,夏阳,界泾港新村 中间楼层 近青浦新城站,230万,界泾港新村  | 2室1厅 | 73.89平米 | 南 | 简装 | 无电梯,https://image1.ljcdn.com/310000-inspection/prod-cd229438-abb5-4093-a001-fa285bfe9df0.jpg.296x216.jpg
20190504,青浦,夏阳,鑫塔水尚 2室1厅 360万,360万,鑫塔水尚  | 2室1厅 | 91.08平米 | 南 | 其他,https://image1.ljcdn.com/310000-inspection/prod-fe6489d9-f289-41b7-a236-096edc7ba67c.jpg.296x216.jpg
20190504,青浦,夏阳,青盈苑 2室1厅 220万,220万,青盈苑  | 2室1厅 | 71.65平米 | 南 | 精装 | 无电梯,https://image1.ljcdn.com/310000-inspection/prod-728f3882-43b6-4ae2-9b80-c1fd4c72eaa7.jpg.296x216.jpg
20190504,青浦,夏阳,城东新村 3室1厅 190万,190万,城东新村  | 3室1厅 | 58平米 | 南 | 简装 | 无电梯,https://image1.ljcdn.com/310000-inspection/prod-d1c5fd6d-522d-4f26-879b-1e7ec3429bf7.jpg.296x216.jpg
20190504,青浦,夏阳,怡田小区 2室2厅 220万,220万,怡田小区  | 2室2厅 | 71.02平米 | 南 北 | 精装 | 无电梯,https://image1.ljcdn.com/310000-inspection/prod-889b6bda-db9e-4974-9e3d-8d249b1c8402.jpg.296x216.jpg
20190504,青浦,夏阳,庆华新村 2室1厅 129万,129万,庆华新村  | 2室1厅 | 46.86平米 | 南 | 其他 | 无电梯,https://image1.ljcdn.com/310000-inspection/prod-daa34412-cc64-4cf3-a855-78d9ae994edc.jpg.296x216.jpg
20190504,青浦,夏阳,城东新村 2室1厅 140万,140万,城东新村  | 2室1厅 | 45.88平米 | 南 | 其他 | 无电梯,https://image1.ljcdn.com/310000-inspection/prod-9b8d4021-94c5-4dbf-81f9-533512f8900b.jpg.296x216.jpg
20190504,青浦,夏阳,桂花园  小面积两房 利用率高 满二唯一无户口,176万,桂花园(青浦)  | 2室1厅 | 65.27平米 | 南 | 简装 | 无电梯,https://image1.ljcdn.com/310000-inspection/prod-3042ebad-6594-43e0-97ec-57dbe00eae25.jpg.296x216.jpg
20190504,青浦,夏阳,梦丹苑精装两房 价格低 配套齐全 中间楼层,230万,梦丹苑  | 2室1厅 | 76.33平米 | 南 | 精装 | 无电梯,https://image1.ljcdn.com/310000-inspection/prod-ef837afe-ea63-40de-bd0a-7bc797331d98.jpg.296x216.jpg
20190504,青浦,夏阳,帕缇欧香苑 2室1厅 330万新上,330万,帕缇欧香苑  | 2室1厅 | 108.7平米 | 南 | 简装 | 有电梯,https://image1.ljcdn.com/310000-inspection/prod-70a1c7c4-24ee-4824-b6f4-5623fa80c97b.jpg.296x216.jpg
20190504,青浦,夏阳,章浜新村 2室1厅 166万,166万,章浜新村  | 2室1厅 | 55.38平米 | 南 | 其他 | 无电梯,https://image1.ljcdn.com/310000-inspection/prod-15e12750-b919-472b-81ee-1ef7d3245666.jpg.296x216.jpg
20190504,青浦,夏阳,城东新村 2室1厅 152万,152万,城东新村  | 2室1厅 | 51平米 | 南 | 其他 | 无电梯,https://image1.ljcdn.com/310000-inspection/prod-f7dea1fb-898d-43b2-9b70-7f6165edc5f4.jpg.296x216.jpg
20190504,青浦,夏阳,运杰城市花园 3室2厅 380万,380万,运杰城市花园  | 3室2厅 | 134.18平米 | 南 | 精装 | 有电梯,https://image1.ljcdn.com/310000-inspection/prod-2b17474b-1a05-438b-bd45-602f66ad9a62.jpg.296x216.jpg
20190504,青浦,夏阳,新锦港花园 3室1厅 338万,338万,新锦港花园  | 3室1厅 | 102.56平米 | 南 | 精装 | 无电梯,https://image1.ljcdn.com/310000-inspection/prod-0604d90b-2a51-4dc1-a07c-85a0a9c3143d.jpg.296x216.jpg
20190504,青浦,夏阳,店长推荐房源  精装修 全明户型 不要错过！新上,170万,庆华新村  | 2室1厅 | 55.27平米 | 南 | 精装 | 无电梯,https://image1.ljcdn.com/310000-inspection/prod-74cb6d58-c81d-4ce6-9732-373b042cdf99.jpg.296x216.jpg
20190504,青浦,夏阳,房本满五年！全明格局！无抵押可安全过户！,160万,城东新村  | 2室1厅 | 54.13平米 | 南 | 精装 | 无电梯,https://image1.ljcdn.com/shfdfs-image/20160305/e5fd9f1e-b8e7-491c-804e-e44a7e6447ed.jpg.296x216.jpg
20190504,青浦,夏阳,婚房装修，业主自住，保养好，无遮挡。税少,265万,金地格林郡  | 2室2厅 | 89.38平米 | 南 | 精装 | 有电梯,https://image1.ljcdn.com/shfdfs-image/20170708/63ae509d-56c7-4508-ad61-f389c8df76f3.jpg.296x216.jpg
20190504,青浦,夏阳,中装两房，南北通户型，随时可看，看中可谈！！,250万,佳乐苑  | 2室2厅 | 73.54平米 | 南 | 简装,https://image1.ljcdn.com/310000-inspection/0ba499c7-50f7-41df-b279-4bdf0b7392ce.jpg.296x216.jpg
20190504,青浦,夏阳,运杰城市花园品质小区，业主自住全新装修，看房很方便,430万,运杰城市花园  | 3室2厅 | 160.37平米 | 南 | 精装 | 有电梯,https://image1.ljcdn.com/shfdfs-image/20170923/fb6c18d1-56b0-401a-98e7-3c21b3b16811.jpg.296x216.jpg
20190504,青浦,夏阳,品质小区  小区环境优美  精装,465万,顺驰蓝湾  | 4室2厅 | 148.37平米 | 南 | 精装 | 无电梯,https://image1.ljcdn.com/shfdfs-image/20170829/3e41fd19-f4e7-4e5d-8ffc-429bde045600.jpg.296x216.jpg
20190504,青浦,夏阳,蓬莱山庄精装带阁楼，使用面积大，具划算，看房找我呀,400万,蓬莱山庄  | 3室2厅 | 126.09平米 | 南 | 精装 | 无电梯,https://image1.ljcdn.com/shfdfs-image/20171103/6f382cea-f11a-4d41-9609-ba4bd203a4a0.jpg.296x216.jpg
20190504,青浦,夏阳,佳乐苑 3室2厅 321万,321万,佳乐苑  | 3室2厅 | 130.24平米 | 南 | 简装,https://image1.ljcdn.com/shfdfs-image/20170311/6e37491f-2953-4058-b654-f929c697862b.jpg.296x216.jpg
20190504,青浦,夏阳,青浦大厦 3室2厅 320万新上,320万,青浦大厦  | 3室2厅 | 137.4平米 | 南 | 毛坯,https://image1.ljcdn.com/shfdfs-image/20160317/95def25b-691c-44ba-afca-95549de4907e.jpg.296x216.jpg
20190504,青浦,夏阳,总价低，教育好，近地铁，户型方正,198万,佳乐苑  | 2室1厅 | 63.83平米 | 南 | 简装,https://image1.ljcdn.com/310000-inspection/7cdab4a4-7e0b-490e-82d9-32a946341fa5.JPG.296x216.jpg
20190504,青浦,夏阳,带院子户型正+三房+精装可拎包住+看房可预约,315万,新城盛景园  | 3室1厅 | 89.17平米 | 南 北 | 精装 | 有电梯,https://image1.ljcdn.com/310000-inspection/7c45d104-e6b2-4f4e-8ad4-3366c2e0980d.jpg.296x216.jpg
20190504,青浦,夏阳,临地铁，边套全明3房，采光好，通风好，带22平花园。,228万,章浜新村  | 3室1厅 | 77.95平米 | 南 | 简装 | 无电梯,https://image1.ljcdn.com/shfdfs-image/20171215/a0032e29-fe21-4410-8e2a-9efb1776c045.jpg.296x216.jpg
20190504,青浦,夏阳,电梯房满五唯一，农村动迁，看房方便，价格诚心,354万,佳乐苑  | 3室2厅 | 146.48平米 | 南 | 精装 | 有电梯,https://image1.ljcdn.com/shfdfs-image/20180113/56b87edd-5ecf-42e3-9574-0799044bdf14.jpg.296x216.jpg
20190504,青浦,夏阳,甄选复式房，南北套，楼层好，采光棒,258万,仁恒运杰河滨花园  | 2室2厅 | 90.47平米 | 南 | 精装 | 有电梯,https://image1.ljcdn.com/shfdfs-image/20160701/2a968886-ec23-4130-98d5-0c1a8e402847.jpg.296x216.jpg
20190504,青浦,夏阳,蓬莱山庄，小三房，配套齐全，交通便利,220万,蓬莱山庄  | 3室1厅 | 80.94平米 | 南 | 简装 | 无电梯,https://image1.ljcdn.com/shfdfs-image/20171029/cc07a541-5d1c-47d3-a7ad-03b83232649d.jpg.296x216.jpg
20190504,青浦,夏阳,地铁口400米，精装三房，价格可谈。新上,295万,新青浦花苑(公寓)  | 3室2厅 | 119.64平米 | 南 | 精装 | 无电梯,https://image1.ljcdn.com/shfdfs-image/20161115/37844c45-1949-4810-ab40-34a06e3e31eb.jpg.296x216.jpg
20190504,青浦,夏阳,城中东路311号 3室2厅 340万新上,340万,城中东路311号  | 3室2厅 | 124.5平米 | 南 北 | 其他,https://image1.ljcdn.com/shfdfs-image/20170814/74b8af92-19aa-4783-be8b-5d2a2dcda575.jpg.296x216.jpg
20190504,青浦,夏阳,界泾港新村  近菜场 满五唯一 ..........,320万,界泾港新村  | 3室2厅 | 106.06平米 | 南 | 精装 | 无电梯,https://image1.ljcdn.com/shfdfs-image/20151111/37d7d3a8-32fe-461e-9445-50a1fa57640d.jpg.296x216.jpg
20190504,青浦,夏阳,别墅小区，5楼带阁楼，南北通，前后无遮挡，随时可看,415万,顺驰蓝湾  | 3室2厅 | 126.5平米 | 南 | 精装 | 无电梯,https://image1.ljcdn.com/310000-inspection/bc6d4298-53af-469b-a2e6-f08383b6b19c.jpg.296x216.jpg
20190504,青浦,夏阳,小区北门位置，房型比较正气，近地铁口,308万,新青浦佳园  | 3室2厅 | 99.36平米 | 南 | 精装 | 无电梯,https://image1.ljcdn.com/shfdfs-image/20170409/7222c041-93d6-44cf-bbd8-f0a95db8fe8b.jpg.296x216.jpg
20190504,青浦,夏阳,品质小区，青浦新城地铁站，次新小区。,355万,中铁逸都  | 3室2厅 | 104.03平米 | 南 | 精装 | 有电梯,https://image1.ljcdn.com/shfdfs-image/20180117/85afbdec-7a5c-4698-8b42-de4a0744eab1.jpg.296x216.jpg
20190504,青浦,夏阳,帕缇欧香苑，精装修叠加复式，可做七个房间，诚心卖,950万,帕缇欧香苑  | 6室3厅 | 251.5平米 | 南 | 精装 | 无电梯,https://image1.ljcdn.com/310000-inspection/646ab862-1a26-4f84-bc50-03a9e03ee759.JPG.296x216.jpg
20190504,青浦,夏阳,祥龙小区 3室1厅 192万,192万,祥龙小区  | 3室1厅 | 65.6平米 | 南 | 精装 | 无电梯,https://image1.ljcdn.com/shfdfs-image/20171221/10501e71-6704-4bd7-8ef7-1675931df076.jpg.296x216.jpg
20190504,青浦,夏阳,金地格林郡 可改三房 楼层好 采光充足 诚意出售,280万,金地格林郡  | 2室2厅 | 88.78平米 | 南 | 毛坯 | 有电梯,https://image1.ljcdn.com/310000-inspection/215942c4-7150-485d-9b71-9b73bba89bf2.JPG.296x216.jpg
20190504,青浦,夏阳,华骥苑 大两房 全明户型 两年内精装 诚意出售随时看,240万,华骥苑  | 2室2厅 | 89.47平米 | 南 | 精装 | 无电梯,https://image1.ljcdn.com/310000-inspection/c94b8fb7-d711-4486-977e-9180a6c218cf.JPG.296x216.jpg
20190504,青浦,夏阳,章浜新村 3室1厅 195万,195万,章浜新村  | 3室1厅 | 65.5平米 | 南 | 精装 | 无电梯,https://image1.ljcdn.com/310000-inspection/9ebb7fc0-2390-4ad0-97ed-e2d20ff89516.JPG.296x216.jpg
20190504,青浦,夏阳,运杰城市花园 3室2厅 430万,430万,运杰城市花园  | 3室2厅 | 123.98平米 | 南 | 精装 | 有电梯,https://image1.ljcdn.com/shfdfs-image/20161019/e8c2fd63-b75c-4338-862a-dfbe4062f974.jpg.296x216.jpg
20190504,青浦,夏阳,梦丹苑正气大三房，带阁楼宽敞明亮！,305万,梦丹苑  | 3室2厅 | 130.6平米 | 南 北 | 简装 | 无电梯,https://image1.ljcdn.com/shfdfs-image/20170512/72d01436-66b0-467c-8876-e166ed669095.jpg.296x216.jpg
20190504,青浦,夏阳,边套全明3房，采光好，通风好，带22平花园.,275万,浦汇新村  | 3室1厅 | 96.41平米 | 南 | 简装 | 无电梯,https://image1.ljcdn.com/shfdfs-image/20161208/82228d09-2e61-46de-a95b-4e5c5e4ae444.jpg.296x216.jpg
20190504,青浦,夏阳,三开间朝南，户型正气，中.央空调带地暖,325万,鑫塔水尚  | 2室2厅 | 91.89平米 | 南 | 精装,https://image1.ljcdn.com/shfdfs-image/20171125/91241361-319b-475a-a664-97dfc34740d6.jpg.296x216.jpg
20190504,青浦,夏阳,庆华新村，总价低，精装1房，税费少,139万,庆华新村  | 1室1厅 | 42.46平米 | 暂无数据 | 其他 | 无电梯,https://image1.ljcdn.com/shfdfs-image/20160823/2ef8f454-4657-4953-8803-9e79d696d201.jpg.296x216.jpg
20190504,青浦,夏阳,仁恒运杰河滨花园，正气大三房，,450万,仁恒运杰河滨花园  | 3室2厅 | 133.18平米 | 南 北 | 简装 | 有电梯,https://image1.ljcdn.com/shfdfs-image/20170103/a4b70707-0d3e-4c5f-8741-90595cc89cae.jpg.296x216.jpg
20190504,青浦,夏阳,金地绿化棒物业严格 品质洋房情景别墅 房东诚心卖,360万,金地格林郡  | 3室2厅 | 137平米 | 南 | 精装 | 无电梯,https://image1.ljcdn.com/shfdfs-image/20171201/5d26b487-eb5c-4838-acc4-92d48d709a1a.jpg.296x216.jpg
20190504,青浦,夏阳,南北通透 户型方正  楼层好 配套成熟,380万,顺驰蓝湾  | 3室2厅 | 139.34平米 | 南 北 | 精装 | 无电梯,https://image1.ljcdn.com/shfdfs-image/20170827/42e52c1a-c748-440c-8bbd-a5fbb15ed21d.jpg.296x216.jpg
20190504,青浦,夏阳,《金地格林郡》错层花园洋房 品质高、端住宅随时可看,390万,金地格林郡  | 3室2厅 | 136.59平米 | 南 | 简装 | 无电梯,https://image1.ljcdn.com/shfdfs-image/20160825/504d8529-401d-4af0-86b3-bfba0b0b536a.jpg.296x216.jpg
20190504,青浦,夏阳,近地铁，自带幼儿园，晓学在门口，配套齐全，少税,320万,新青浦花苑(公寓)  | 3室2厅 | 110.11平米 | 南 | 简装 | 无电梯,https://image1.ljcdn.com/310000-inspection/50cdc5a2-dcbe-4202-b3ca-5a20445fb154.JPG.296x216.jpg
20190504,青浦,夏阳,桂花园(青浦) 2室1厅 220万,220万,桂花园(青浦)  | 2室1厅 | 81.83平米 | 南 | 精装 | 无电梯,https://image1.ljcdn.com/310000-inspection/rsp_pic_upload818a23bd-ad85-4bd5-8c6f-a06160277b30.JPG.296x216.jpg
20190504,青浦,夏阳,包含产权车位，好楼层临河景观房，飞机户型，通风很好,450万,仁恒运杰河滨花园  | 3室2厅 | 132.6平米 | 南 | 精装 | 有电梯,https://image1.ljcdn.com/shfdfs-image/20170909/ca1f0389-d74e-413a-bde9-f209a3c80466.jpg.296x216.jpg
20190504,青浦,夏阳,花园社区，高品质，视野好，出行方便,353.5万,中铁逸都  | 3室2厅 | 97平米 | 南 北 | 精装 | 有电梯,https://image1.ljcdn.com/shfdfs-image/20160611/502bdfbc-bb89-46b3-a6ac-23be3f870321.jpg.296x216.jpg
20190504,青浦,夏阳,章浜新村 2室1厅 165万,165万,章浜新村  | 2室1厅 | 56.82平米 | 南 | 精装 | 无电梯,https://image1.ljcdn.com/shfdfs-image/20170722/5ebaddb7-1143-4deb-a02d-cc301ca64710.jpg.296x216.jpg
20190504,青浦,夏阳,1楼带花园，可以改2卫，户型可改动空间大。,265万,桂花园(青浦)  | 3室2厅 | 108.47平米 | 南 | 简装 | 无电梯,https://image1.ljcdn.com/310000-inspection/rsp_pic_uploadb8d09308-a12b-4023-820f-32de39ec50b4.JPG.296x216.jpg
20190504,青浦,夏阳,城东新村，满五唯一，经典三房，看房方便,238万,城东新村  | 3室1厅 | 81.51平米 | 南 | 简装 | 无电梯,https://image1.ljcdn.com/shfdfs-image/20170709/34a4d57c-ccb5-4e6f-9635-f17efae2dc1e.jpg.296x216.jpg
20190504,青浦,夏阳,怡田精品小三房、双南一北双天井、临河河边有小公园,195万,怡田小区  | 3室1厅 | 63.4平米 | 南 | 简装 | 无电梯,https://image1.ljcdn.com/310000-inspection/rsp_pic_upload57442235-969f-4c8c-baf5-8a1333345417.JPG.296x216.jpg
20190504,青浦,夏阳,淞浦花园 2室2厅 305万,305万,淞浦花园  | 2室2厅 | 104.29平米 | 南 | 精装 | 无电梯,https://image1.ljcdn.com/shfdfs-image/20160324/20714e34-64c4-44d0-881b-6364a1715e9b.jpg.296x216.jpg
20190504,青浦,夏阳,运杰城市花园，三房两厅一卫，装修好，业主诚意出售,340万,运杰城市花园  | 3室2厅 | 124.2平米 | 南 | 精装 | 有电梯,https://image1.ljcdn.com/shfdfs-image/20170420/31543f4b-7303-4d2c-8887-0c20c79dd8e5.jpg.296x216.jpg
20190504,青浦,夏阳,新青浦佳园，出门就是地铁口，环境很不错，,395万,新青浦佳园  | 4室2厅 | 139.61平米 | 南 | 精装 | 无电梯,https://image1.ljcdn.com/310000-inspection/04050643-e8aa-48ab-938e-2bc903c8964a.JPG.296x216.jpg
20190504,青浦,夏阳,梦丹苑、大三房、楼层好、采光好、交通便利,290万,梦丹苑  | 3室1厅 | 97.2平米 | 南 | 简装 | 无电梯,https://image1.ljcdn.com/310000-inspection/48c4bd8c-e672-4092-91bc-ef99ce44737c.JPG.296x216.jpg
20190504,青浦,夏阳,正气大三，房采光好，装修好，客厅南北通透，交通便利,409万,夏阳湖国际花园  | 3室2厅 | 136.52平米 | 南 | 简装 | 有电梯,https://image1.ljcdn.com/310000-inspection/71796053-79a6-4054-88b9-07222a863c12.JPG.296x216.jpg
20190504,青浦,夏阳,界泾港新村 2室1厅 210万,210万,界泾港新村  | 2室1厅 | 70.28平米 | 南 | 简装 | 无电梯,https://image1.ljcdn.com/shfdfs-image/20170930/d4d01d79-3d45-48a5-8a45-64159922acc6.jpg.296x216.jpg
20190504,青浦,夏阳,浦汇新村 3室2厅 305万,305万,浦汇新村  | 3室2厅 | 132平米 | 南 | 精装 | 无电梯,https://image1.ljcdn.com/310000-inspection/rsp_pic_uploadfe321257-0273-41b3-a693-2865c53a3289.JPG.296x216.jpg
20190504,青浦,夏阳,品质 南北通三房，中高层全明，门口就是公交站,370万,金地格林郡  | 3室2厅 | 135.14平米 | 南 | 精装 | 有电梯,https://image1.ljcdn.com/shfdfs-image/20171118/9d832ff5-d31a-4e79-af19-f031eb484e01.jpg.296x216.jpg
20190504,青浦,夏阳,帕缇欧香苑三期，全新装修，业主一天都没有住过,390万,帕缇欧香苑  | 3室2厅 | 117.62平米 | 南 | 精装 | 有电梯,https://image1.ljcdn.com/shfdfs-image/20180110/46075720-c630-4693-8cdd-9f35f16ef399.jpg.296x216.jpg
20190504,青浦,夏阳,金地大四房+情景洋房+户型方正看房方便的,445万,金地格林郡  | 4室2厅 | 161.45平米 | 南 | 精装 | 无电梯,https://image1.ljcdn.com/310000-inspection/b9c1975f-ff43-43c0-9589-f9627fc96700.jpg.296x216.jpg
20190504,青浦,夏阳,南北套三房，户型正气，采光好。位置好，附带大院子,240万,梦丹苑  | 3室1厅 | 91.72平米 | 南 | 简装 | 无电梯,https://image1.ljcdn.com/shfdfs-image/20171204/d267055c-aa20-4285-a9ec-ebdfc4358ddb.jpg.296x216.jpg
20190504,青浦,夏阳,夏阳湖旁，大平层品质小区，反房方便！,410万,亲水半岛苑  | 3室2厅 | 128.57平米 | 暂无数据 | 精装 | 无电梯,https://image1.ljcdn.com/shfdfs-image/20170428/bcbdacff-044e-40b0-8192-b39d6fe61991.jpg.296x216.jpg
20190504,青浦,夏阳,保安新村  中间楼层  采光充足.....,340万,保安新村  | 3室2厅 | 118.85平米 | 南 | 精装 | 无电梯,https://image1.ljcdn.com/shfdfs-image/20170706/7dc292bf-59e5-418d-a5ef-079b26f43ac2.jpg.296x216.jpg
20190504,青浦,夏阳,庆华新村 2室1厅 150万,150万,庆华新村  | 2室1厅 | 47.27平米 | 南 | 精装 | 无电梯,https://image1.ljcdn.com/shfdfs-image/20180117/2c3da9dc-cfca-48ab-b6cb-aec4acda0ab8.jpg.296x216.jpg
20190504,青浦,夏阳,新锦港花园 3室2厅 380万,380万,新锦港花园  | 3室2厅 | 129.24平米 | 东南 | 精装 | 无电梯,https://image1.ljcdn.com/310000-inspection/cb911cee-1e48-4e4a-ac70-79f6033bda4f.JPG.296x216.jpg
20190504,青浦,夏阳,新青浦佳园 4室2厅 500万,500万,新青浦佳园  | 4室2厅 | 189.35平米 | 南 | 精装 | 无电梯,https://image1.ljcdn.com/310000-inspection/f663b77d-d306-44cd-afec-40ae72d40353.JPG.296x216.jpg
20190504,青浦,夏阳,高品质，大4房，精装全配，地铁，交通方便，配套全,438万,吉富绅花园  | 4室2厅 | 165.76平米 | 南 | 简装 | 有电梯,https://image1.ljcdn.com/shfdfs-image/20160521/943ae21d-f983-47d6-a941-29d23f97a568.jpg.296x216.jpg
20190504,青浦,夏阳,佳乐苑 3室2厅 345万,345万,佳乐苑  | 3室2厅 | 129.71平米 | 南 | 精装,https://image1.ljcdn.com/310000-inspection/96271c12-0d41-4509-ad88-de40b3660f89.JPG.296x216.jpg
20190504,青浦,夏阳,界泾港新村，出行方便，标准朝南大两房,200万,界泾港新村  | 2室1厅 | 70.28平米 | 南 | 简装 | 无电梯,https://image1.ljcdn.com/310000-inspection/e0be97c8-3ca4-454e-b304-417f56f32e68.JPG.296x216.jpg
20190504,青浦,夏阳,品质小区，闹中取静，景观视野，六楼带阁楼精装,280万,淞浦花园  | 3室1厅 | 105.06平米 | 南 | 精装 | 无电梯,https://image1.ljcdn.com/310000-inspection/1212151e-3b39-4a18-a1c9-4dac73a3f574.JPG.296x216.jpg
20190504,青浦,夏阳,帕缇欧香苑品质小区，经典三室户，边配套成熟。,410万,帕缇欧香苑  | 3室2厅 | 144平米 | 暂无数据 | 精装 | 有电梯,https://image1.ljcdn.com/shfdfs-image/20170804/e2d1090e-f7b2-4fe1-ab4e-fe9491965b19.jpg.296x216.jpg
20190504,青浦,夏阳,大三房，三楼好楼层，同小区中价格合理,295万,体育新村  | 3室2厅 | 113.8平米 | 南 | 简装,https://image1.ljcdn.com/310000-inspection/rsp_pic_upload85dd0e1f-30f6-4f88-8388-a93c9441f567.JPG.296x216.jpg
20190504,青浦,夏阳,梦丹苑 大三房 实用面积大 客厅带朝南阳台 生活便利,280万,梦丹苑  | 3室2厅 | 110.61平米 | 南 | 简装 | 无电梯,https://image1.ljcdn.com/310000-inspection/294c6d32-6b17-4a6a-a753-c51d2132ce2c.jpg.296x216.jpg
20190504,青浦,夏阳,庆华苑，繁华地段，带阁楼，房龄新，位置安静，好房！房主自荐,350万,庆华苑  | 3室2厅 | 109.52平米 | 南 | 精装 | 无电梯,https://image1.ljcdn.com/310000-inspection/0b288ecc-4dad-49bf-b504-a6ac74fdd841.JPG.296x216.jpg
20190504,青浦,夏阳,帕缇欧香苑 3室2厅 450万,450万,帕缇欧香苑  | 3室2厅 | 141.29平米 | 南 | 精装 | 有电梯,https://image1.ljcdn.com/310000-inspection/3fae4b9c-34e2-40de-9aa6-a96e752c2f21.JPG.296x216.jpg
20190504,青浦,夏阳,西虹桥，17号地铁汇金板块精装修大房，两本产证,200万,新城盛景园  | 2室1厅 | 55.52平米 | 南 | 精装 | 无电梯,https://image1.ljcdn.com/310000-inspection/0f1f1007-1f91-403a-b479-cc6a0fd67b52.JPG.296x216.jpg
20190504,青浦,夏阳,新青浦佳园 4室2厅 550万,550万,新青浦佳园  | 4室2厅 | 184.62平米 | 南 | 其他 | 无电梯,https://image1.ljcdn.com/310000-inspection/af7654d9-cef9-4329-9a44-cb80ce49ee2a.JPG.296x216.jpg
20190504,青浦,夏阳,17地铁口，交通便利，随时可看,大两房，全明户型！！,280万,沙埭浜路74弄  | 2室2厅 | 90.72平米 | 暂无数据 | 简装 | 无电梯,https://image1.ljcdn.com/shfdfs-image/20170413/36f9f861-f574-4050-9114-c9dfb5d263fb.jpg.296x216.jpg
20190504,青浦,夏阳,浦汇新村，三房，前后无遮挡，价格低，诚心卖，急售,220万,浦汇新村  | 3室1厅 | 80.96平米 | 南 | 简装 | 无电梯,https://image1.ljcdn.com/shfdfs-image/20170603/097ccc05-cbf8-4aa6-bf0d-dae7e645d2fa.jpg.296x216.jpg
20190504,青浦,夏阳,运杰城市花园 3室2厅 435万,435万,运杰城市花园  | 3室2厅 | 136.23平米 | 暂无数据 | 精装 | 有电梯,https://image1.ljcdn.com/shfdfs-image/20171119/e848dba5-9893-4e56-84c8-cf8888d1b9cc.jpg.296x216.jpg
20190504,青浦,夏阳,桂花园(青浦) 3室2厅 300万,300万,桂花园(青浦)  | 3室2厅 | 97.17平米 | 南 | 简装 | 无电梯,https://image1.ljcdn.com/shfdfs-image/20171028/748e037d-e644-4de2-896c-096476cf5998.jpg.296x216.jpg
20190504,青浦,夏阳,蓬莱山庄成熟社区，三房大平层，实用性很高，生活便利,330万,蓬莱山庄  | 3室2厅 | 113平米 | 南 | 精装 | 无电梯,https://image1.ljcdn.com/shfdfs-image/20171121/49b63aeb-63bc-4e74-a19c-cd48487b26bd.jpg.296x216.jpg
20190504,青浦,夏阳,城中东路311号 2室2厅 200万,200万,城中东路311号  | 2室2厅 | 85.76平米 | 南 | 精装,https://image1.ljcdn.com/shfdfs-image/20171122/cc631704-0107-4969-9393-7b44641f02fc.jpg.296x216.jpg
20190504,青浦,夏阳,帕缇欧香苑 2室2厅 355万,355万,帕缇欧香苑  | 2室2厅 | 122.2平米 | 暂无数据 | 精装 | 有电梯,https://image1.ljcdn.com/shfdfs-image/20171206/15334843-8c39-45c7-a7e9-587fc40e31cf.jpg.296x216.jpg
20190504,青浦,夏阳,大盈公寓 3室2厅 380万,380万,大盈公寓  | 3室2厅 | 143平米 | 暂无数据 | 其他 | 无电梯,https://image1.ljcdn.com/shfdfs-image/20180103/384aaedb-a926-4e5c-a70a-2e8ab254b4df.jpg.296x216.jpg
20190504,青浦,夏阳,交通便利，四周配套齐全，出行方便,300万,医院路21弄  | 3室2厅 | 112.76平米 | 南 | 精装 | 无电梯,https://image1.ljcdn.com/310000-inspection/rsp_pic_upload8ad01b96-7aee-4bf7-8430-daab0c4b387a.JPG.296x216.jpg
20190504,青浦,夏阳,金地格林郡 4室2厅 490万,490万,金地格林郡  | 4室2厅 | 165.09平米 | 南 | 毛坯 | 无电梯,https://image1.ljcdn.com/310000-inspection/3189807a-1820-42eb-9210-62f165f70c05.jpg.296x216.jpg
20190504,青浦,夏阳,全明户型诚意出售 带阁楼精装修 价格可谈 拎包入住,350万,蓬莱苑  | 3室2厅 | 140.01平米 | 南 | 其他 | 无电梯,https://image1.ljcdn.com/310000-inspection/ea5ad52b-0aca-4b45-93cf-95349a540156.JPG.296x216.jpg
20190504,青浦,夏阳,运杰城市花园 满五唯一大三房，楼层好。,430万,运杰城市花园  | 3室2厅 | 147.12平米 | 南 | 其他 | 有电梯,https://image1.ljcdn.com/310000-inspection/65a45504-4725-46ae-9479-d7ab4fbcc8c4.JPG.296x216.jpg
20190504,青浦,夏阳,晨兴花园 4室2厅 400万,400万,晨兴花园  | 4室2厅 | 150.72平米 | 南 | 其他 | 无电梯,https://image1.ljcdn.com/310000-inspection/c3dcfac7-a81e-4907-ad6c-72061f933490.JPG.296x216.jpg
20190504,青浦,夏阳,梦丹苑 2室1厅 233万,233万,梦丹苑  | 2室1厅 | 87平米 | 南 | 简装 | 无电梯,https://image1.ljcdn.com/shfdfs-image/20170311/6da90623-e5d6-4c62-8b93-df89c52ab116.jpg.296x216.jpg
20190504,青浦,夏阳,华科东路180弄 1室1厅 180万,180万,华科东路180弄  | 1室1厅 | 60平米 | 东 | 精装,https://image1.ljcdn.com/shfdfs-image/20170720/05e01a65-1b95-4e8c-b92e-7eab4bce77f3.jpg.296x216.jpg
20190504,青浦,夏阳,庆华新村 2室1厅 150万,150万,庆华新村  | 2室1厅 | 50.7平米 | 南 | 简装 | 无电梯,https://image1.ljcdn.com/shfdfs-image/20170219/b311d120-2a6a-4428-8f3e-e732462ab084.jpg.296x216.jpg
20190504,青浦,夏阳,佳乐苑 4室2厅 375万,375万,佳乐苑  | 4室2厅 | 146.57平米 | 南 | 其他 | 有电梯,https://image1.ljcdn.com/shfdfs-image/20160630/0c4cf4b0-12d1-4797-8dac-74a645ac1c29.jpg.296x216.jpg
20190504,青浦,夏阳,桂花园(青浦) 3室1厅 210万,210万,桂花园(青浦)  | 3室1厅 | 72.95平米 | 南 | 简装 | 无电梯,https://image1.ljcdn.com/shfdfs-image/20161102/877391cc-2492-4826-a02a-9ae9ff595121.jpg.296x216.jpg
20190504,青浦,夏阳,界泾港新村 3室2厅 279万,279万,界泾港新村  | 3室2厅 | 106平米 | 南 | 简装 | 无电梯,https://image1.ljcdn.com/310000-inspection/f37b6309-5505-4347-a099-7b4c5739d7a0.JPG.296x216.jpg
20190504,青浦,夏阳,保安新村，满五唯一，四房住宅，价格合理,330万,青松路80弄  | 4室1厅 | 138.7平米 | 东南 | 简装 | 无电梯,https://image1.ljcdn.com/shfdfs-image/20160807/f4d826ba-5faa-435f-b52d-bcd71391df0c.jpg.296x216.jpg
20190504,青浦,夏阳,教苑新村 3室2厅 295万,295万,教苑新村  | 3室2厅 | 123.19平米 | 南 | 精装 | 无电梯,https://image1.ljcdn.com/shfdfs-image/20170326/c32b5cca-db4c-4cc9-8828-cf00bbacc9b8.jpg.296x216.jpg
20190504,青浦,夏阳,晨兴花园 3室2厅 420万,420万,晨兴花园  | 3室2厅 | 160.31平米 | 南 | 精装 | 无电梯,https://image1.ljcdn.com/shfdfs-image/20160625/635bf5d2-f527-462e-87d7-7098d385c820.jpg.296x216.jpg
20190504,青浦,夏阳,城东双南正气两房+满五唯一+精装诚意卖,152万,城东新村  | 2室1厅 | 50.2平米 | 南 | 精装 | 无电梯,https://image1.ljcdn.com/310000-inspection/984a5b79-3ee0-493f-8d47-6a077eb87842.JPG.296x216.jpg
20190504,青浦,夏阳,地铁口房+双南方正户型+低单价,210万,祥龙小区  | 3室1厅 | 73.46平米 | 南 | 简装 | 无电梯,https://image1.ljcdn.com/310000-inspection/rsp_pic_upload2bad9641-7c06-41ef-b19b-927909259dee.JPG.296x216.jpg
20190504,青浦,夏阳,庆华一村，全明户型，通风效果好，满五,115万,庆华新村  | 1室1厅 | 38.17平米 | 南 | 简装 | 无电梯,https://image1.ljcdn.com/310000-inspection/bb770641-55e8-40f5-b5dd-64c4398123c9.JPG.296x216.jpg
20190504,青浦,夏阳,精装修带花园，满五年税费少，视野开阔采光好,210万,新城盛景园  | 3室2厅 | 55.8平米 | 南 | 精装 | 无电梯,https://image1.ljcdn.com/310000-inspection/083ec97c-0fb2-421a-aa0c-5f02f8ae124a.jpg.296x216.jpg
20190504,青浦,夏阳,此房满五年税费少 精装带花园 交通便利,242万,新城盛景园  | 2室1厅 | 78.11平米 | 南 北 | 精装 | 有电梯,https://image1.ljcdn.com/shfdfs-image/20161001/d62c1da8-64ff-45df-a5ab-aed279019779.jpg.296x216.jpg
20190504,青浦,夏阳,体育新村 2室1厅 240万,240万,体育新村  | 2室1厅 | 86.9平米 | 南 | 其他,https://image1.ljcdn.com/310000-inspection/c8a11f2e-14aa-4f18-b30b-2526413eba22.JPG.296x216.jpg
20190504,青浦,夏阳,城东新村 2室1厅 156万,156万,城东新村  | 2室1厅 | 53.92平米 | 南 | 简装 | 无电梯,https://image1.ljcdn.com/310000-inspection/4cb53321-0d60-45dc-ac5b-9afef06fa2f6.JPG.296x216.jpg
20190504,青浦,夏阳,怡田小区 2室1厅 166万,166万,怡田小区  | 2室1厅 | 56.62平米 | 南 | 简装 | 无电梯,https://image1.ljcdn.com/310000-inspection/ac1ddada-42cb-4d26-bdd2-93b49a90ad5b.jpg.296x216.jpg
20190504,青浦,夏阳,电梯大三房 前后无遮挡 舒适享受,348万,佳乐苑  | 3室2厅 | 140.47平米 | 南 | 精装 | 有电梯,
20190504,青浦,夏阳,金地格林郡 2室2厅 303万,303万,金地格林郡  | 2室2厅 | 114平米 | 南 | 精装 | 有电梯,https://image1.ljcdn.com/310000-inspection/8c21289e-7437-49d9-bd7a-cc9d6af0464e.jpg.296x216.jpg
20190504,青浦,夏阳,前后无遮挡，电梯大三房，婚房装修，配套齐全出行便利,395万,吉富绅花园  | 3室2厅 | 146平米 | 南 | 精装 | 有电梯,https://image1.ljcdn.com/shfdfs-image/20160730/95e99091-52a2-405b-a82c-bf4d8e8ab66c.jpg.296x216.jpg
20190504,青浦,夏阳,青浦宝龙地铁口 新城盛景D区 两本产证不分开出售,208万,新城盛景园  | 1室1厅 | 56平米 | 南 | 精装 | 有电梯,https://image1.ljcdn.com/shfdfs-image/20160929/26971ee5-4461-47b8-adc2-1f85054d7d30.jpg.296x216.jpg
20190504,青浦,夏阳,体育新村 2室2厅 220万,220万,体育新村  | 2室2厅 | 86.9平米 | 南 | 简装,https://image1.ljcdn.com/shfdfs-image/20170702/5a685164-ebb2-4da1-880a-0a77a9fd408f.jpg.296x216.jpg
20190504,青浦,夏阳,青水湾公寓 3室2厅 365万,365万,青水湾公寓  | 3室2厅 | 113.75平米 | 南 | 精装 | 无电梯,https://image1.ljcdn.com/310000-inspection/e1a0abf9-cbea-43ab-914c-f4620a86886c.jpg.296x216.jpg
20190504,青浦,夏阳,佳乐苑 4室2厅 420万,420万,佳乐苑  | 4室2厅 | 160.27平米 | 南 | 精装,https://image1.ljcdn.com/shfdfs-image/20170312/7297a658-1bd0-4470-afc0-9767fab6b82b.jpg.296x216.jpg
20190504,青浦,夏阳,祥龙小区 2室1厅 220万,220万,祥龙小区  | 2室1厅 | 71.4平米 | 南 | 精装 | 无电梯,https://image1.ljcdn.com/310000-inspection/367a7510-b205-4a91-8061-817631372287.jpg.296x216.jpg
20190504,青浦,夏阳,金地情景别墅洋房，复式大面积。洋房品质，看房方便,450万,金地格林郡  | 4室2厅 | 165.09平米 | 南 | 精装 | 无电梯,https://image1.ljcdn.com/310000-inspection/f89f9e45-58ce-4590-a369-587fc3ed1593.jpg.296x216.jpg
20190504,青浦,夏阳,梦丹苑 3室2厅 335万,335万,梦丹苑  | 3室2厅 | 129.06平米 | 南 | 简装 | 无电梯,https://image1.ljcdn.com/shfdfs-image/20160625/94d5d309-63e7-41e6-aefe-ea29a08b1624.jpg.296x216.jpg
20190504,青浦,夏阳,青城苑 3室2厅 330万,330万,青城苑  | 3室2厅 | 104.06平米 | 南 | 简装 | 无电梯,https://image1.ljcdn.com/shfdfs-image/20151111/04e6243f-3ca1-4fd7-976c-83f769a08bfb.jpg.296x216.jpg
20190504,青浦,夏阳,运杰城市花园 3室2厅 390万,390万,运杰城市花园  | 3室2厅 | 124.2平米 | 南 | 毛坯 | 有电梯,https://image1.ljcdn.com/shfdfs-image/20161025/fbf10210-4037-49fb-9593-58a79aaaac79.jpg.296x216.jpg
20190504,青浦,夏阳,双房朝南方正户型，诚心出售，总价低！！小区中间位置,163万,祥龙小区  | 2室1厅 | 56.5平米 | 南 | 简装 | 无电梯,https://image1.ljcdn.com/310000-inspection/6e5d23a8-e94d-4fc4-8866-e30624a8428d.jpg.296x216.jpg
20190504,青浦,夏阳,临河别墅，环境优美，仅此一席，先到先得,1115万,新城盛景园  | 7室2厅 | 340.63平米 | 南 | 精装 | 无电梯,https://image1.ljcdn.com/310000-inspection/0adadc76-30b2-46ce-8ad5-c7fc4fc37e35.JPG.296x216.jpg
20190504,青浦,夏阳,新城盛景园 4室2厅 1100万,1100万,新城盛景园  | 4室2厅 | 245.88平米 | 南 | 精装 | 无电梯,https://image1.ljcdn.com/310000-inspection/b234af56-c4f8-46ac-a35d-8b933a3e09ab.JPG.296x216.jpg
20190504,青浦,夏阳,地铁，户型正气，大虹桥板块，环境美。带阁楼,390万,青水湾公寓  | 4室2厅 | 125.94平米 | 南 | 精装 | 无电梯,https://image1.ljcdn.com/310000-inspection/75ed62e4-43dd-49c8-9383-1c4a742e86bf.jpg.296x216.jpg
20190504,青浦,夏阳,洋房顶复有四个露台+自住精装拎包入住+诚心出售价可谈,450万,金地格林郡  | 4室2厅 | 170.74平米 | 南 | 精装 | 无电梯,https://image1.ljcdn.com/310000-inspection/cccd03b2-1966-4d81-9367-77856ece76c8.jpg.296x216.jpg
20190504,青浦,夏阳,70平大露台空中花园，精装自住。满五唯一税费少,289万,金地格林郡  | 3室2厅 | 88.68平米 | 南 北 | 精装 | 有电梯,https://image1.ljcdn.com/310000-inspection/ae8ebc1d-7fbb-42d9-b0f8-a0ee9d14fe48.jpg.296x216.jpg
20190504,青浦,夏阳,佳乐苑南北通大两房，全明户型，随时可看！！！新上,247万,佳乐苑  | 2室2厅 | 90.94平米 | 南 | 简装,
20190504,青浦,夏阳,庆华新村 简装两房 采光通风很好 单价低配套好,145万,庆华新村  | 2室1厅 | 50平米 | 南 | 简装 | 无电梯,https://image1.ljcdn.com/310000-inspection/370eed32-9b5e-4374-b97c-afab2df920ff.jpg.296x216.jpg
20190504,青浦,夏阳,满二、精装交付、楼层舒适、复式、诚意出售,260万,仁恒运杰河滨花园  | 2室2厅 | 90.47平米 | 南 | 精装 | 有电梯,https://image1.ljcdn.com/shfdfs-image/20161007/7ec4a448-44bf-441a-94fd-a1e3dd19c799.jpg.296x216.jpg
20190504,青浦,夏阳,新城盛景园 4室2厅 628万,628万,新城盛景园  | 4室2厅 | 121平米 | 南 | 精装 | 无电梯,https://image1.ljcdn.com/310000-inspection/9d7cb584-0057-43f1-9dac-c8b9e72423c9.JPG.296x216.jpg
20190504,青浦,夏阳,证面积312平，地上三层地下一层带花园,980万,新城盛景园  | 6室2厅 | 312平米 | 南 | 简装 | 无电梯,https://image1.ljcdn.com/shfdfs-image/20180114/800bf91a-f33b-4fcb-a5db-a00623fae721.jpg.296x216.jpg
20190504,青浦,夏阳,帕缇欧香苑品质小区，联排别墅，地上三层地下一层。,730万,帕缇欧香苑  | 4室2厅 | 212平米 | 暂无数据 | 简装 | 无电梯,https://image1.ljcdn.com/shfdfs-image/20171023/5f717006-7239-46ba-97c4-4f66eb5d0354.jpg.296x216.jpg
20190504,青浦,夏阳,金地经典复式户型，房东自住精装修，看房方便采光好,330万,金地格林郡  | 2室2厅 | 110.78平米 | 南 | 精装 | 有电梯,https://image1.ljcdn.com/310000-inspection/78b0a45b-918f-4a9c-b864-68e1fdec5925.jpg.296x216.jpg
20190504,青浦,夏阳,诚心出售 电梯大三房 南北通 户型好,350万,宜达新居  | 3室2厅 | 130.65平米 | 南 | 毛坯 | 有电梯,https://image1.ljcdn.com/shfdfs-image/20161027/ede6a195-7f4d-4d6d-9d43-5e6262881104.jpg.296x216.jpg
20190504,青浦,夏阳,青城苑 2室2厅 218万,218万,青城苑  | 2室2厅 | 78.2平米 | 南 | 简装 | 无电梯,https://image1.ljcdn.com/310000-inspection/f2455aa9-6fdb-42f3-9aa6-40139e48a778.jpg.296x216.jpg
20190504,青浦,夏阳,仁恒运杰河滨花园一期，联排别墅边套,800万,仁恒运杰河滨花园  | 3室2厅 | 218.4平米 | 南 | 毛坯 | 无电梯,https://image1.ljcdn.com/310000-inspection/a3c369dd-4461-4336-b83c-b311f3e58196.JPG.296x216.jpg
20190504,青浦,夏阳,帕缇二期，叠加别墅，房龄新，诚心卖，看房随时,900万,帕缇欧香苑  | 5室5厅 | 251.45平米 | 南 | 精装 | 无电梯,https://image1.ljcdn.com/310000-inspection/2f8651cd-54ff-4c4d-a02c-1923eccd58ac.jpg.296x216.jpg
20190504,青浦,夏阳,2017年的欧式装修，业主诚心，拎包住。满二,340万,金地格林郡  | 2室2厅 | 115.52平米 | 南 | 精装 | 有电梯,https://image1.ljcdn.com/310000-inspection/0102eb2e-94b0-4271-9248-8e4a1e463835.jpg.296x216.jpg
20190504,青浦,夏阳,新海小区(青浦) 3室2厅 380万,380万,新海小区(青浦)  | 3室2厅 | 130平米 | 南 | 其他 | 无电梯,https://image1.ljcdn.com/310000-inspection/384846f6-8aae-4ff9-a58b-2f8753b18b29.jpg.296x216.jpg
20190504,青浦,夏阳,新海小区(青浦) 3室2厅 350万,350万,新海小区(青浦)  | 3室2厅 | 130平米 | 南 | 其他 | 无电梯,https://image1.ljcdn.com/310000-inspection/c768e88d-6c1b-4bce-9e23-b13b104ff211.jpg.296x216.jpg
20190504,青浦,夏阳,新城4房2卫  大金空调  实木地板   一本产证  E区洋房,435万,新城盛景园  | 4室2厅 | 127.02平米 | 南 北 | 精装 | 无电梯,https://image1.ljcdn.com/shfdfs-image/20161231/9b2b55a1-8f7d-4aa9-9b88-734c0f03eb61.jpg.296x216.jpg
20190504,青浦,夏阳,运杰城市花园 3室2厅 480万,480万,运杰城市花园  | 3室2厅 | 162.11平米 | 南 | 其他 | 有电梯,https://image1.ljcdn.com/310000-inspection/f462f0ad-2591-483f-9d21-ba0cf83a8244.jpg.296x216.jpg
20190504,青浦,夏阳,挑高客厅，带阁楼，可做六房，诚心出售,405万,佳乐苑  | 3室2厅 | 160.27平米 | 南 | 精装,https://image1.ljcdn.com/shfdfs-image/20161016/c013a523-3556-4288-9edb-0830c4a50bbc.jpg.296x216.jpg
20190504,青浦,夏阳,保安新村   视野开阔  采光充足,217万,保安新村  | 2室1厅 | 76.4平米 | 南 | 简装 | 无电梯,https://image1.ljcdn.com/shfdfs-image/20170518/b94f18c7-da40-4376-a879-aaad0fbb7fee.jpg.296x216.jpg
20190504,青浦,夏阳,庆华新村 3室1厅 243万,243万,庆华新村  | 3室1厅 | 76.16平米 | 南 | 精装 | 无电梯,https://image1.ljcdn.com/shfdfs-image/20170808/39aa2374-165e-4011-88e3-c61d4f4bace1.jpg.296x216.jpg
20190504,青浦,夏阳,帕缇欧香联排别墅，精装修，无遮挡视野好，环境舒适,850万,帕缇欧香苑  | 5室3厅 | 242.95平米 | 南 | 精装 | 无电梯,https://image1.ljcdn.com/shfdfs-image/20170309/a95f0ed6-b836-46c2-a9a4-a07dfbcf3e90.jpg.296x216.jpg
20190504,青浦,夏阳,城区菜场旁复式房出售.产权清晰.诚意出售,435万,新青浦花苑(公寓)  | 3室2厅 | 161.58平米 | 南 | 其他 | 无电梯,https://image1.ljcdn.com/shfdfs-image/20170318/c7798db4-7c8f-4947-801a-fdfa8175a707.jpg.296x216.jpg
20190504,青浦,夏阳,佳乐苑 3室2厅 360万,360万,佳乐苑  | 3室2厅 | 141.6平米 | 南 | 其他 | 有电梯,https://image1.ljcdn.com/shfdfs-image/20170215/f56d9971-7663-46f2-b47f-41a28368d1a3.jpg.296x216.jpg
20190504,青浦,夏阳,业主诚心出售 大两房 全新装修 拎包入住 单价便宜,165万,祥龙小区  | 2室1厅 | 56.6平米 | 南 | 精装 | 无电梯,https://image1.ljcdn.com/x-se/shfdfs-image/20161124/236764cd-ae39-4498-afa1-f84f1ed8bf94.jpg.280x210.jpg
20190504,青浦,夏阳,章浜新村，带阁楼，单价低，随时看，业主诚心出售,330万,章浜新村  | 3室2厅 | 150.12平米 | 南 | 精装 | 无电梯,https://image1.ljcdn.com/shfdfs-image/20160626/60a79240-970f-460e-873d-e8744c6f8665.jpg.296x216.jpg
20190504,青浦,夏阳,庆华新村 2室1厅 175万房主自荐,175万,庆华新村  | 2室1厅 | 55.64平米 | 南 | 其他 | 无电梯,https://image1.ljcdn.com/shfdfs-image/20170219/6122c0a0-8203-4c2c-97a8-6ff95b67a5cb.jpg.296x216.jpg
20190504,青浦,夏阳,庆华新村 2室1厅 137万,137万,庆华新村  | 2室1厅 | 50.7平米 | 南 | 毛坯 | 无电梯,https://image1.ljcdn.com/310000-inspection/eea66b7c-65d4-46de-ba3b-6fc1e2661933.jpg.296x216.jpg
20190504,青浦,夏阳,城中东路309号 3室1厅 215万,215万,城中东路309号  | 3室1厅 | 80.24平米 | 南 | 其他,https://image1.ljcdn.com/310000-inspection/01b42831-6647-4df3-9bea-86f36a3cc22b.JPG.296x216.jpg
20190504,青浦,夏阳,庆华新村，装修好，业主诚意出售，采光好,152万,庆华新村  | 2室0厅 | 52平米 | 南 | 精装 | 无电梯,
20190504,青浦,夏阳,救护大队路25号 2室1厅 150万,150万,救护大队路25号  | 2室1厅 | 47.13平米 | 南 | 简装 | 无电梯,https://image1.ljcdn.com/shfdfs-image/20180120/1788eee0-6b97-4acf-84ea-08dd67713bb0.jpg.296x216.jpg
20190504,青浦,夏阳,仁恒运杰河滨花园 3室2厅 350万新上,350万,仁恒运杰河滨花园  | 3室2厅 | 118.12平米 | 南 | 简装 | 有电梯,
20190504,青浦,夏阳,华骥苑 3室2厅 260万新上,260万,华骥苑  | 3室2厅 | 89.5平米 | 南 | 精装 | 无电梯,https://image1.ljcdn.com/x-se/hdic-frame/59d3fdac-b8bd-4c90-acf4-b730ae18954f.png.280x210.jpg
20190504,青浦,夏阳,仁恒运杰河滨花园 5室3厅 520万新上,520万,仁恒运杰河滨花园  | 5室3厅 | 160.9平米 | 南 | 精装 | 有电梯,
20190504,青浦,夏阳,精装大别墅，自带大花园，精装带地暖！！！,800万,顺驰蓝湾  | 4室3厅 | 200平米 | 南 北 | 精装 | 无电梯,
20190504,青浦,夏阳,晨兴公寓 3室2厅 430万,430万,晨兴公寓  | 3室2厅 | 138.5平米 | 南 | 其他 | 无电梯,https://image1.ljcdn.com/shfdfs-image/20161220/ace5fc01-9c73-4886-b12c-61f124547db9.jpg.296x216.jpg
20190504,青浦,夏阳,电梯毛坯大三房  随意装修 中间楼层  南北通,367万,佳乐苑  | 3室2厅 | 146.63平米 | 南 | 毛坯 | 有电梯,https://image1.ljcdn.com/x-se/hdic-frame/8de58b7d-a59a-4a56-a892-f43c8be36eb9.png.280x210.jpg
20190504,青浦,夏阳,章浜新村 2室2厅 225万新上,225万,章浜新村  | 2室2厅 | 79.32平米 | 东 | 简装 | 无电梯,
20190504,青浦,夏阳,庆华新村 2室1厅 156万新上,156万,庆华新村  | 2室1厅 | 53.57平米 | 南 | 简装 | 无电梯,
20190504,青浦,夏阳,塔湾新村(青浦) 3室1厅 240万新上,240万,塔湾新村(青浦)  | 3室1厅 | 87.74平米 | 南 | 毛坯 | 无电梯,
20190504,青浦,夏阳,梦丹苑经典三房，价格低可谈！诚心出售新上,270万,梦丹苑  | 4室1厅 | 110.6平米 | 南 | 简装 | 无电梯,
20190504,青浦,夏阳,梦丹苑精装三房，诚心出售价格美丽新上,250万,梦丹苑  | 3室2厅 | 92.81平米 | 南 | 精装 | 无电梯,
20190504,青浦,夏阳,宜达新居 2室1厅 280万新上,280万,宜达新居  | 2室1厅 | 77.35平米 | 南 | 其他,
20190504,青浦,夏阳,此房农村动迁，税费少  房东诚心出售！！！！,350万,佳乐苑  | 3室2厅 | 124.52平米 | 南 | 精装,
20190504,青浦,夏阳,晨兴花园 3室1厅 240万,240万,晨兴花园  | 3室1厅 | 76.79平米 | 南 | 简装 | 无电梯,
20190504,青浦,夏阳,精装修拎包即住，位置安静，次新房，配套齐全,335万,中铁逸都  | 3室2厅 | 99.52平米 | 南 | 精装 | 有电梯,https://image1.ljcdn.com/x-se/hdic-frame/7a9b0fb6-d9fe-4a06-8d89-2f98fc5947b9.png.280x210.jpg
20190504,青浦,夏阳,出租装修，两年 税费少  小两房 得房率高 两房朝南,214万,宜达新居  | 2室1厅 | 60.76平米 | 南 | 简装,
20190504,青浦,夏阳,城东新村 2室1厅 189万,189万,城东新村  | 2室1厅 | 65.97平米 | 南 | 简装 | 无电梯,https://image1.ljcdn.com/x-se/hdic-frame/59076f60-fd0e-4416-9c1d-5c4a964ba934.png.280x210.jpg
20190504,青浦,夏阳,富绅商业中心 3房间1卫 208万,208万,富绅商业中心  | 2室1厅 | 60.67平米 | 南 | 精装,
20190504,青浦,夏阳,医院路21弄 3室2厅 270万,270万,医院路21弄  | 3室2厅 | 112平米 | 南 | 其他 | 无电梯,https://image1.ljcdn.com/x-se/hdic-frame/1974fe2b-a42d-48cf-8580-62607d311286.png.280x210.jpg
20190504,青浦,夏阳,宜达新居 近东门   地铁300米  一楼带大花园 精装修,340万,宜达新居  | 3室2厅 | 110.14平米 | 南 北 | 精装,
20190504,青浦,夏阳,业主自住，诚意出售，看房方便.,337万,晨兴公寓  | 3室2厅 | 116平米 | 南 | 简装 | 无电梯,
20190504,青浦,夏阳,新锦港花园 3室2厅 369万,369万,新锦港花园  | 3室2厅 | 123.13平米 | 南 北 | 精装 | 无电梯,https://image1.ljcdn.com/x-se/hdic-frame/877dba76-f88b-43e3-97ae-e7c2581ae4ad.png.280x210.jpg
20190504,青浦,夏阳,急售精装修3房 得房旅高  17号线汇金路站  中间楼层,338万,新城盛景园  | 3室2厅 | 85.9平米 | 南 北 | 精装 | 无电梯,https://image1.ljcdn.com/x-se/hdic-frame/74d797c0-9a84-40c4-8d66-3e9735c538b2.png.280x210.jpg
20190504,青浦,夏阳,户型介绍：近地铁17号线青浦新城站,280万,青盈苑  | 3室2厅 | 103平米 | 南 | 其他 | 无电梯,
20190504,青浦,夏阳,佳乐苑 3室2厅 350万,350万,佳乐苑  | 3室2厅 | 124.34平米 | 南 | 精装,https://image1.ljcdn.com/x-se/hdic-frame/67c1ad39-5d96-49b0-a3a9-4a5d3a8e331e.png.280x210.jpg
20190504,青浦,夏阳,华骥苑经典三房户型、临小外滩、楼层好，采光好,240万,华骥苑  | 3室1厅 | 82.5平米 | 南 | 毛坯 | 无电梯,
20190504,青浦,夏阳,帕缇欧香苑 2室2厅 350万,350万,帕缇欧香苑  | 2室2厅 | 108.7平米 | 南 | 精装 | 有电梯,
20190504,青浦,夏阳,富绅商业中心 3房间1卫 150万,150万,富绅商业中心  | 2室1厅 | 60.55平米 | 南 | 其他,
20190504,青浦,夏阳,首付97万即购仁恒平层  中间楼层 采光好,273万,仁恒运杰河滨花园  | 1室2厅 | 78.15平米 | 南 | 精装 | 有电梯,https://image1.ljcdn.com/x-se/hdic-frame/87e51443-d6be-4bfe-b967-16610cf9441b.png.280x210.jpg
20190504,青浦,夏阳,新城盛景园  大三房  一本产证  两房朝南 三面花园,400万,新城盛景园  | 3室2厅 | 122.54平米 | 南 | 精装 | 有电梯,https://image1.ljcdn.com/x-se/hdic-frame/93d5594e-2ee1-43a3-8153-101d6f4fda70.png.280x210.jpg
20190504,青浦,夏阳,华骥苑 2室2厅 230万,230万,华骥苑  | 2室2厅 | 81.78平米 | 南 | 精装 | 无电梯,
20190504,青浦,夏阳,仁恒运杰河滨花园 4室1厅 555万,555万,仁恒运杰河滨花园  | 4室1厅 | 154.39平米 | 南 | 精装 | 有电梯,
20190504,青浦,夏阳,桂花园(青浦) 2室1厅 220万,220万,桂花园(青浦)  | 2室1厅 | 66平米 | 南 | 简装 | 无电梯,https://image1.ljcdn.com/x-se/hdic-frame/e881b8c4-4033-4711-9865-ca0a86ab1956.png.280x210.jpg
20190504,青浦,夏阳,界泾港新村 3室1厅 260万,260万,界泾港新村  | 3室1厅 | 90.15平米 | 南 | 简装 | 无电梯,
20190504,青浦,夏阳,祥龙小区 3室1厅 215万,215万,祥龙小区  | 3室1厅 | 63.42平米 | 南 | 简装 | 无电梯,
20190504,青浦,夏阳,环城新村(青浦) 2室1厅 230万,230万,环城新村(青浦)  | 2室1厅 | 76.8平米 | 南 | 其他 | 无电梯,https://image1.ljcdn.com/x-se/hdic-frame/7a71d6a2-d8e0-4d23-93d1-a46f9c9abbe4.png.280x210.jpg
20190504,青浦,夏阳,庆华新村 2室1厅 160万,160万,庆华新村  | 2室1厅 | 55.39平米 | 南 | 其他 | 无电梯,https://image1.ljcdn.com/x-se/hdic-frame/4181aafd-d295-43be-aaac-33e57005573a.png.280x210.jpg
20190504,青浦,夏阳,帕缇欧香苑 2室1厅 235万,235万,帕缇欧香苑  | 2室1厅 | 68平米 | 南 | 其他 | 有电梯,https://image1.ljcdn.com/x-se/hdic-frame/2949d67c-6c49-4658-9b27-51416b9de0d6.png.280x210.jpg
20190504,青浦,夏阳,仁恒经典户型，精装修价格可谈！,265万,仁恒运杰河滨花园  | 2室1厅 | 78.17平米 | 南 | 精装 | 有电梯,https://image1.ljcdn.com/x-se/hdic-frame/87e51443-d6be-4bfe-b967-16610cf9441b.png.280x210.jpg
20190504,青浦,夏阳,庆华新村 2室1厅 145万,145万,庆华新村  | 2室1厅 | 47.65平米 | 南 | 其他 | 无电梯,https://image1.ljcdn.com/x-se/hdic-frame/b0a0c19c-d559-42f8-9d20-470516c91cc6.png.280x210.jpg
20190504,青浦,夏阳,城东新村 1室1厅 123万,123万,城东新村  | 1室1厅 | 37.31平米 | 南 | 简装 | 无电梯,https://image1.ljcdn.com/x-se/hdic-frame/8cf6f5b2-6748-4fb0-adae-ddcdab9520f5.png.280x210.jpg
20190504,青浦,夏阳,房子使用面积大，地下室50平还带有花园，唯一一套,600万,中铁逸都  | 4室2厅 | 156.38平米 | 南 | 毛坯 | 无电梯,
20190504,青浦,夏阳,独栋别墅，小区就一套在卖，属于珍藏版别墅，,1000万,新青浦花苑(别墅)  | 4室2厅 | 213.09平米 | 南 | 毛坯 | 无电梯,
20190504,青浦,夏阳,华骥苑 3室2厅 290万,290万,华骥苑  | 3室2厅 | 126.82平米 | 南 北 | 毛坯 | 无电梯,https://image1.ljcdn.com/x-se/hdic-frame/4a7a5b00-1d89-4870-9249-8b5ac5780c1d.png.280x210.jpg
20190504,青浦,夏阳,金地格林郡 1室1厅 172万,172万,金地格林郡  | 1室1厅 | 46.84平米 | 南 | 精装 | 有电梯,https://image1.ljcdn.com/x-se/hdic-frame/ec7594f3-d819-4840-aee8-7fc352a8acef.png.280x210.jpg
20190504,青浦,夏阳,富绅商业中心 3房间1卫 145万,145万,富绅商业中心  | 2室1厅 | 53.09平米 | 北 | 精装,
20190504,青浦,夏阳,居里国际酒店 1房间1卫 80万,80万,居里国际酒店  | 1室0厅 | 41.76平米 | 暂无数据 | 精装,
20190504,青浦,夏阳,居里国际酒店 2房间1卫 55万,55万,居里国际酒店  | 1室1厅 | 43.9平米 | 暂无数据 | 其他,
20190504,青浦,夏阳,蓬莱山庄 3室2厅 378万,378万,蓬莱山庄  | 3室2厅 | 126.09平米 | 南 | 简装 | 无电梯,https://image1.ljcdn.com/x-se/hdic-frame/7a27bf80-73d5-47d1-b58e-dd0b86aa5952.png.280x210.jpg
20190504,青浦,夏阳,富绅商业中心 3房间1卫 170万,170万,富绅商业中心  | 2室1厅 | 53平米 | 东北 | 精装,
20190504,青浦,夏阳,富绅商业中心 3房间1卫 158万,158万,富绅商业中心  | 2室1厅 | 60.55平米 | 南 | 其他,
20190504,青浦,夏阳,富绅商业中心 3房间1卫 200万,200万,富绅商业中心  | 2室1厅 | 60平米 | 暂无数据 | 其他,
20190504,青浦,夏阳,富绅商业中心 3房间1卫 220万,220万,富绅商业中心  | 2室1厅 | 60.55平米 | 暂无数据 | 精装,
20190504,青浦,夏阳,大盈公寓 3室2厅 430万,430万,大盈公寓  | 3室2厅 | 132平米 | 南 | 其他 | 有电梯,
20190504,青浦,夏阳,居里国际酒店 2房间1卫 80万,80万,居里国际酒店  | 1室1厅 | 41平米 | 南 | 其他,
20190504,青浦,夏阳,华科东路180弄 2室2厅 210万,210万,华科东路180弄  | 2室2厅 | 59.49平米 | 南 | 其他,https://image1.ljcdn.com/x-se/hdic-frame/5c51d7ba-b60b-4e84-a4ce-29b6dfdc99e1.png.280x210.jpg
20190504,青浦,夏阳,仁恒运杰河滨花园 5室2厅 1350万,1350万,仁恒运杰河滨花园  | 5室2厅 | 260.85平米 | 南 | 精装 | 无电梯,
20190504,青浦,夏阳,大盈公寓 2室2厅 280万,280万,大盈公寓  | 2室2厅 | 99.49平米 | 南 | 其他 | 无电梯,
20190504,青浦,夏阳,帕缇三期，花园洋房，景观楼层，精装 中 央空调地暖,500万,帕缇欧香苑  | 3室2厅 | 135平米 | 南 | 其他 | 有电梯,
20190504,青浦,夏阳,金地经典户型，房东自住精装修，看房方便采光好,360万,金地格林郡  | 3室2厅 | 127.05平米 | 南 | 精装 | 有电梯,
20190504,青浦,夏阳,晨兴花园 3室1厅 350万,350万,晨兴花园  | 3室1厅 | 137平米 | 南 | 其他 | 无电梯,
20190504,青浦,夏阳,塔湾新村(青浦) 3室1厅 210万,210万,塔湾新村(青浦)  | 3室1厅 | 89平米 | 南 | 其他 | 无电梯,
20190504,青浦,夏阳,城东新村 3室1厅 195万,195万,城东新村  | 3室1厅 | 67.37平米 | 南 | 其他 | 无电梯,https://image1.ljcdn.com/x-se/hdic-frame/6f3d3268-310b-47f3-ad5b-f111e4734cbc.png.280x210.jpg
20190504,青浦,夏阳,庆华新村 2室1厅 150万,150万,庆华新村  | 2室1厅 | 48.93平米 | 南 | 简装 | 无电梯,
20190504,青浦,夏阳,大盈公寓 3室2厅 275万,275万,大盈公寓  | 3室2厅 | 106.73平米 | 南 | 其他 | 无电梯,
20190504,青浦,夏阳,新青浦佳园 精装大三房 带50平花园，价格好谈,355万,新青浦佳园  | 3室2厅 | 120.57平米 | 南 | 精装 | 无电梯,
20190504,青浦,夏阳,界泾港新村 3室1厅 252万,252万,界泾港新村  | 3室1厅 | 93.4平米 | 南 | 简装 | 无电梯,
20190504,青浦,夏阳,嘉憬河畔公寓 5室2厅 340万,340万,嘉憬河畔公寓  | 5室2厅 | 126.09平米 | 南 | 精装 | 无电梯,
20190504,青浦,夏阳,大盈公寓 2室2厅 336万,336万,大盈公寓  | 2室2厅 | 128.84平米 | 南 | 其他 | 有电梯,
20190504,青浦,夏阳,城东新村 2室1厅 160万,160万,城东新村  | 2室1厅 | 53.92平米 | 南 北 | 简装 | 无电梯,https://image1.ljcdn.com/x-se/hdic-frame/8a59ba77-152c-4b3c-bcf8-8c8d8cc684a3.png.280x210.jpg
20190504,青浦,夏阳,城东一村 全明中装 满五 ........新上,165万,城东新村  | 2室1厅 | 54.13平米 | 南 | 精装 | 无电梯,https://image1.ljcdn.com/310000-inspection/a93e19e8-9c02-4cac-9ff4-3789517229a7.JPG.296x216.jpg
20190504,青浦,夏阳,佳乐苑  南北通透  正气两房 近东门 出行便利新上,260万,佳乐苑  | 2室2厅 | 94.9平米 | 南 北 | 精装,https://image1.ljcdn.com/310000-inspection/37701c99-0472-4e12-9f17-9125454e78aa.JPG.296x216.jpg
20190504,青浦,夏阳,庆华新村 2室1厅 145万新上,145万,庆华新村  | 2室1厅 | 45.8平米 | 南 | 精装 | 无电梯,
20190504,青浦,夏阳,城东新村 2室1厅 159万新上,159万,城东新村  | 2室1厅 | 52.67平米 | 南 | 毛坯 | 无电梯,
20190504,青浦,夏阳,中铁逸都 2室2厅 330万新上,330万,中铁逸都  | 2室2厅 | 98.91平米 | 南 | 其他 | 有电梯,
20190504,青浦,夏阳,新锦港花园 4室2厅 500万新上,500万,新锦港花园  | 4室2厅 | 176.22平米 | 南 | 精装 | 无电梯,
