20190504,松江,佘山,业主出增值税佘山脚下 南北通 自住装修添软装就可住,195万,江秋新苑(公寓)  | 2室2厅 | 79.43平米 | 南 | 精装 | 无电梯,https://image1.ljcdn.com/310000-inspection/test-d94f6a2a-1777-49a6-9ba9-a581086a898e.png.296x216.jpg
20190504,松江,佘山,顶楼复式阁楼比较大；楼上可以做两个房间一个卫生间,250万,佘山家园  | 2室2厅 | 94.15平米 | 南 北 | 毛坯 | 无电梯,https://image1.ljcdn.com/310000-inspection/test-fef6a81b-4cf5-46a5-9349-32c8dfad855a.png.296x216.jpg
20190504,松江,佘山,阁楼可做房间，户型正气，前排临河，视野好，采光佳,179万,翠鑫苑  | 1室1厅 | 58.88平米 | 南 | 其他 | 无电梯,https://image1.ljcdn.com/310000-inspection/test-fee49ea7-973c-4bc8-abe8-47c32e0bfb5b.png.296x216.jpg
20190504,松江,佘山,绿地开发 精装南北通 位置安静 户型正气 业主诚售,296万,绿地海珀佘山  | 3室2厅 | 88.2平米 | 南 北 | 精装 | 无电梯,https://image1.ljcdn.com/310000-inspection/test-da2c8adf-621a-4615-b9ef-205d73260b29.png.296x216.jpg
20190504,松江,佘山,翠鑫苑 临河多层3楼精装2房 一手动迁税费少,212万,翠鑫苑  | 2室2厅 | 87.05平米 | 南 北 | 其他 | 无电梯,https://image1.ljcdn.com/310000-inspection/test-857e15de-1217-456b-95fa-ca9653505972.png.296x216.jpg
20190504,松江,佘山,小区安静位置，中间楼层，一手动迁没有增值税,236万,陈坊新苑  | 3室2厅 | 113.91平米 | 南 | 毛坯 | 无电梯,https://image1.ljcdn.com/310000-inspection/prod-6de5f130-8f58-4df2-b647-f5d8872eddc6.jpg.296x216.jpg
20190504,松江,佘山,精品推荐 位置和楼层还有户型 都没得挑,225万,佘山家园  | 2室2厅 | 93.39平米 | 南 北 | 毛坯 | 无电梯,https://image1.ljcdn.com/310000-inspection/test-36229cdf-dff9-4717-a0d8-780bf3151482.png.296x216.jpg
20190504,松江,佘山,佘山翠庭 3室2厅 305万,305万,佘山翠庭  | 3室2厅 | 123.36平米 | 南 | 毛坯 | 无电梯,https://image1.ljcdn.com/310000-inspection/test-ce660420-0818-40c0-92ac-9044d8b9871d.png.296x216.jpg
20190504,松江,佘山,江秋新苑  正气毛呸2房   顶楼带阁楼,167万,江秋新苑(公寓)  | 2室1厅 | 75.78平米 | 南 | 毛坯 | 无电梯,https://image1.ljcdn.com/310000-inspection/test-6d2a3fb1-b5d8-4987-b38f-a5380f4a2033.jpg.296x216.jpg
20190504,松江,佘山,精品推荐 安静位置 中间楼层 没有增值税 总价低,215万,佘山家园  | 2室2厅 | 93.22平米 | 南 北 | 毛坯 | 无电梯,https://image1.ljcdn.com/310000-inspection/test-7a019eb0-fe75-4589-acd6-c0468a92b43b.png.296x216.jpg
20190504,松江,佘山,陈坊新苑 1室1厅 125万,125万,陈坊新苑  | 1室1厅 | 51.35平米 | 南 | 其他 | 无电梯,https://image1.ljcdn.com/310000-inspection/prod-0e33e78e-6b29-4caf-b237-275186f6a0a9.jpg.296x216.jpg
20190504,松江,佘山,江秋新苑(公寓) 1室1厅 155万,155万,江秋新苑(公寓)  | 1室1厅 | 60.19平米 | 南 | 其他 | 无电梯,https://image1.ljcdn.com/310000-inspection/test-046477d3-4bf0-48f2-b467-f1eab7ae7073.png.296x216.jpg
20190504,松江,佘山,陈坊新苑 3室2厅 258万,258万,陈坊新苑  | 3室2厅 | 113.91平米 | 南 | 其他 | 无电梯,https://image1.ljcdn.com/310000-inspection/prod-cf0a813f-0e3b-43bf-808c-276c3d651c94.jpg.296x216.jpg
20190504,松江,佘山,绿地海珀佘山 3室2厅 300万,300万,绿地海珀佘山  | 3室2厅 | 88.7平米 | 南 | 精装 | 无电梯,https://image1.ljcdn.com/310000-inspection/prod-30892166-628f-4ad2-b833-8fdbbb740583.png.296x216.jpg
20190504,松江,佘山,顶楼复式；一梯两户得房率高 免增值税,228万,翠鑫苑  | 2室2厅 | 87平米 | 南 北 | 毛坯 | 无电梯,https://image1.ljcdn.com/310000-inspection/prod-0e7a3619-1a7e-4664-a477-d9c57f239c47.jpg.296x216.jpg
20190504,松江,佘山,佘山家园 3室2厅 325万,325万,佘山家园  | 3室2厅 | 125.73平米 | 东 南 | 毛坯 | 无电梯,https://image1.ljcdn.com/310000-inspection/test-a9e38140-2dce-4a66-bfd1-b7e343862093.png.296x216.jpg
20190504,松江,佘山,欢乐谷脚下   精装修   拎包入住   随时看房,168万,江秋新苑(公寓)  | 2室1厅 | 60.71平米 | 南 | 精装 | 无电梯,https://image1.ljcdn.com/310000-inspection/prod-e305c6c2-e38b-4172-976f-f44390a8c0f4.jpg.296x216.jpg
20190504,松江,佘山,花园洋房 品质优越 安全物业 看房方便,630万,恒大佘山首府  | 4室2厅 | 174.16平米 | 南 | 精装 | 有电梯,https://image1.ljcdn.com/310000-inspection/test-f4e8357e-35c7-4749-a866-cef2b521e31d.png.296x216.jpg
20190504,松江,佘山,翠鑫苑 2室2厅 255万,255万,翠鑫苑  | 2室2厅 | 91.22平米 | 南 北 | 其他 | 无电梯,https://image1.ljcdn.com/310000-inspection/prod-ef7c8043-69ee-4a47-b1c6-c17bc0b78e57.jpg.296x216.jpg
20190504,松江,佘山,翠鑫苑 3室2厅 316万,316万,翠鑫苑  | 3室2厅 | 132平米 | 南 | 精装 | 无电梯,https://image1.ljcdn.com/310000-inspection/prod-da53c6f0-dca7-4180-a1cc-5db82ad1baee.jpg.296x216.jpg
20190504,松江,佘山,江秋新苑(公寓) 1室1厅 145万,145万,江秋新苑(公寓)  | 1室1厅 | 58.78平米 | 南 | 精装 | 无电梯,https://image1.ljcdn.com/310000-inspection/prod-9593ab8a-baf6-4cd0-806a-fe3401015239.jpg.296x216.jpg
20190504,松江,佘山,精装二楼，家具家电全配，拎包入住，价格好谈,168万,江秋新苑(公寓)  | 1室1厅 | 58.82平米 | 南 | 精装 | 无电梯,https://image1.ljcdn.com/310000-inspection/prod-bab267de-543c-45b3-af68-cb9f6ec0e1bf.jpg.296x216.jpg
20190504,松江,佘山,新松嘉园 3室1厅 310万,310万,新松嘉园  | 3室1厅 | 100.55平米 | 南 | 精装,https://image1.ljcdn.com/310000-inspection/prod-8b179509-9222-4084-8575-441e4ff2a18e.jpg.296x216.jpg
20190504,松江,佘山,陈坊新苑 1室1厅 128万,128万,陈坊新苑  | 1室1厅 | 51.35平米 | 南 北 | 毛坯 | 无电梯,https://image1.ljcdn.com/310000-inspection/prod-1bdf4d81-fa8a-4d4a-92dc-9fb57576f3c5.jpg.296x216.jpg
20190504,松江,佘山,江秋新苑(公寓) 1室1厅 158万,158万,江秋新苑(公寓)  | 1室1厅 | 60.71平米 | 南 北 | 其他 | 无电梯,https://image1.ljcdn.com/310000-inspection/prod-88fa8389-bca6-4b99-8d42-a89cc77687a1.jpg.296x216.jpg
20190504,松江,佘山,新城上坤樾山璟里 4室2厅 500万,500万,新城上坤樾山璟里  | 4室2厅 | 114.96平米 | 南 | 精装,https://image1.ljcdn.com/310000-inspection/prod-8bc88bb3-1c6b-407a-94a6-11d9ca5f40ac.jpg.296x216.jpg
20190504,松江,佘山,国贸天悦佘山 3室2厅 360万,360万,国贸天悦佘山  | 3室2厅 | 91平米 | 南 | 精装 | 有电梯,https://image1.ljcdn.com/310000-inspection/prod-e6fd6b30-eb45-4672-9f86-4d8488435aa6.jpg.296x216.jpg
20190504,松江,佘山,次新房，开发商装修，南北通，业主着急出售，有钥匙,300万,恒大佘山首府  | 2室2厅 | 80.43平米 | 暂无数据 | 精装 | 有电梯,https://image1.ljcdn.com/310000-inspection/test-7d3a3396-636c-433a-be17-43629f812251.png.296x216.jpg
20190504,松江,佘山,品质小区 精装修 户型方正 采光明亮 看房方便,520万,新城上坤樾山璟里  | 4室2厅 | 116.9平米 | 南 北 | 精装,https://image1.ljcdn.com/310000-inspection/prod-d3fc23b6-4c78-462f-a4d8-33ed646afb03.jpg.296x216.jpg
20190504,松江,佘山,看房随时 顶楼复式 一梯两户 免增值税,209万,陈坊新苑  | 2室2厅 | 86.06平米 | 南 北 | 毛坯 | 无电梯,https://image1.ljcdn.com/310000-inspection/prod-f3fbf9be-53e3-4d7f-92b1-e51080894a4e.jpg.296x216.jpg
20190504,松江,佘山,新城上坤品质小区，精装修带车位，家具家电20余万,500万,新城上坤樾山璟里  | 4室2厅 | 113.85平米 | 南 | 精装,https://image1.ljcdn.com/310000-inspection/prod-9553fc24-b857-4d75-8389-b9030eb4cca9.jpg.296x216.jpg
20190504,松江,佘山,恒大佘山 花园洋房 大平层3房朝南 奢华装修价可谈,610万,恒大佘山首府  | 3室2厅 | 157平米 | 南 | 精装 | 有电梯,https://image1.ljcdn.com/310000-inspection/test-327b2c9f-9d57-468c-80f3-525432ecd7e0.png.296x216.jpg
20190504,松江,佘山,70年产权.可改2房.免增值税，无遮挡，南北通,153万,江秋新苑(公寓)  | 1室1厅 | 60.71平米 | 南 | 简装 | 无电梯,https://image1.ljcdn.com/310000-inspection/test-693b21e8-5868-41f9-8042-90791a7985b4.png.296x216.jpg
20190504,松江,佘山,江秋新苑(公寓) 2室2厅 218万,218万,江秋新苑(公寓)  | 2室2厅 | 87.06平米 | 南 | 其他 | 无电梯,https://image1.ljcdn.com/310000-inspection/prod-9d8a3e18-7d70-4243-ad44-f827fa068747.jpg.296x216.jpg
20190504,松江,佘山,陈坊新苑 1室1厅 149万,149万,陈坊新苑  | 1室1厅 | 57.42平米 | 南 北 | 其他 | 无电梯,https://image1.ljcdn.com/310000-inspection/prod-9a06f53c-2bf9-4e17-a0ff-91a481272732.jpg.296x216.jpg
20190504,松江,佘山,国贸天悦，品质小区，交通便利，配套成熟，物业不错,450万,国贸天悦  | 3室2厅 | 101.52平米 | 南 | 精装,https://image1.ljcdn.com/310000-inspection/prod-94ca97cc-470a-4aa1-8724-7ac4acf2ba0b.jpg.296x216.jpg
20190504,松江,佘山,绿地海珀佘山 3室2厅 293万,293万,绿地海珀佘山  | 3室2厅 | 89平米 | 南 | 精装 | 无电梯,https://image1.ljcdn.com/310000-inspection/prod-efe72ea2-89ce-471e-be44-dcf7e87684b4.jpg.296x216.jpg
20190504,松江,佘山,绿地海珀佘山 3室2厅 310万,310万,绿地海珀佘山  | 3室2厅 | 88平米 | 南 北 | 精装 | 无电梯,https://image1.ljcdn.com/310000-inspection/prod-55460eac-bca9-4107-9052-7574addd5331.jpg.296x216.jpg
20190504,松江,佘山,翠鑫苑大两房，南北通透户型，看房方便。,213万,翠鑫苑  | 2室2厅 | 87平米 | 南 北 | 精装 | 无电梯,https://image1.ljcdn.com/310000-inspection/test-6b7d9350-f2e1-4b7f-a439-ef888d3e2f97.png.296x216.jpg
20190504,松江,佘山,品质小区，3房，无增值税.看房方便,330万,江秋新苑(公寓)  | 3室2厅 | 134平米 | 南 | 精装 | 无电梯,https://image1.ljcdn.com/310000-inspection/prod-eaf6fbad-75a4-4ca4-a0de-e7ab18761ec2.png.296x216.jpg
20190504,松江,佘山,江秋新苑 多层3楼 毛坯正气大3房 视野开阔 一手动迁,280万,江秋新苑(公寓)  | 3室2厅 | 134.6平米 | 南 | 精装 | 无电梯,https://image1.ljcdn.com/310000-inspection/prod-c21cd664-e495-420b-a91c-cabe48d45b54.jpg.296x216.jpg
20190504,松江,佘山,精品推荐.中间楼层. 没有增值税 .总价低.看房方便,298万,佘山家园  | 3室2厅 | 125.91平米 | 南 | 精装 | 无电梯,https://image1.ljcdn.com/310000-inspection/prod-dfe7233c-a621-4724-bb44-256ae8633781.jpg.296x216.jpg
20190504,松江,佘山,恒大佘山首府 4室2厅 535万,535万,恒大佘山首府  | 4室2厅 | 157.05平米 | 南 | 精装 | 有电梯,https://image1.ljcdn.com/310000-inspection/prod-49df5dbc-d337-4c49-b000-44e1228c083a.jpg.296x216.jpg
20190504,松江,佘山,金碧物业 恒大佘山  精装修 看房方便 诚心置换,450万,恒大佘山首府  | 3室2厅 | 132平米 | 南 | 精装 | 有电梯,https://image1.ljcdn.com/310000-inspection/prod-99164ced-0fe3-4368-a418-ed1571723186.jpg.296x216.jpg
20190504,松江,佘山,配套成熟，环境优美，无增值税；南北通透；户型方正房主自荐,265万,佘山家园  | 2室2厅 | 93.06平米 | 南 北 | 其他 | 无电梯,https://image1.ljcdn.com/310000-inspection/prod-b2a80212-7965-4410-9603-f6a1df9eff6c.jpg.296x216.jpg
20190504,松江,佘山,带产权车位  精装洋房 业主自住  诚心出售,640万,恒大佘山首府  | 3室2厅 | 156.88平米 | 南 | 精装 | 有电梯,https://image1.ljcdn.com/310000-inspection/prod-5233be4c-be85-4f7d-9bf3-dad3ce001960.jpg.296x216.jpg
20190504,松江,佘山,户型好  楼层好  交通方便  看房方便,204万,陈坊新苑  | 2室2厅 | 79.64平米 | 南 | 简装 | 无电梯,https://image1.ljcdn.com/310000-inspection/prod-b3a584aa-e649-4fa9-b57f-c2af9b61ed18.jpg.296x216.jpg
20190504,松江,佘山,佘山脚下 佘山镇500米 免增值税和个税,153.5万,江秋新苑(公寓)  | 2室1厅 | 60.19平米 | 南 北 | 其他 | 无电梯,https://image1.ljcdn.com/310000-inspection/prod-ec2afb08-97d7-4f18-b80c-e3941d14e7df.jpg.296x216.jpg
20190504,松江,佘山,佘山新苑 精装修大三房 户型方正,380万,佘山新苑  | 3室2厅 | 125.68平米 | 暂无数据 | 精装 | 无电梯,https://image1.ljcdn.com/310000-inspection/test-0a550c20-48fc-4b92-89d5-a74e8a01ae43.png.296x216.jpg
20190504,松江,佘山,一手动迁   一梯两户   看房方便,285万,翠鑫苑  | 3室2厅 | 132平米 | 南 北 | 简装 | 无电梯,https://image1.ljcdn.com/310000-inspection/prod-6818eb13-6c92-4eaa-91bb-6fd66200a1e0.png.296x216.jpg
20190504,松江,佘山,次新房 花园洋房 精装交付 二次精装可拎包入住,235万,绿地海珀佘山  | 2室2厅 | 68平米 | 南 | 精装 | 无电梯,https://image1.ljcdn.com/310000-inspection/prod-cc59b85d-8f4a-488c-b04a-cf12990340fe.png.296x216.jpg
20190504,松江,佘山,绿地海珀佘山 3室1厅 350万,350万,绿地海珀佘山  | 3室1厅 | 88.87平米 | 南 北 | 其他 | 无电梯,https://image1.ljcdn.com/310000-inspection/test-f5ac8f92-b843-459d-a6d1-4fd7d1f784ba.png.296x216.jpg
20190504,松江,佘山,顶楼复式·+中间套无增值税+房东诚心卖+随时入住,142万,江秋新苑(公寓)  | 2室1厅 | 58.76平米 | 南 | 简装 | 无电梯,https://image1.ljcdn.com/310000-inspection/test-7b107fea-8656-4b10-98ae-31161753da00.jpg.296x216.jpg
20190504,松江,佘山,绿地海珀佘山 3室2厅 305万,305万,绿地海珀佘山  | 3室2厅 | 88.18平米 | 南 北 | 精装 | 无电梯,https://image1.ljcdn.com/310000-inspection/prod-90d8c892-85b6-43a4-92eb-b8824546d576.jpg.296x216.jpg
20190504,松江,佘山,品质小区 户型方正 欢迎咨询 随时好看房,520万,新城上坤樾山璟里  | 4室2厅 | 117.94平米 | 南 | 精装,https://image1.ljcdn.com/310000-inspection/prod-f59517b6-b838-4a6b-93dc-38183c154060.jpg.296x216.jpg
20190504,松江,佘山,比一手开发商优惠  楼层佳  看房随时 499万打包价,499万,国贸天悦佘山  | 4室2厅 | 131.1平米 | 南 | 精装 | 有电梯,https://image1.ljcdn.com/310000-inspection/prod-da66c12e-d37d-4df3-b7b3-1b76a78f9f0a.jpg.296x216.jpg
20190504,松江,佘山,恒大佘山首府 2室1厅 320万,320万,恒大佘山首府  | 2室1厅 | 80.41平米 | 南 | 精装 | 有电梯,https://image1.ljcdn.com/310000-inspection/prod-16d081c1-1e96-4bf1-ac42-e94bc1bd2fab.jpg.296x216.jpg
20190504,松江,佘山,江秋新苑(公寓) 2室2厅 215万,215万,江秋新苑(公寓)  | 2室2厅 | 76平米 | 南 北 | 简装 | 无电梯,https://image1.ljcdn.com/310000-inspection/prod-3d338243-e921-4240-b931-27bf0774f1a1.jpg.296x216.jpg
20190504,松江,佘山,江秋新苑(公寓) 1室1厅 149万房主自荐,149万,江秋新苑(公寓)  | 1室1厅 | 58.82平米 | 南 | 精装 | 无电梯,https://image1.ljcdn.com/310000-inspection/prod-c819b246-fbfe-47d9-9daa-806bfd777593.jpg.296x216.jpg
20190504,松江,佘山,纯毛坯 看房方便 交通便利  房东诚心出售,149万,江秋新苑(公寓)  | 1室1厅 | 60.21平米 | 南 | 其他 | 无电梯,https://image1.ljcdn.com/310000-inspection/test-3d64c6d8-4222-488c-9b66-8db7f3de8397.png.296x216.jpg
20190504,松江,佘山,精装修+拎包入住+中间楼层+当中位置+诚心出售房主自荐,249万,佘山新苑  | 2室2厅 | 99.85平米 | 南 | 精装 | 无电梯,https://image1.ljcdn.com/310000-inspection/prod-8d24017f-d091-446c-ba9f-25fe8dc7c0b7.jpg.296x216.jpg
20190504,松江,佘山,看房方便 房东自住装修 小区环境好 房东诚心出售房主自荐,235万,恒大佘山首府  | 1室2厅 | 65.35平米 | 南 | 精装 | 有电梯,https://image1.ljcdn.com/310000-inspection/prod-28916ada-a34c-4b36-90c1-fed970145153.jpg.296x216.jpg
20190504,松江,佘山,花园电梯洋房  定好房子 现在诚意出售,330万,绿地海珀佘山  | 3室2厅 | 89平米 | 南 北 | 其他 | 无电梯,https://image1.ljcdn.com/310000-inspection/prod-90123d60-4879-4903-a047-f9b30241f1f7.jpg.296x216.jpg
20190504,松江,佘山,佘山家园 南北通户型 一手动迁 诚心出售,235万,佘山家园  | 2室2厅 | 94平米 | 南 北 | 毛坯 | 无电梯,https://image1.ljcdn.com/310000-inspection/test-b1ebfba5-06da-44a7-b8f8-34ff1482046c.png.296x216.jpg
20190504,松江,佘山,70年产权经典大2房，无增值税楼层位置佳。联系维护人,210万,佘山家园  | 2室2厅 | 92.8平米 | 南 | 精装 | 无电梯,https://image1.ljcdn.com/310000-inspection/test-bf09c71a-abc0-4ab6-9271-fd195e477665.png.296x216.jpg
20190504,松江,佘山,急售高品质小区，一房可改两房，环境优哉，配套丰富房主自荐,223万,恒大佘山首府  | 1室1厅 | 64.87平米 | 南 | 精装 | 有电梯,https://image1.ljcdn.com/310000-inspection/test-e91c283d-9925-4137-a209-1cdf227ef2f2.png.296x216.jpg
20190504,松江,佘山,一手动迁   南北通透   看房方便,225万,翠鑫苑  | 2室2厅 | 83平米 | 南 北 | 毛坯 | 无电梯,https://image1.ljcdn.com/310000-inspection/prod-be005506-0fce-4d97-a869-e9756bb45b12.jpg.296x216.jpg
20190504,松江,佘山,新房，满二，没有住过，高层，户型采光好，诚心卖可谈,495万,国贸天悦佘山  | 3室2厅 | 120平米 | 南 北 | 精装 | 有电梯,https://image1.ljcdn.com/310000-inspection/test-d696ec6d-2d3a-48ec-8c14-517332934464.png.296x216.jpg
20190504,松江,佘山,新小区政法法院边上；佘山旅游度假区有山有水风景怡人,224万,翠鑫苑  | 2室2厅 | 87平米 | 南 北 | 精装 | 无电梯,https://image1.ljcdn.com/310000-inspection/prod-f29322dc-19ed-4506-8063-8e6731c30ba4.jpg.296x216.jpg
20190504,松江,佘山,恒大佘山首府 2室2厅 330万,330万,恒大佘山首府  | 2室2厅 | 85.9平米 | 南 | 精装 | 有电梯,https://image1.ljcdn.com/310000-inspection/prod-acde96a5-f2e9-4b97-aa46-9a950aa8d33a.jpg.296x216.jpg
20190504,松江,佘山,业主诚心出售，精装修交付，随时入住新上,440万,新城上坤樾山璟里  | 3室2厅 | 90.41平米 | 南 | 精装,https://image1.ljcdn.com/310000-inspection/prod-e296e193-33f3-43b0-9448-67d8a07410ec.jpg.296x216.jpg
20190504,松江,佘山,佘山下独栋，独栋426平，省税27.8万，花园500,1280万,佘山3号   | 独栋别墅 | 4室3厅 | 426.44平米 | 南 | 毛坯 | 无电梯,https://image1.ljcdn.com/310000-inspection/000f9aeb-0595-4c39-8a2d-46e55b02a0fd.jpg.296x216.jpg
20190504,松江,佘山,本套为联排东边套，小区大户型，精装修，临河，带花园,1300万,佘山高尔夫郡   | 联排别墅 | 5室2厅 | 287.27平米 | 南 | 精装 | 无电梯,https://image1.ljcdn.com/shfdfs-image/20171207/e9489a67-8a16-4952-bb92-f184b5439fdd.jpg.296x216.jpg
20190504,松江,佘山,独栋可正看佘山，三房朝南，客厅挑高，南花园，随时看,2080万,紫都上海晶园   | 独栋别墅 | 4室2厅 | 519.42平米 | 南 | 毛坯 | 无电梯,https://image1.ljcdn.com/310000-inspection/rsp_pic_upload9f024aa0-92c2-4897-9a7a-8097f96b6e45.jpg.296x216.jpg
20190504,松江,佘山,位置佳，本人帮其买进，委托出售，看中可议！,4800万,世茂佘山庄园   | 独栋别墅 | 5室3厅 | 765.9平米 | 西 | 毛坯 | 无电梯,https://image1.ljcdn.com/310000-inspection/f9d8fa47-cf52-4fe5-95c0-7a10303049c8.jpg.296x216.jpg
20190504,松江,佘山,满五不唯一 邻天然大河 花园350平,1080万,佘山3号   | 独栋别墅 | 4室2厅 | 369.62平米 | 南 | 毛坯 | 无电梯,https://image1.ljcdn.com/shfdfs-image/20160317/081581ed-358b-4f92-8b68-8643a0e28e2a.jpg.296x216.jpg
20190504,松江,佘山,品质小区丨交通便利丨位置好丨采光无遮挡丨真实房源,1380万,天马高尔夫别墅   | 独栋别墅 | 4室3厅 | 451平米 | 南 | 毛坯 | 无电梯,https://image1.ljcdn.com/shfdfs-image/20160322/2d79f0a4-2e81-41eb-9656-f3f8dc1258fd.jpg.296x216.jpg
20190504,松江,佘山,新装修，满五年唯一，基本没税，业主诚售，随时看房,2680万,上海紫园   | 独栋别墅 | 5室3厅 | 423.3平米 | 南 | 精装 | 无电梯,https://image1.ljcdn.com/shfdfs-image/20160309/10dbae96-776b-4ef1-8c03-6546623d797d.jpg.296x216.jpg
20190504,松江,佘山,月湖一期  大户型  花园集中  从未住过,3960万,佘山月湖山庄   | 独栋别墅 | 6室3厅 | 830.66平米 | 北 | 毛坯 | 无电梯,https://image1.ljcdn.com/shfdfs-image/20160118/6e6feaaa-57ef-4aa9-851d-a6bd45c60bf4.jpg.296x216.jpg
20190504,松江,佘山,近佘山森林公园，带有四个房间，前后有花园随时可看,470万,江秋新苑(别墅)  | 4室2厅 | 236平米 | 暂无数据 | 毛坯 | 无电梯,https://image1.ljcdn.com/310000-inspection/rsp_pic_upload750b0c34-90ce-42ed-8788-326875b7dd1f.jpg.296x216.jpg
20190504,松江,佘山,佘山新苑 毛坯 楼梯房 附带大露台 随时可看房,163万,佘山新苑  | 2室1厅 | 71.3平米 | 南 | 毛坯 | 无电梯,https://image1.ljcdn.com/310000-inspection/rsp_pic_uploadf045ec5b-76a7-49ba-b745-69c37223a2a3.jpg.296x216.jpg
20190504,松江,佘山,满5唯一，看房随时，南花园1000平，位置佳，看佘山,2100万,紫都上海晶园   | 独栋别墅 | 4室3厅 | 506平米 | 南 北 | 毛坯 | 无电梯,https://image1.ljcdn.com/shfdfs-image/20160101/2158a2b6-4c96-45f7-8563-ec4d75d0d66c.jpg.296x216.jpg
20190504,松江,佘山,不买后悔 中间楼层 花园景观 前后开阔无遮挡 税费少,209万,佘山家园  | 2室2厅 | 93.6平米 | 南 北 | 毛坯 | 无电梯,https://image1.ljcdn.com/310000-inspection/rsp_pic_uploadf8106789-2c60-41c6-8b8d-477fb2a2babc.jpg.296x216.jpg
20190504,松江,佘山,新出北进门南花园南面邻水  507平毛坯  钥匙在手,1280万,佘山3号   | 独栋别墅 | 4室3厅 | 507.48平米 | 北 | 毛坯 | 无电梯,https://image1.ljcdn.com/shfdfs-image/20170102/2e57bc42-64bd-4750-9d74-c650c8ca5b1d.jpg.296x216.jpg
20190504,松江,佘山,南花园南看佘山全景 南临大河  视野开阔 诚售,1080万,佘山3号   | 独栋别墅 | 4室3厅 | 354.19平米 | 北 | 毛坯 | 无电梯,https://image1.ljcdn.com/shfdfs-image/20151206/c9b3a384-39d4-43c9-a428-a10d108f9b9b.jpg.296x216.jpg
20190504,松江,佘山,邻小区景观湖 看佘山全景  拎包入住,4200万,世茂佘山庄园   | 独栋别墅 | 6室3厅 | 723.54平米 | 西 | 精装 | 无电梯,https://image1.ljcdn.com/shfdfs-image/20150822/3be7aeca-e2d1-4d10-81e0-56eeb35920ff.jpg.296x216.jpg
20190504,松江,佘山,佘山3号独栋 满五省税 415平中户型 大花园 随时看！,1218万,佘山3号   | 独栋别墅 | 4室3厅 | 414.26平米 | 南 | 毛坯 | 无电梯,https://image1.ljcdn.com/shfdfs-image/20160406/fcf59e2d-ca70-498a-9c12-be1b1734a840.jpg.296x216.jpg
20190504,松江,佘山,佘山身份的象征居住地，拎包入住，带私家泳池，预约看,6000万,佘山月湖山庄   | 独栋别墅 | 4室3厅 | 538.45平米 | 北 | 精装 | 无电梯,https://image1.ljcdn.com/shfdfs-image/20160908/1a80e656-0a67-4063-877d-ab262bf266c8.jpg.296x216.jpg
20190504,松江,佘山,70年产权经典2房无增值税。边套.楼层位置佳联系维护人,197万,佘山家园  | 2室2厅 | 73.89平米 | 南 | 毛坯 | 无电梯,https://image1.ljcdn.com/310000-inspection/f2f7c8cc-7990-43fa-af3f-c7e9db11a76a.jpg.296x216.jpg
20190504,松江,佘山,佘山大平层  可改四房  南北通透 采光好  好楼层,231.9万,江秋新苑(公寓)  | 3室2厅 | 120.33平米 | 南 北 | 精装 | 无电梯,https://image1.ljcdn.com/310000-inspection/rsp_pic_uploadeb0a5716-20ca-4a43-9c60-a12bcb55897c.jpg.296x216.jpg
20190504,松江,佘山,两房朝南，业主诚心出售，看房方便，拎包入住,540万,恒大佘山首府  | 4室2厅 | 147平米 | 南 | 精装 | 有电梯,https://image1.ljcdn.com/310000-inspection/d9d61c6f-d8b4-402c-92a2-e35f510fb212.jpg.296x216.jpg
20190504,松江,佘山,正南大花园，临河，挑高客厅、中西双厨房、看山露台,1300万,佘山3号   | 独栋别墅 | 4室3厅 | 422平米 | 北 | 毛坯 | 无电梯,https://image1.ljcdn.com/shfdfs-image/20160429/4ec98c81-dfb0-454e-bf4d-b22cdde3ba35.jpg.296x216.jpg
20190504,松江,佘山,顶楼复式；楼上可以做两个房间；楼下两房间一个卫生间,238万,佘山家园  | 3室3厅 | 93平米 | 南 | 简装 | 无电梯,https://image1.ljcdn.com/310000-inspection/44cf8aab-1d0e-44fa-98d0-883681fcb40e.jpg.296x216.jpg
20190504,松江,佘山,天马高尔夫别墅 4室2厅 2900万,2900万,天马高尔夫别墅   | 独栋别墅 | 4室2厅 | 451平米 | 南 | 精装 | 无电梯,https://image1.ljcdn.com/310000-inspection/5044d0d1-23dd-4d97-a0e6-71ea8694785a.jpg.296x216.jpg
20190504,松江,佘山,见山见水见球场，视野开阔，拎包即住，看房随时！,1380万,天马高尔夫别墅   | 独栋别墅 | 4室2厅 | 362.97平米 | 南 | 精装 | 无电梯,https://image1.ljcdn.com/shfdfs-image/20160123/994f47d6-5103-4c7e-b0e1-77c2066fb3e7.jpg.296x216.jpg
20190504,松江,佘山,恒大佘山首府 3室2厅 450万,450万,恒大佘山首府  | 3室2厅 | 128.25平米 | 暂无数据 | 精装 | 有电梯,https://image1.ljcdn.com/310000-inspection/rsp_pic_uploadd01130b7-3e09-4c5d-ba61-30895acf9556.jpg.296x216.jpg
20190504,松江,佘山,全明户型 一房朝南一房朝北 业主诚意出售,190万,江秋新苑(公寓)  | 2室1厅 | 75.78平米 | 南 北 | 精装 | 无电梯,https://image1.ljcdn.com/310000-inspection/8ae76513-f34d-4f7d-ab71-229f9302e4a7.jpg.296x216.jpg
20190504,松江,佘山,满5税费少，主卧看佘山，花园1000平，临2000平绿地,2000万,紫都上海晶园   | 独栋别墅 | 4室3厅 | 573.78平米 | 西 | 毛坯 | 无电梯,https://image1.ljcdn.com/shfdfs-image/20150902/81489625-e22e-47d7-a16a-e281f408daee.jpg.296x216.jpg
20190504,松江,佘山,占地950平 满五不唯一 毛坯房,1200万,天马高尔夫别墅   | 独栋别墅 | 4室2厅 | 292.87平米 | 南 | 毛坯 | 无电梯,https://image1.ljcdn.com/shfdfs-image/20160216/9788598e-cebe-4ffd-8bb8-b821f50db46a.jpg.296x216.jpg
20190504,松江,佘山,位置佳，南花园985平，房型正，满五，随时看！,1820万,紫都上海晶园   | 独栋别墅 | 4室3厅 | 493平米 | 南 | 毛坯 | 无电梯,https://image1.ljcdn.com/shfdfs-image/20150922/81c44887-7682-474b-bbb2-58ff187c2855.jpg.296x216.jpg
20190504,松江,佘山,纯毛坯，满五唯一，免个税，业主诚意，随时看房,2700万,上海紫园   | 独栋别墅 | 5室3厅 | 423.3平米 | 南 | 毛坯 | 无电梯,https://image1.ljcdn.com/shfdfs-image/20151108/dba2eb3f-5ec5-46a2-9f96-dbaf4d01538c.jpg.296x216.jpg
20190504,松江,佘山,新房源+各付税+北进门南花园+随时看,1480万,佘山3号   | 独栋别墅 | 4室3厅 | 552.77平米 | 南 | 毛坯 | 无电梯,https://image1.ljcdn.com/310000-inspection/4902752a-cbad-4041-917f-27d743a7daa4.jpg.296x216.jpg
20190504,松江,佘山,佘山脚下，风景秀美，精装花园洋房诚心出售。,300万,绿地海珀佘山  | 3室2厅 | 88平米 | 南 | 精装 | 无电梯,https://image1.ljcdn.com/shfdfs-image/20171006/99e62dc4-1b4a-48a3-a260-1a0574bbc9ff.jpg.296x216.jpg
20190504,松江,佘山,自住精装洋房，精装修，业主自住，诚心出售，看房随时,820万,恒大佘山首府  | 4室2厅 | 218平米 | 南 | 精装 | 有电梯,https://image1.ljcdn.com/310000-inspection/15610a99-eb2b-4a02-a867-3cae6bb27877.jpg.296x216.jpg
20190504,松江,佘山,紫都南花园南邻大湖，位置佳，户型正气,15000万,紫都上海晶园   | 独栋别墅 | 5室4厅 | 1318.13平米 | 北 | 毛坯 | 无电梯,https://image1.ljcdn.com/shfdfs-image/20160517/331bae9a-dbdc-4be9-87c4-8d093d593dda.jpg.296x216.jpg
20190504,松江,佘山,景观位置，精装修拎包入住，西邻河，主卧正看佘山,2980万,紫都上海晶园   | 独栋别墅 | 4室2厅 | 555.51平米 | 南 | 精装 | 无电梯,https://image1.ljcdn.com/shfdfs-image/20161111/76be515c-00ac-44f0-89ef-d25578db72d9.jpg.296x216.jpg
20190504,松江,佘山,佘山高尔夫精装修联排别墅，品质小区。,1130万,佘山高尔夫郡   | 联排别墅 | 4室1厅 | 357.7平米 | 南 | 精装 | 无电梯,https://image1.ljcdn.com/shfdfs-image/20160411/2fbfef45-88be-4737-aab1-443636f5d61a.jpg.296x216.jpg
20190504,松江,佘山,顶楼复式；楼下已经装修三个房间；楼上装修3个房,335万,佘山家园  | 6室2厅 | 126.99平米 | 南 北 | 精装 | 无电梯,https://image1.ljcdn.com/310000-inspection/440b0846-4c00-4f66-8dbf-2288bab38917.jpg.296x216.jpg
20190504,松江,佘山,绿地海珀佘山 多层电梯精装3房 中间楼层 看中价格可谈,325万,绿地海珀佘山  | 3室2厅 | 88平米 | 南 | 精装 | 无电梯,https://image1.ljcdn.com/shfdfs-image/20170812/2fccba70-9410-4fb6-bdf6-e7aebc38557e.jpg.296x216.jpg
20190504,松江,佘山,一手动迁，大三房精装修；领包入住,360万,江秋新苑(公寓)  | 3室2厅 | 134平米 | 暂无数据 | 精装 | 无电梯,https://image1.ljcdn.com/shfdfs-image/20170920/2f219bdf-5612-4156-87cf-26071acc3e7c.jpg.296x216.jpg
20190504,松江,佘山,佘山家园 3室2厅 380万,380万,佘山家园  | 3室2厅 | 126.44平米 | 南 | 精装 | 无电梯,https://image1.ljcdn.com/310000-inspection/rsp_pic_uploadf1fec93e-0d0e-4574-b63b-47be25bf3d89.jpg.296x216.jpg
20190504,松江,佘山,随时看房 户型正气 诚意出售 出行方便,290万,江秋新苑(公寓)  | 3室2厅 | 121.31平米 | 南 北 | 精装 | 无电梯,https://image1.ljcdn.com/310000-inspection/rsp_pic_upload4d6b9a50-8b07-48d9-a892-85e906d0add6.jpg.296x216.jpg
20190504,松江,佘山,诚心出售 看房方便 置换割肉 天然氧吧  恒大制造房主自荐,800万,恒大佘山首府  | 4室2厅 | 218平米 | 南 北 | 精装 | 有电梯,https://image1.ljcdn.com/310000-inspection/36026a91-c70d-400d-961c-132ecdfafc0b.jpg.296x216.jpg
20190504,松江,佘山,总价低，位置好，看房有钥匙，业主诚意,1100万,天马高尔夫别墅   | 独栋别墅 | 4室2厅 | 458.59平米 | 南 | 毛坯 | 无电梯,https://image1.ljcdn.com/shfdfs-image/20151125/41b0fa0d-944f-4e44-b26a-9d6123b76df6.jpg.296x216.jpg
20190504,松江,佘山,佘山脚下紫都，小区中位置，满五唯一，税费少！！！！,2200万,紫都上海晶园   | 独栋别墅 | 5室3厅 | 338.97平米 | 南 | 毛坯 | 无电梯,https://image1.ljcdn.com/shfdfs-image/20151231/d598bad2-ae94-46d4-b485-d358ec69d2ed.jpg.296x216.jpg
20190504,松江,佘山,满五唯一，业主不赚钱卖，花园1300平，诚意！,2000万,紫都上海晶园   | 独栋别墅 | 3室2厅 | 538.97平米 | 北 | 毛坯 | 无电梯,https://image1.ljcdn.com/shfdfs-image/20160912/64523eb6-2a3d-4c0a-9060-8bfbb7f3c517.jpg.296x216.jpg
20190504,松江,佘山,佘山正脚下，南看佘山，东看凤凰山，小区绿化高,1680万,佘山3号   | 独栋别墅 | 5室3厅 | 331.53平米 | 东南 | 精装 | 无电梯,https://image1.ljcdn.com/shfdfs-image/20170520/7c3fa5a0-7cac-4fd7-9a66-91a22ac3f20a.jpg.296x216.jpg
20190504,松江,佘山,南面临河独栋别墅 大花园 业主诚意出售,6999万,上海紫园   | 独栋别墅 | 6室3厅 | 700平米 | 南 | 精装 | 无电梯,https://image1.ljcdn.com/shfdfs-image/20171124/554b397a-8ab0-4aac-81df-83ce44c94426.jpg.296x216.jpg
20190504,松江,佘山,3号地块  大户型 精装修独栋 拎包入住,3300万,佘山高尔夫郡   | 独栋别墅 | 5室2厅 | 670.07平米 | 东 东南 | 精装 | 无电梯,https://image1.ljcdn.com/310000-inspection/rsp_pic_upload6ec720cb-bdfd-4a7a-bd94-27cb615dad95.jpg.296x216.jpg
20190504,松江,佘山,占地5亩 正看佘山 背靠佘山 风，临大河，视野好！,5000万,上海紫园   | 独栋别墅 | 5室3厅 | 582.66平米 | 南 | 毛坯 | 无电梯,https://image1.ljcdn.com/shfdfs-image/20170612/5b2639fc-f7cc-4209-a6d2-ae7191b99ca5.jpg.296x216.jpg
20190504,松江,佘山,满五年，精装修，看房方便，花园集中，占地2000平,2800万,佘山月湖山庄   | 独栋别墅 | 5室3厅 | 845平米 | 东南 | 简装 | 无电梯,https://image1.ljcdn.com/shfdfs-image/20170426/376fbcb9-57bc-406a-862e-3d811fd33d6a.jpg.296x216.jpg
20190504,松江,佘山,佘山脚下，带有高尔夫球场，有钥匙随时看房!,6500万,佘山高尔夫郡   | 独栋别墅 | 6室3厅 | 980平米 | 南 | 毛坯 | 无电梯,https://image1.ljcdn.com/shfdfs-image/20151215/986a8887-b4d2-4b37-9554-5ccb620fbd68.jpg.296x216.jpg
20190504,松江,佘山,佘山下 地铁口 占地5亩 三面环水,5200万,佘山月湖山庄   | 独栋别墅 | 5室3厅 | 845.48平米 | 东 | 毛坯 | 无电梯,https://image1.ljcdn.com/shfdfs-image/20160323/a0a272fa-94d5-4f02-a2d9-03e899dab1d1.jpg.296x216.jpg
20190504,松江,佘山,面山面水面球场，三面环水，小区楼W，看房方便！,2580万,天马高尔夫别墅   | 独栋别墅 | 5室2厅 | 527平米 | 南 | 精装 | 无电梯,https://image1.ljcdn.com/shfdfs-image/20150411/3589e009-6b50-40d0-9c8e-b3cc35d44e29.jpg.296x216.jpg
20190504,松江,佘山,花园18亩 开门见3座山 背面靠山 南东2面临天然大河,35000万,世茂佘山庄园   | 独栋别墅 | 6室3厅 | 1823.97平米 | 南 | 毛坯 | 无电梯,https://image1.ljcdn.com/shfdfs-image/20171010/c2a6a13b-4d07-4e63-b64b-6861a47433ef.jpg.296x216.jpg
20190504,松江,佘山,天然氧吧，自带高尔夫球场会所，占地824.6平米，邻水,1380万,天马高尔夫别墅   | 独栋别墅 | 4室2厅 | 440平米 | 南 | 毛坯 | 无电梯,https://image1.ljcdn.com/310000-inspection/rsp_pic_uploade63a663d-3684-44a7-baae-460e47ecd60c.jpg.296x216.jpg
20190504,松江,佘山,佘山下全新装.正看两山.仟平花园.挑高客厅，拎包入住,2650万,紫都上海晶园   | 独栋别墅 | 5室3厅 | 493.38平米 | 南 北 | 精装 | 无电梯,https://image1.ljcdn.com/310000-inspection/4ca5c948-9edc-4051-bb58-aad0f64727c6.jpg.296x216.jpg
20190504,松江,佘山,恒大商品房，房子户型方正，采光好，小区环境好,204.8万,恒大佘山首府  | 1室1厅 | 64.4平米 | 南 | 精装 | 有电梯,https://image1.ljcdn.com/310000-inspection/aa2cbdbf-ed7c-4376-bab5-e20aeb53a0a7.jpg.296x216.jpg
20190504,松江,佘山,清山绿水天马有，精装修，看山看水看球场，业主委托售,1798万,天马高尔夫别墅   | 独栋别墅 | 4室3厅 | 436.19平米 | 南 | 精装 | 无电梯,https://image1.ljcdn.com/shfdfs-image/20160619/e4430f4d-a622-475e-94c5-de068437b617.jpg.296x216.jpg
20190504,松江,佘山,联排边套，天然氧吧，格局好，视野宽阔，,1100万,佘山高尔夫郡   | 联排别墅 | 4室3厅 | 330平米 | 南 | 精装 | 无电梯,https://image1.ljcdn.com/shfdfs-image/20170205/aced13f6-8585-4aa0-88b1-5148057756bf.jpg.296x216.jpg
20190504,松江,佘山,佘山脚下品质独栋，钢化石材，占地900平米，随时看,1920万,紫都上海晶园   | 独栋别墅 | 4室3厅 | 519.42平米 | 南 | 毛坯 | 无电梯,https://image1.ljcdn.com/310000-inspection/cee5033e-e132-4206-84c5-bfeec78f976c.jpg.296x216.jpg
20190504,松江,佘山,北进门南花园东临水，占地1695平，买进2000万，税少,2500万,紫都上海晶园   | 独栋别墅 | 5室3厅 | 697.69平米 | 东南 | 毛坯 | 无电梯,https://image1.ljcdn.com/310000-inspection/c43be716-0204-4700-8605-f61d46a553fb.jpg.296x216.jpg
20190504,松江,佘山,天安别墅 5室2厅 2000万,2000万,天安别墅   | 独栋别墅 | 5室2厅 | 370.95平米 | 南 | 毛坯 | 无电梯,https://image1.ljcdn.com/310000-inspection/13672a62-6082-4eda-a019-b4c12b5c4213.jpg.296x216.jpg
20190504,松江,佘山,天马三区单户型独栋别墅，南邻湖千平南花园，接受置换,2100万,天马高尔夫别墅   | 独栋别墅 | 6室3厅 | 685平米 | 南 北 | 毛坯 | 无电梯,https://image1.ljcdn.com/shfdfs-image/20151128/5ed7e812-139f-4513-80d4-125ac7052dae.jpg.296x216.jpg
20190504,松江,佘山,翠鑫苑，精装三房，双南夹厅，看房方便,290万,翠鑫苑  | 3室2厅 | 132平米 | 南 北 | 精装 | 无电梯,https://image1.ljcdn.com/310000-inspection/rsp_pic_uploade0920f0b-db09-41d9-808f-eab0e6e4f62b.jpg.296x216.jpg
20190504,松江,佘山,佘山高尔夫郡，精装独栋别墅，拎包入住！,5500万,佘山高尔夫郡   | 独栋别墅 | 6室4厅 | 667.24平米 | 南 | 精装 | 无电梯,https://image1.ljcdn.com/shfdfs-image/20170814/b29cfd90-b4d3-4792-94c8-fe7eaf315c51.jpg.296x216.jpg
20190504,松江,佘山,花园3000平 临自然大河 看东、西佘山,3900万,佘山东紫园   | 独栋别墅 | 5室3厅 | 681.55平米 | 南 | 毛坯 | 无电梯,https://image1.ljcdn.com/shfdfs-image/20160111/54b0d43e-f474-4b1c-9152-c16cd8244e29.jpg.296x216.jpg
20190504,松江,佘山,江秋新苑(公寓) 4室2厅 420万房主自荐,420万,江秋新苑(公寓)  | 4室2厅 | 181平米 | 南 北 | 毛坯 | 无电梯,https://image1.ljcdn.com/310000-inspection/1e3d8318-b3ec-4b28-b9ea-d716afea96a0.jpg.296x216.jpg
20190504,松江,佘山,位置好，临河，视野好，花园集中，约4亩。,3500万,佘山月湖山庄   | 独栋别墅 | 5室3厅 | 699.78平米 | 北 | 毛坯 | 无电梯,https://image1.ljcdn.com/shfdfs-image/20160420/2c074af0-5c8a-42c5-93e5-ff50fd06326f.jpg.296x216.jpg
20190504,松江,佘山,拎包入住，临河景观位置，高品质的物业管理！,2300万,佘山3号   | 独栋别墅 | 5室3厅 | 516.26平米 | 南 | 精装 | 无电梯,https://image1.ljcdn.com/310000-inspection/c5e3b46c-8f63-4e6a-b7df-87da151c1880.jpg.296x216.jpg
20190504,松江,佘山,佘山七大豪Z，临大河，占地1300平米，看房方便,2650万,紫都上海晶园   | 独栋别墅 | 4室3厅 | 556.65平米 | 南 | 毛坯 | 无电梯,https://image1.ljcdn.com/shfdfs-image/20160428/5717a467-cd66-4de3-8451-359d11da589b.jpg.296x216.jpg
20190504,松江,佘山,世茂佘山里 5室3厅 1200万,1200万,世茂佘山里  | 5室3厅 | 372.16平米 | 南 | 精装 | 无电梯,https://image1.ljcdn.com/310000-inspection/30e63133-a644-436c-ab82-c67d8fbd803d.jpg.296x216.jpg
20190504,松江,佘山,世茂佘山里 5室5厅 1180万,1180万,世茂佘山里  | 5室5厅 | 372.74平米 | 南 | 精装 | 无电梯,https://image1.ljcdn.com/310000-inspection/1db880da-7af1-4b32-aa08-7018a1191a43.jpg.296x216.jpg
20190504,松江,佘山,江秋新苑(公寓) 3室2厅 278万新上,278万,江秋新苑(公寓)  | 3室2厅 | 133.7平米 | 南 | 其他 | 无电梯,https://image1.ljcdn.com/shfdfs-image/20170503/bbc2fe51-b435-4afb-925f-8229b6ad6185.jpg.296x216.jpg
20190504,松江,佘山,新城上坤樾山璟里 4室2厅 620万,620万,新城上坤樾山璟里  | 4室2厅 | 130.87平米 | 南 | 精装,https://image1.ljcdn.com/310000-inspection/3fa0757b-1212-4792-aec4-357f4313bdd1.jpg.296x216.jpg
20190504,松江,佘山,佘山月湖山庄 6室4厅 4500万,4500万,佘山月湖山庄   | 独栋别墅 | 6室4厅 | 618.8平米 | 南 | 精装 | 无电梯,https://image1.ljcdn.com/310000-inspection/9e519090-72bf-4e17-b3a9-19bb5488b118.jpg.296x216.jpg
20190504,松江,佘山,业主二手买进，目前考虑出售，到价签字！,3500万,佘山月湖山庄   | 独栋别墅 | 6室3厅 | 832.06平米 | 北 | 毛坯 | 无电梯,https://image1.ljcdn.com/shfdfs-image/20160118/ce276d53-ef4b-40c6-9345-794d98828084.jpg.296x216.jpg
20190504,松江,佘山,佘山下 月湖旁              一栋定江山,8000万,佘山高尔夫郡   | 独栋别墅 | 5室4厅 | 1000.2平米 | 南 | 精装 | 无电梯,https://image1.ljcdn.com/shfdfs-image/20170412/cd10e2ae-8a0f-47dc-a12b-228c7a331d22.jpg.296x216.jpg
20190504,松江,佘山,临小区大湖，看湖景享悠闲生活，花园1200平，精装修。,2390万,紫都上海晶园   | 独栋别墅 | 5室3厅 | 502平米 | 南 | 精装 | 无电梯,https://image1.ljcdn.com/310000-inspection/99cbe278-c5d2-47a8-b84b-a6183d7f2f95.jpg.296x216.jpg
20190504,松江,佘山,绿地海珀佘山 小区环境好 居住舒适 看房方便,618万,绿地海珀佘山  | 4室2厅 | 204.81平米 | 南 北 | 毛坯 | 无电梯,https://image1.ljcdn.com/310000-inspection/15df7494-b3ed-4f14-aa49-511e188fd9ee.jpg.296x216.jpg
20190504,松江,佘山,天安别墅 4室2厅 1499万,1499万,天安别墅   | 独栋别墅 | 4室2厅 | 316.33平米 | 南 | 毛坯 | 无电梯,https://image1.ljcdn.com/310000-inspection/abceb576-1eed-45e0-89c6-036d65d6c80b.jpg.296x216.jpg
20190504,松江,佘山,一期样板房 花园大  位置安静    满五年唯一 有钥匙,1050万,佘山3号   | 独栋别墅 | 3室2厅 | 337.62平米 | 南 | 精装 | 无电梯,https://image1.ljcdn.com/310000-inspection/6735f96a-623f-4d7c-8ad4-6a081728ba00.jpg.296x216.jpg
20190504,松江,佘山,小区在售南进门第二排房源，进深比较深，入户开阔,6000万,佘山高尔夫郡   | 独栋别墅 | 7室5厅 | 699平米 | 南 | 精装 | 无电梯,https://image1.ljcdn.com/shfdfs-image/20151225/731f074c-e718-4113-8cfc-23423d73a86d.jpg.296x216.jpg
20190504,松江,佘山,国企开发商打造，配套完善，品质与生俱来，诚意出售,365万,国贸天悦佘山  | 3室2厅 | 95平米 | 暂无数据 | 精装 | 有电梯,https://image1.ljcdn.com/shfdfs-image/20180119/7c4473b8-3a75-49c1-8d54-ce5d2858bdfd.jpg.296x216.jpg
20190504,松江,佘山,天安别墅 6室2厅 1680万,1680万,天安别墅   | 独栋别墅 | 6室2厅 | 316.33平米 | 南 | 简装 | 无电梯,https://image1.ljcdn.com/310000-inspection/4bd03755-d053-4f03-ba71-2a604c25be03.jpg.296x216.jpg
20190504,松江,佘山,世茂佘山里 5室2厅 1280万,1280万,世茂佘山里  | 5室2厅 | 359平米 | 南 北 | 精装 | 无电梯,https://image1.ljcdn.com/310000-inspection/60e8be84-45c8-4d76-9a22-3b9f8e5723dc.jpg.296x216.jpg
20190504,松江,佘山,紫都上海晶园 7室4厅 3880万,3880万,紫都上海晶园   | 独栋别墅 | 7室4厅 | 810.82平米 | 北 | 毛坯 | 无电梯,https://image1.ljcdn.com/shfdfs-image/20160229/5172f460-8102-45ce-b4d4-83b487512396.jpg.296x216.jpg
20190504,松江,佘山,天安别墅 5室3厅 1500万,1500万,天安别墅   | 独栋别墅 | 5室3厅 | 348.83平米 | 东北 | 毛坯 | 无电梯,https://image1.ljcdn.com/310000-inspection/c5c12116-5881-4ad0-bd85-c26babe207c5.jpg.296x216.jpg
20190504,松江,佘山,六复七 花园景观位置 没有增值税 居家装修,235万,佘山家园  | 2室2厅 | 94平米 | 南 | 精装 | 无电梯,https://image1.ljcdn.com/310000-inspection/4540379d-7e11-48f0-a6b8-240635d7947f.jpg.296x216.jpg
20190504,松江,佘山,月湖山庄：花费1000万装修，从未入住，花园集中,4500万,佘山月湖山庄   | 独栋别墅 | 7室4厅 | 1140.5平米 | 南 北 | 精装 | 无电梯,https://image1.ljcdn.com/shfdfs-image/14/080813150544A4527241911D01FA39A3/1001131900312EA86F8DD9D6E72DB26C/201208111235485656886.jpg.296x216.jpg
20190504,松江,佘山,佘山下，月湖旁。尊享品质生活，成就非凡人生。,1500万,佘山3号   | 独栋别墅 | 4室2厅 | 422平米 | 南 | 毛坯 | 无电梯,https://image1.ljcdn.com/shfdfs-image/20160412/8eb3a7ec-587d-4128-850a-73ec50c12106.jpg.296x216.jpg
20190504,松江,佘山,华庭岛上有装修，占地5.34亩，看房提前预约即可,16000万,佘山高尔夫郡   | 独栋别墅 | 8室5厅 | 1663.1平米 | 东 | 精装 | 有电梯,https://image1.ljcdn.com/310000-inspection/rsp_pic_uploadd16e71cf-951c-4b19-870e-e7085ddb50fe.jpg.296x216.jpg
20190504,松江,佘山,一期样板房 大花园 产证占地4.085亩  东邻水,3980万,世茂佘山庄园   | 独栋别墅 | 6室3厅 | 766.24平米 | 西南 | 精装 | 无电梯,https://image1.ljcdn.com/shfdfs-image/20150902/41bd9bf1-bd33-43db-9c4d-f7d7135e8bc2.jpg.296x216.jpg
20190504,松江,佘山,联排别墅中间套，地上三层，带有车库和露台，方便看房,530万,江秋新苑(别墅)  | 3室2厅 | 226平米 | 南 | 毛坯 | 无电梯,https://image1.ljcdn.com/shfdfs-image/20171221/d465eabb-8fb7-42f0-aa2c-db6ff285d50c.jpg.296x216.jpg
20190504,松江,佘山,中间位置 近会所 装修奢华 南临河 产权清晰,7999万,世茂佘山庄园   | 独栋别墅 | 5室4厅 | 914.4平米 | 南 | 精装 | 无电梯,https://image1.ljcdn.com/310000-inspection/8398d45d-e20e-47b8-b754-a3ee84f856d6.jpg.296x216.jpg
20190504,松江,佘山,进口材料仟万装修、独享仟平花园，临河看佘山！,3500万,紫都上海晶园   | 独栋别墅 | 5室4厅 | 533.47平米 | 南 北 | 精装 | 无电梯,https://image1.ljcdn.com/310000-inspection/d6d75a7e-c29a-4160-ad85-098c86942e24.jpg.296x216.jpg
20190504,松江,佘山,联排东边套 开发商统一精装修 拎包入住,1000万,世茂佘山里  | 5室2厅 | 358平米 | 南 | 精装 | 无电梯,https://image1.ljcdn.com/310000-inspection/9a4ae3c3-582c-473f-80ed-641c040a8b66.jpg.296x216.jpg
20190504,松江,佘山,政法学院正对，森林公园脚下，正规大一房，随时看,120万,陈坊新苑  | 1室1厅 | 51.31平米 | 南 北 | 毛坯 | 无电梯,
20190504,松江,佘山,一期大宅，小区中间位置，拎包入住,12000万,世茂佘山庄园   | 独栋别墅 | 6室3厅 | 897.22平米 | 东南 | 精装 | 无电梯,https://image1.ljcdn.com/310000-inspection/a848f746-9ebd-42ed-9364-ebdddc2070d5.jpg.296x216.jpg
20190504,松江,佘山,佘山高尔夫郡5房2厅4卫，联排别墅，业主诚售！,1150万,佘山高尔夫郡   | 联排别墅 | 5室2厅 | 357平米 | 南 | 精装 | 无电梯,https://image1.ljcdn.com/310000-inspection/357dbbad-faad-4b89-8133-54cdc69df2a5.jpg.296x216.jpg
20190504,松江,佘山,低总价大三房 一手动迁免增值税 高层带阁楼 看中可谈,265万,江秋新苑(公寓)  | 3室2厅 | 120.37平米 | 南 | 精装 | 无电梯,https://image1.ljcdn.com/310000-inspection/49030ca0-4013-4bb4-9910-85baf5644a4c.jpg.296x216.jpg
20190504,松江,佘山,上海紫园 4室3厅 7500万,7500万,上海紫园   | 独栋别墅 | 4室3厅 | 582.66平米 | 南 | 毛坯 | 无电梯,https://image1.ljcdn.com/310000-inspection/358bf341-72cc-4f6f-a6b5-82f347f100e2.jpg.296x216.jpg
20190504,松江,佘山,临大河，大花园，视野无遮挡，买进价高，税费少！,1418万,天马高尔夫别墅   | 独栋别墅 | 4室2厅 | 447平米 | 南 | 毛坯 | 无电梯,https://image1.ljcdn.com/310000-inspection/29835988-36c4-4c0f-89af-8b5357fa93e1.jpg.296x216.jpg
20190504,松江,佘山,佘山脚下 上叠东边套 带阁楼 电梯直上 有钥匙随时看房主自荐,490万,绿地海珀佘山  | 3室2厅 | 128.92平米 | 南 | 毛坯 | 有电梯,https://image1.ljcdn.com/310000-inspection/4afafc52-13d5-4208-875b-070637a4c68d.jpg.296x216.jpg
20190504,松江,佘山,低密度小区，看山看水看球场，大户型，看房有钥匙,2850万,天马高尔夫别墅   | 独栋别墅 | 6室3厅 | 518.64平米 | 北 | 毛坯 | 无电梯,https://image1.ljcdn.com/shfdfs-image/20170321/f45f8de8-6331-4dc9-8d0d-4238d5cbc671.jpg.296x216.jpg
20190504,松江,佘山,私家泳池，花园两千多平，自住装修急售，客厅舒适,5000万,佘山高尔夫郡   | 独栋别墅 | 5室3厅 | 748.92平米 | 南 | 精装 | 无电梯,https://image1.ljcdn.com/310000-inspection/64169ec0-0137-4a17-874d-65a60532ec25.jpg.296x216.jpg
20190504,松江,佘山,房东来电急售，价格可商榷，诚意售房，交通位置便利,224万,佘山翠庭  | 2室2厅 | 94.15平米 | 南 | 毛坯 | 无电梯,
20190504,松江,佘山,干挂外立面，位置佳，西进门东南花园东面邻水，税费低,3000万,紫都上海晶园   | 独栋别墅 | 5室3厅 | 698.65平米 | 南 | 毛坯 | 无电梯,https://image1.ljcdn.com/shfdfs-image/20161210/8200ec47-cc82-48f9-890e-831a8c878e13.jpg.296x216.jpg
20190504,松江,佘山,佘山脚底下，9号线地铁沿线，占地3.8亩，总价5200万,5200万,佘山月湖山庄   | 独栋别墅 | 5室2厅 | 947.02平米 | 东南 | 毛坯 | 无电梯,https://image1.ljcdn.com/310000-inspection/rsp_pic_upload64ba8859-6af0-445a-8efd-c277ff9a0b19.jpg.296x216.jpg
20190504,松江,佘山,电梯上叠别墅三房朝南自住装修有50平阁楼共三层,560万,绿地海珀佘山  | 4室2厅 | 128.89平米 | 南 | 精装 | 无电梯,https://image1.ljcdn.com/310000-inspection/7a1935aa-11f3-43a7-a350-1e81af5e31e9.jpg.296x216.jpg
20190504,松江,佘山,新上房源，房东自己装修，装修费200万，B户型。带电梯,890万,世茂佘山里  | 4室2厅 | 247平米 | 南 北 | 精装 | 无电梯,https://image1.ljcdn.com/310000-inspection/aa88a0cc-3b33-4efe-98f5-a57b93d692d8.jpg.296x216.jpg
20190504,松江,佘山,佘山新苑，南北通透，带阁楼，看房随时。房主自荐,300万,佘山新苑  | 2室2厅 | 107.35平米 | 南 北 | 精装 | 无电梯,https://image1.ljcdn.com/310000-inspection/06cbf05b-0bfc-44c0-8da8-3732bbabd335.jpg.296x216.jpg
20190504,松江,佘山,佘山3号精装修独栋别墅 拎包入住,1230万,佘山3号   | 独栋别墅 | 3室2厅 | 337平米 | 南 | 精装 | 无电梯,https://image1.ljcdn.com/310000-inspection/eef55cdc-76af-47a3-9081-26d2f11e6ffc.jpg.296x216.jpg
20190504,松江,佘山,花园洋房 品牌开发商，标杆社区，户型方正，精装交付,750万,恒大佘山首府  | 4室3厅 | 204平米 | 南 | 精装 | 有电梯,https://image1.ljcdn.com/310000-inspection/4b7b4ff8-0ad1-40de-b5c1-986265d30b21.jpg.296x216.jpg
20190504,松江,佘山,北临河、北花园、精装200万，小区位置佳，拎包即住！,1350万,天马高尔夫别墅   | 独栋别墅 | 5室2厅 | 447平米 | 南 | 精装 | 无电梯,https://image1.ljcdn.com/310000-inspection/0a15bed5-9e20-4ba9-8ada-6d305ca03e92.jpg.296x216.jpg
20190504,松江,佘山,托斯卡纳独栋别墅、新装修拎包住！大花园、一览球场！,4200万,佘山高尔夫郡   | 独栋别墅 | 5室4厅 | 655.65平米 | 南 北 | 精装 | 无电梯,https://image1.ljcdn.com/310000-inspection/5624b47e-3bda-4017-9508-f1bdd94ab1ac.jpg.296x216.jpg
20190504,松江,佘山,佘山大宅 1500平院子 南邻大河 现代风格 全新装修,1800万,天安别墅   | 独栋别墅 | 5室2厅 | 314.67平米 | 南 | 精装 | 无电梯,https://image1.ljcdn.com/310000-inspection/ac4773ba-7f4c-4268-a280-bc427cac5408.jpg.296x216.jpg
20190504,松江,佘山,华庭岛屿大宅、6亩占地、南临河看球场！热情西班牙,18000万,佘山高尔夫郡   | 独栋别墅 | 6室3厅 | 1614.74平米 | 南 北 | 毛坯 | 无电梯,https://image1.ljcdn.com/310000-inspection/16f5b958-dfbd-4de6-9386-f0bf934f7735.jpg.296x216.jpg
20190504,松江,佘山,有山有水丶華廷大宅磅礴来袭！6亩占地、南临河看球场,16000万,佘山高尔夫郡   | 独栋别墅 | 6室3厅 | 1715.36平米 | 南 北 | 毛坯 | 无电梯,https://image1.ljcdn.com/310000-inspection/d495b9ca-7fa6-451f-9c28-190ee3f58e4b.jpg.296x216.jpg
20190504,松江,佘山,三地块独栋别墅、位置好！大花园可谈！托斯塔纳风格,4500万,佘山高尔夫郡   | 独栋别墅 | 5室2厅 | 670.07平米 | 南 北 | 精装 | 无电梯,https://image1.ljcdn.com/310000-inspection/c24ffe9c-002e-4dbd-89af-4dbabbb9b50a.jpg.296x216.jpg
20190504,松江,佘山,江秋新苑(公寓) 1室1厅 145万,145万,江秋新苑(公寓)  | 1室1厅 | 60.13平米 | 南 | 其他 | 无电梯,https://image1.ljcdn.com/310000-inspection/641d9017-ae1a-4e2d-ab27-2ea74ce19fde.jpg.296x216.jpg
20190504,松江,佘山,中间位置  满5税费少  户型正气 诚意售 看房方便,1150万,佘山3号   | 独栋别墅 | 3室2厅 | 325平米 | 南 | 毛坯 | 无电梯,https://image1.ljcdn.com/shfdfs-image/20170803/86441dcd-86fc-4ec6-9f88-2f7a4659f139.jpg.296x216.jpg
20190504,松江,佘山,佘山脚下独栋别墅区，环境优，管家式物业，随时看,1500万,佘山3号   | 独栋别墅 | 4室3厅 | 397平米 | 南 北 | 毛坯 | 无电梯,https://image1.ljcdn.com/310000-inspection/2b145a56-a6ae-4aa6-bbb3-214d60a45a5e.jpg.296x216.jpg
20190504,松江,佘山,佘山商品房 佘山翠庭 多层婚装修大2房 保养好 价好谈,239万,佘山翠庭  | 2室2厅 | 93.69平米 | 南 北 | 精装 | 无电梯,https://image1.ljcdn.com/shfdfs-image/20170521/5b740fb3-66d0-48bf-bef1-a879bd9bf23c.jpg.296x216.jpg
20190504,松江,佘山,佘山3号 小户型 北进门 南花园,1100万,佘山3号   | 独栋别墅 | 3室2厅 | 325平米 | 南 | 毛坯 | 无电梯,https://image1.ljcdn.com/310000-inspection/cf84ee1d-95ac-462c-9cc3-1c96f0a863cc.jpg.296x216.jpg
20190504,松江,佘山,双拼别墅东边套 人车分流 自然大河花园东看佘山钥匙房,1500万,世茂佘山里  | 5室2厅 | 545.49平米 | 北 | 毛坯 | 无电梯,https://image1.ljcdn.com/310000-inspection/90f4793c-0086-454b-b43a-6fbcaef434ed.jpg.296x216.jpg
20190504,松江,佘山,开发商装修 房东自己承担房子的税 相当于一手楼盘,364.9万,国贸天悦  | 3室2厅 | 90.34平米 | 南 北 | 精装,https://image1.ljcdn.com/310000-inspection/75192b0a-ec5a-487f-849d-a64a2f8abde0.jpg.296x216.jpg
20190504,松江,佘山,看辰山植物园 叠加别墅 纯毛坯房 诚心出售 看房有钥匙,550万,绿地海珀佘山  | 3室2厅 | 131平米 | 南 北 | 其他 | 无电梯,https://image1.ljcdn.com/310000-inspection/df3299d3-15d5-4897-a167-1649fdcc4213.jpg.296x216.jpg
20190504,松江,佘山,世茂佘山里 4室2厅 1050万,1050万,世茂佘山里  | 4室2厅 | 330平米 | 南 北 | 精装 | 无电梯,https://image1.ljcdn.com/310000-inspection/59385b62-632c-4bd8-ac69-3a324a878b37.jpg.296x216.jpg
20190504,松江,佘山,佘山翠庭 5室3厅 556万,556万,佘山翠庭  | 5室3厅 | 193.7平米 | 南 | 其他 | 无电梯,https://image1.ljcdn.com/310000-inspection/d068bdcd-b12f-46af-b119-e308627575a9.jpg.296x216.jpg
20190504,松江,佘山,买进1342万，366+186平大户型，南花园600平。,1550万,佘山3号   | 独栋别墅 | 4室3厅 | 552.77平米 | 东南 | 毛坯 | 无电梯,https://image1.ljcdn.com/310000-inspection/c359a0aa-35f9-4e4c-a376-5ffb58b56818.jpg.296x216.jpg
20190504,松江,佘山,佘山3号 4室3厅 1350万,1350万,佘山3号   | 独栋别墅 | 4室3厅 | 419.3平米 | 南 | 毛坯 | 无电梯,https://image1.ljcdn.com/310000-inspection/c84d0157-9381-4591-a51a-91a893d21fe7.jpg.296x216.jpg
20190504,松江,佘山,仟万精装、华庭岛屿大独栋！5亩占地、自住价格可谈,30000万,佘山高尔夫郡   | 独栋别墅 | 6室3厅 | 1581.68平米 | 南 北 | 精装 | 无电梯,https://image1.ljcdn.com/310000-inspection/7b9c342a-6bd4-4e33-abb0-91b1a6c566d1.jpg.296x216.jpg
20190504,松江,佘山,永不落幕的森林派对：高尔夫全实木别墅、二千大花园,5500万,佘山高尔夫郡   | 独栋别墅 | 5室3厅 | 685.56平米 | 南 北 | 简装 | 无电梯,https://image1.ljcdn.com/310000-inspection/f73a439e-4d3a-463f-824f-5477bb19db1c.jpg.296x216.jpg
20190504,松江,佘山,天安别墅 4室2厅 1400万,1400万,天安别墅   | 独栋别墅 | 4室2厅 | 319.39平米 | 南 | 毛坯 | 无电梯,https://image1.ljcdn.com/310000-inspection/bf8cd1d7-ac06-448d-8b63-7f467a64be18.jpg.296x216.jpg
20190504,松江,佘山,二期样板房，上手价1180万，成本出售！即可入住！,1280万,佘山3号   | 独栋别墅 | 3室3厅 | 369.3平米 | 南 | 精装 | 无电梯,https://image1.ljcdn.com/shfdfs-image/20160101/150437e0-1c9d-4b20-9783-7571dfe8eabc.jpg.296x216.jpg
20190504,松江,佘山,总价低，上手1457万，税费低，便宜。,1898万,紫都上海晶园   | 独栋别墅 | 4室3厅 | 497.94平米 | 东南 | 毛坯 | 无电梯,https://image1.ljcdn.com/shfdfs-image/20160101/68fd3e02-71d9-4483-bd86-d84cc59a02b9.jpg.296x216.jpg
20190504,松江,佘山,佘三3号中户型，南花园，装修精致，拎包即住！！,1480万,佘山3号   | 独栋别墅 | 5室3厅 | 261.89平米 | 北 | 精装 | 无电梯,https://image1.ljcdn.com/shfdfs-image/20150913/6588aac6-66ef-425b-86b4-37892bdff2c6.jpg.296x216.jpg
20190504,松江,佘山,月湖山庄：临大河，视野开阔，占地4亩，全权代理！,4800万,佘山月湖山庄   | 独栋别墅 | 5室3厅 | 788平米 | 西 | 毛坯 | 无电梯,https://image1.ljcdn.com/shfdfs-image/20170616/5f98f7e0-203e-4921-9043-aad05fc3fbbb.jpg.296x216.jpg
20190504,松江,佘山,一手动迁房，没有增值税个附加税，联排别墅中间套,660万,江秋新苑(别墅)  | 3室2厅 | 245.83平米 | 南 | 毛坯 | 无电梯,https://image1.ljcdn.com/shfdfs-image/20170718/7c09e9b1-f41a-4971-b637-03242240acb1.jpg.296x216.jpg
20190504,松江,佘山,佘山脚下 联排别墅类独栋 南花园北车库  看房有钥匙,545万,佘山花苑  | 4室3厅 | 190.59平米 | 南 | 其他 | 无电梯,https://image1.ljcdn.com/shfdfs-image/20170818/eb5a84a2-e05c-492c-856d-24431a42e2a1.jpg.296x216.jpg
20190504,松江,佘山,高尔夫5号地块独栋，托斯塔纳风格，精装拎包入住,3600万,佘山高尔夫郡   | 独栋别墅 | 5室3厅 | 757.65平米 | 南 北 | 精装 | 无电梯,https://image1.ljcdn.com/shfdfs-image/20170810/c0feb750-6cdf-4197-a3db-aac10544e5c4.jpg.296x216.jpg
20190504,松江,佘山,北进门，南花园，户型方正，业主诚意出售！,1350万,天马高尔夫别墅   | 独栋别墅 | 4室1厅 | 317.31平米 | 南 | 毛坯 | 无电梯,https://image1.ljcdn.com/shfdfs-image/20160506/518a0bec-864e-443f-a5c1-41c0534772f9.jpg.296x216.jpg
20190504,松江,佘山,务必点入查看  半岛别墅 两面临河 花园两亩 次新可塑,1600万,天马高尔夫别墅   | 独栋别墅 | 3室2厅 | 447.39平米 | 南 | 毛坯 | 无电梯,https://image1.ljcdn.com/shfdfs-image/20160125/9d8ea51d-ef9e-463f-a2b2-e9f87179d4dc.jpg.296x216.jpg
20190504,松江,佘山,永不落幕的森林派对：高尔夫独栋别墅、花园二千带球卡,4300万,佘山高尔夫郡   | 独栋别墅 | 5室3厅 | 769.81平米 | 南 北 | 毛坯 | 无电梯,https://image1.ljcdn.com/shfdfs-image/20170223/2e720543-0ef0-4fa3-b610-4b7502be69e6.jpg.296x216.jpg
20190504,松江,佘山,佘山假日半岛 近地铁站 步行可以到佘山地铁站 精装修,96万,佘山假日半岛  | 1室1厅 | 53.55平米 | 北 | 精装,https://image1.ljcdn.com/x-se/hdic-resblock/e6719ef1-1e88-4d05-af18-4560ce347879.jpg.296x216.jpg
20190504,松江,佘山,小区二期中部位置 总价低 业主诚意出售,2400万,紫都上海晶园   | 独栋别墅 | 4室3厅 | 513平米 | 暂无数据 | 毛坯 | 无电梯,https://image1.ljcdn.com/shfdfs-image/20160101/4b67629e-a388-470d-9d7b-bbd2f900d167.jpg.296x216.jpg
20190504,松江,佘山,精装修房，税费低，上叠别墅，看房方便，有花园地下室,970万,佘山一品  | 5室2厅 | 240平米 | 南 | 精装 | 无电梯,https://image1.ljcdn.com/shfdfs-image/20171126/704898b6-6834-4c6a-b8cf-619e74bdce9c.jpg.296x216.jpg
20190504,松江,佘山,南进门，西北环形花园，西临河，纯地上2层。看房方便,1500万,佘山3号   | 独栋别墅 | 4室3厅 | 332.01平米 | 西南 | 毛坯 | 无电梯,https://image1.ljcdn.com/shfdfs-image/20160912/06857003-1d77-416d-8fe0-24f515e39fb1.jpg.296x216.jpg
20190504,松江,佘山,大花园独栋别墅，满五唯一，南进门北花园，占地1841㎡,1700万,天马高尔夫别墅   | 独栋别墅 | 4室2厅 | 355.8平米 | 南 | 精装 | 无电梯,https://image1.ljcdn.com/shfdfs-image/20160522/72fedb06-6377-4314-ac31-a508046fa20d.jpg.296x216.jpg
20190504,松江,佘山,花园500平，正看佘山，业主很诚意出售,1500万,佘山3号  | 4室2厅 | 423.74平米 | 南 | 毛坯 | 无电梯,https://image1.ljcdn.com/shfdfs-image/20160723/66f9fc2f-7fd5-4718-807a-c2b2a7ebaca5.jpg.296x216.jpg
20190504,松江,佘山,小区中间位置，南花园，南临水，远眺横山,1720万,天马高尔夫别墅   | 独栋别墅 | 4室2厅 | 440平米 | 南 | 其他 | 无电梯,https://image1.ljcdn.com/shfdfs-image/20170805/19600a5f-54d5-40fc-9946-9bb4016435af.jpg.296x216.jpg
20190504,松江,佘山,佘山3号 4室2厅 1850万,1850万,佘山3号   | 独栋别墅 | 4室2厅 | 403平米 | 南 | 精装 | 无电梯,https://image1.ljcdn.com/shfdfs-image/20160323/651c7794-87e4-41dd-a94f-31b513244044.jpg.296x216.jpg
20190504,松江,佘山,佘山家园 2室2厅 220万,220万,佘山家园  | 2室2厅 | 94平米 | 南 | 其他 | 无电梯,
20190504,松江,佘山,佘山假日半岛 2房间1卫 95万,95万,佘山假日半岛  | 1室1厅 | 53.38平米 | 北 | 精装,https://image1.ljcdn.com/x-se/hdic-resblock/e6719ef1-1e88-4d05-af18-4560ce347879.jpg.296x216.jpg
20190504,松江,佘山,佘山假日半岛 4房间1卫 182万,182万,佘山假日半岛  | 2室2厅 | 88.86平米 | 南 | 其他,https://image1.ljcdn.com/x-se/hdic-resblock/e6719ef1-1e88-4d05-af18-4560ce347879.jpg.296x216.jpg
20190504,松江,佘山,佘山假日半岛 2房间1卫 80万新上,80万,佘山假日半岛  | 1室1厅 | 36.37平米 | 南 | 其他,https://image1.ljcdn.com/x-se/hdic-resblock/e6719ef1-1e88-4d05-af18-4560ce347879.jpg.296x216.jpg
20190504,松江,佘山,房子小区位置好，南北方正户型，格局无改动。看房方便,190万,陈坊新苑  | 2室2厅 | 86.06平米 | 南 | 毛坯 | 无电梯,
20190504,松江,佘山,房子小区位置好，南北方正户型，格局无改动。看房方便,178万,陈坊新苑  | 2室2厅 | 74.08平米 | 南 | 毛坯 | 无电梯,
20190504,松江,佘山,佘山假日半岛 近九号线洞泾地铁站 交通便利,78.8万,佘山假日半岛  | 1室1厅 | 53.28平米 | 北 | 简装,https://image1.ljcdn.com/x-se/hdic-resblock/e6719ef1-1e88-4d05-af18-4560ce347879.jpg.296x216.jpg
20190504,松江,佘山,无增值税 产证已经办理好 南北通正气两房 价格可谈,215万,翠鑫苑  | 2室2厅 | 86.93平米 | 南 | 其他 | 无电梯,
20190504,松江,佘山,绿地海珀佘山 3室2厅 550万,550万,绿地海珀佘山  | 3室2厅 | 129平米 | 南 | 其他 | 无电梯,https://image1.ljcdn.com/shfdfs-image/20171021/c6bb5dfd-c9d6-4af4-9f92-b2f32c238d7a.jpg.296x216.jpg
20190504,松江,佘山,在九号线洞泾地铁站 交通便利  精装修 看房方便,88.9万,佘山假日半岛  | 1室1厅 | 34.74平米 | 北 | 精装,https://image1.ljcdn.com/x-se/hdic-resblock/e6719ef1-1e88-4d05-af18-4560ce347879.jpg.296x216.jpg
20190504,松江,佘山,小区安静位置，中间楼层.房东诚心卖.精装,215万,佘山家园  | 2室2厅 | 93.06平米 | 南 | 精装 | 无电梯,
20190504,松江,佘山,陈坊新苑 1室1厅 149万,149万,陈坊新苑  | 1室1厅 | 57.51平米 | 南 北 | 其他 | 无电梯,
20190504,松江,佘山,翠鑫苑 2室2厅 215万新上,215万,翠鑫苑  | 2室2厅 | 87.1平米 | 南 北 | 精装 | 无电梯,
20190504,松江,佘山,世茂纳米魔幻城 7房间2卫 400万,400万,世茂纳米魔幻城  | 4室3厅 | 157平米 | 南 | 简装 | 无电梯,
20190504,松江,佘山,世茂纳米魔幻城 6房间2卫 480万,480万,世茂纳米魔幻城  | 4室2厅 | 190平米 | 暂无数据 | 简装 | 无电梯,
20190504,松江,佘山,新松嘉园大一房，好楼层，一手动迁，随时看房,208万,新松嘉园  | 1室1厅 | 59.44平米 | 南 | 简装 | 有电梯,
20190504,松江,佘山,佘山下  花园千平 临大河 交通方便,1500万,天安别墅   | 独栋别墅 | 4室2厅 | 348.83平米 | 北 | 毛坯 | 无电梯,
20190504,松江,佘山,世茂纳米魔幻城 4房间1卫 280万,280万,世茂纳米魔幻城  | 2室2厅 | 106平米 | 南 | 精装 | 无电梯,
20190504,松江,佘山,佘山假日半岛 1房间1卫 78万,78万,佘山假日半岛  | 1室0厅 | 35平米 | 南 | 简装,https://image1.ljcdn.com/x-se/hdic-resblock/e6719ef1-1e88-4d05-af18-4560ce347879.jpg.296x216.jpg
20190504,松江,佘山,国贸天悦 3室2厅 370万,370万,国贸天悦  | 3室2厅 | 90.76平米 | 南 | 精装,
20190504,松江,佘山,世茂纳米魔幻城 6房间3卫 500万,500万,世茂纳米魔幻城  | 4室2厅 | 184.94平米 | 南 | 精装 | 无电梯,
20190504,松江,佘山,佘山两房 总价低 免增值税 看房方便,240万,翠鑫苑  | 2室2厅 | 87.1平米 | 南 | 精装 | 无电梯,
20190504,松江,佘山,国贸天悦 3室2厅 500万,500万,国贸天悦  | 3室2厅 | 168平米 | 南 | 精装,
20190504,松江,佘山,边套.位置好，政法一路之隔. 格局无改动.可改2房,140万,陈坊新苑  | 1室1厅 | 57.47平米 | 南 | 毛坯 | 无电梯,
20190504,松江,佘山,陈坊新苑 1室1厅 139万,139万,陈坊新苑  | 1室1厅 | 57.51平米 | 南 北 | 其他 | 无电梯,
20190504,松江,佘山,国贸天悦佘山 6室2厅 650万,650万,国贸天悦佘山  | 6室2厅 | 180平米 | 南 | 简装 | 有电梯,
20190504,松江,佘山,佘山假日半岛 2房间1卫 110万,110万,佘山假日半岛  | 1室1厅 | 53.38平米 | 南 | 精装,https://image1.ljcdn.com/x-se/hdic-resblock/e6719ef1-1e88-4d05-af18-4560ce347879.jpg.296x216.jpg
20190504,松江,佘山,佘山新天地休闲广场 3房间1卫 100万,100万,佘山新天地休闲广场  | 2室1厅 | 73.27平米 | 南 | 其他 | 无电梯,
20190504,松江,佘山,天安别墅 4室2厅 1580万,1580万,天安别墅   | 独栋别墅 | 4室2厅 | 326.84平米 | 南 | 其他 | 无电梯,
20190504,松江,佘山,恒大佘山首府 3室2厅 548万,548万,恒大佘山首府  | 3室2厅 | 127平米 | 南 | 精装 | 有电梯,
20190504,松江,佘山,世茂佘山里 5室3厅 830万,830万,世茂佘山里  | 5室3厅 | 317平米 | 南 | 其他 | 无电梯,
20190504,松江,佘山,高尔夫岛上邻大湖 看高尔夫18洞球场景观,4500万,佘山高尔夫郡   | 独栋别墅 | 5室2厅 | 626.97平米 | 南 | 精装 | 无电梯,
20190504,松江,佘山,国贸天悦佘山 1室0厅 240万,240万,国贸天悦佘山  | 1室0厅 | 54平米 | 南 | 毛坯 | 有电梯,
20190504,松江,佘山,洞泾地铁口50米 1房 看房提前约,109万,佘山假日半岛  | 1室1厅 | 56平米 | 暂无数据 | 其他,https://image1.ljcdn.com/x-se/hdic-resblock/e6719ef1-1e88-4d05-af18-4560ce347879.jpg.296x216.jpg
20190504,松江,佘山,世茂纳米魔幻城 6房间2卫 300万,300万,世茂纳米魔幻城  | 4室2厅 | 141.7平米 | 暂无数据 | 精装 | 无电梯,
20190504,松江,佘山,佘山翠庭 2室2厅 270万,270万,佘山翠庭  | 2室2厅 | 93.69平米 | 南 北 | 精装 | 无电梯,
20190504,松江,佘山,新城上坤樾山璟里 3室2厅 460万,460万,新城上坤樾山璟里  | 3室2厅 | 90.41平米 | 南 | 精装,
20190504,松江,佘山,国贸天悦佘山 5室3厅 450万,450万,国贸天悦佘山  | 5室3厅 | 93.52平米 | 南 | 精装 | 有电梯,
20190504,松江,佘山,庄泾苑 1室1厅 190万,190万,庄泾苑  | 1室1厅 | 60.01平米 | 南 | 简装,
20190504,松江,佘山,佘山月湖山庄 5室3厅 7000万,7000万,佘山月湖山庄   | 独栋别墅 | 5室3厅 | 804.18平米 | 南 北 | 精装 | 无电梯,
20190504,松江,佘山,恒大佘山首府 4室2厅 526万,526万,恒大佘山首府  | 4室2厅 | 144平米 | 南 | 精装 | 有电梯,
20190504,松江,佘山,绿地海珀佘山 2室1厅 240万,240万,绿地海珀佘山  | 2室1厅 | 68.5平米 | 南 北 | 精装 | 无电梯,
20190504,松江,佘山,庄泾苑 3室2厅 310万,310万,庄泾苑  | 3室2厅 | 124.11平米 | 南 | 简装,
20190504,松江,佘山,恒大佘山首府 4室2厅 740万,740万,恒大佘山首府  | 4室2厅 | 199.26平米 | 南 | 精装 | 有电梯,
20190504,松江,佘山,翠鑫苑 2室2厅 220万,220万,翠鑫苑  | 2室2厅 | 87平米 | 南 北 | 其他 | 无电梯,
20190504,松江,佘山,世茂纳米魔幻城 6房间3卫 370万,370万,世茂纳米魔幻城  | 4室2厅 | 149平米 | 暂无数据 | 其他 | 无电梯,
20190504,松江,佘山,世茂纳米魔幻城 6房间3卫 450万,450万,世茂纳米魔幻城  | 4室2厅 | 179.97平米 | 南 | 精装 | 无电梯,
20190504,松江,佘山,世茂纳米魔幻城 4房间1卫 360万,360万,世茂纳米魔幻城  | 2室2厅 | 107.4平米 | 南 | 精装 | 无电梯,
20190504,松江,佘山,佘山新天地休闲广场 2房间1卫 115万,115万,佘山新天地休闲广场  | 1室1厅 | 72.15平米 | 暂无数据 | 其他 | 无电梯,
20190504,松江,佘山,世茂纳米魔幻城 5房间2卫 480万,480万,世茂纳米魔幻城  | 3室2厅 | 188.43平米 | 暂无数据 | 其他 | 无电梯,
20190504,松江,佘山,新小区房子新 环境好绿化好 带电梯随时看 价格可谈,525万,绿地海珀佘山  | 3室2厅 | 130平米 | 暂无数据 | 其他 | 无电梯,
20190504,松江,佘山,佘山新天地休闲广场 2房间1卫 80万,80万,佘山新天地休闲广场  | 1室1厅 | 47.72平米 | 东 | 其他 | 无电梯,
20190504,松江,佘山,板式 户型楼层好 位置好不靠马路 多层得房率高,358万,佘山新苑  | 3室2厅 | 125.48平米 | 东南 西南 | 精装 | 无电梯,
20190504,松江,佘山,绿地海珀小区新，业主诚意出售，看房提前联系都能看到,650万,绿地海珀佘山  | 4室2厅 | 129平米 | 南 | 精装 | 无电梯,
20190504,松江,佘山,中层次新小区，拎包入住，业主诚意出售。,530万,恒大佘山首府  | 3室2厅 | 133平米 | 南 北 | 精装 | 有电梯,
20190504,松江,佘山,小区位置.相比较好，小区环境优雅.一梯两户得房率高,270万,翠鑫苑  | 2室2厅 | 110平米 | 南 | 毛坯 | 无电梯,
20190504,松江,佘山,佘山新房 翠鑫苑 多层大2房 居家装修 总价低,208万,翠鑫苑  | 2室2厅 | 87平米 | 南 北 | 精装 | 无电梯,
20190504,松江,佘山,国企开发商打造，精装修，配套齐，业主诚意出售,360万,国贸天悦佘山  | 3室2厅 | 90平米 | 南 | 精装 | 有电梯,
20190504,松江,佘山,照片实拍精装修大2房，近政法大学，70年产权,219万,翠鑫苑  | 2室2厅 | 82.75平米 | 南 | 精装 | 无电梯,
20190504,松江,佘山,房型方正，有产证  免增值税  有花园,143万,江秋新苑(公寓)  | 1室1厅 | 57.88平米 | 南 北 | 简装 | 无电梯,
20190504,松江,佘山,佘北家园松和苑 2室1厅 210万,210万,佘北家园松和苑  | 2室1厅 | 75平米 | 南 | 其他,
20190504,松江,佘山,恒大佘山首府 2室2厅 360万,360万,恒大佘山首府  | 2室2厅 | 89平米 | 南 | 精装 | 有电梯,
20190504,松江,佘山,佘山家园 3室2厅 300万,300万,佘山家园  | 3室2厅 | 126.99平米 | 南 北 | 毛坯 | 无电梯,
20190504,松江,佘山,佘山翠庭 2室2厅 245万,245万,佘山翠庭  | 2室2厅 | 95.65平米 | 南 | 其他 | 无电梯,
20190504,松江,佘山,拥抱高尔夫、拥抱生活！贰仟花园、位置好！价格可谈,4500万,佘山高尔夫郡   | 独栋别墅 | 5室3厅 | 796.51平米 | 南 北 | 毛坯 | 无电梯,
20190504,松江,佘山,新城上坤樾山璟里 4室2厅 520万,520万,新城上坤樾山璟里  | 4室2厅 | 114平米 | 南 北 | 其他,
20190504,松江,佘山,翠鑫苑 1室1厅 159万,159万,翠鑫苑  | 1室1厅 | 59平米 | 南 北 | 其他 | 无电梯,
20190504,松江,佘山,江秋新苑(公寓) 4室2厅 420万,420万,江秋新苑(公寓)  | 4室2厅 | 173.99平米 | 南 | 毛坯 | 无电梯,
20190504,松江,佘山,绿地海珀佘山 1室2厅 218万,218万,绿地海珀佘山  | 1室2厅 | 68.34平米 | 南 | 其他 | 无电梯,
20190504,松江,佘山,佘山高尔夫郡 5室2厅 948万,948万,佘山高尔夫郡   | 联排别墅 | 5室2厅 | 350平米 | 南 | 其他 | 无电梯,
20190504,松江,佘山,绿地海珀佘山 2室1厅 230万,230万,绿地海珀佘山  | 2室1厅 | 68平米 | 南 | 其他 | 无电梯,
20190504,松江,佘山,佘山家园 3室2厅 305万,305万,佘山家园  | 3室2厅 | 127.64平米 | 南 | 其他 | 无电梯,
20190504,松江,佘山,新松嘉园 3室1厅 299万,299万,新松嘉园  | 3室1厅 | 100.6平米 | 南 | 精装,
20190504,松江,佘山,带阁楼大三房.得房率高.房东诚心价格可谈.随时看,251万,翠鑫苑  | 3室1厅 | 107平米 | 南 北 | 毛坯 | 无电梯,
20190504,松江,佘山,国贸天悦佘山 精装拎包入住 房东急售新上,490万,国贸天悦佘山  | 3室2厅 | 128平米 | 南 北 | 精装 | 有电梯,
