20190504,闸北,西藏北路,浦西一高楼塔尖住宅，坐拥俯瞰一江,三开间朝南房主自荐,2280万,华侨城苏河湾(公寓)  | 2室2厅 | 179.63平米 | 南 | 精装 | 有电梯,https://image1.ljcdn.com/310000-inspection/prod-e43fff90-044a-47ab-a16a-7184900534b6.jpg.296x216.jpg
20190504,闸北,西藏北路,地铁3，4号线宝山路站，朝南一房 全明 总价低 诚售！,196万,虬江路909弄  | 1室0厅 | 34.59平米 | 南 | 简装 | 无电梯,https://image1.ljcdn.com/310000-inspection/test-1e3160d3-4de4-4d14-af47-b2dc78551dcc.png.296x216.jpg
20190504,闸北,西藏北路,新静安雅宾利 全控新风系统带地暖 人 车分流,1480万,绿洲雅宾利花园(二期)  | 3室2厅 | 188.47平米 | 南 北 | 精装 | 有电梯,https://image1.ljcdn.com/310000-inspection/prod-31b0e014-b124-46ae-bf09-51fa380ac644.jpg.296x216.jpg
20190504,闸北,西藏北路,大悦城板块 交通出行方便 配套齐全 全明户型采光明亮,600万,天东小区  | 2室2厅 | 93.76平米 | 东南 | 精装 | 有电梯,https://image1.ljcdn.com/310000-inspection/prod-43dc7ccf-194a-42f9-bdc0-31b4dc57a85b.jpg.296x216.jpg
20190504,闸北,西藏北路,新出 业主诚售 内环内花园社区 城上城精致板式小三房,770万,精文城上城  | 3室2厅 | 113.05平米 | 南 北 | 精装 | 有电梯,https://image1.ljcdn.com/310000-inspection/prod-e5ef4766-2415-44e5-b25c-0708078dd43d.jpg.296x216.jpg
20190504,闸北,西藏北路,联富假日公寓 2室1厅 458万,458万,联富假日公寓  | 2室1厅 | 61.34平米 | 南 | 简装 | 有电梯,https://image1.ljcdn.com/310000-inspection/prod-c1cedc57-b044-4fdf-a319-4798950f2feb.jpg.296x216.jpg
20190504,闸北,西藏北路,小户型 低总价 全明户型 交通便利 配套完善,155万,宝昌路600弄  | 1室0厅 | 25.7平米 | 北 | 简装 | 无电梯,https://image1.ljcdn.com/310000-inspection/prod-f7f48342-7e84-455a-bb9c-d8175fd7a016.png.296x216.jpg
20190504,闸北,西藏北路,非顶楼，特殊楼层+有露台，15年次新房，无增值税,470万,和源馨苑  | 2室1厅 | 70.64平米 | 东 南 | 简装 | 有电梯,https://image1.ljcdn.com/310000-inspection/prod-4c78548b-3b9f-45df-80b1-a10a6daa5368.jpg.296x216.jpg
20190504,闸北,西藏北路,苏州河畔电梯两房，婚房精装修，近地铁1812号线,398万,南星小区  | 2室1厅 | 66平米 | 东北 | 精装 | 有电梯,https://image1.ljcdn.com/310000-inspection/test-a1bc4e54-9ab5-421e-b3f9-7b430b9797ef.png.296x216.jpg
20190504,闸北,西藏北路,有垫高 带车库 层高3米 底楼不潮湿 阳光好房,405万,长城苑  | 1室2厅 | 78.41平米 | 南 | 简装 | 有电梯,https://image1.ljcdn.com/310000-inspection/test-4bf515af-654a-490a-8f59-473e779905bb.png.296x216.jpg
20190504,闸北,西藏北路,此房满五唯一，少税，全南三房，业主诚意出售！可谈！房主自荐,1020万,永盛苑  | 3室2厅 | 154.53平米 | 南 | 简装 | 有电梯,https://image1.ljcdn.com/310000-inspection/test-23b16573-a733-46bc-ba89-b854e9227c7d.png.296x216.jpg
20190504,闸北,西藏北路,大悦城曲阜路地铁口8/12号线，南北通两房，高区采光好,410万,北市场小区  | 2室1厅 | 61.07平米 | 南 | 精装,https://image1.ljcdn.com/310000-inspection/test-adf12dc4-72d9-451a-812e-5816b20982c2.png.296x216.jpg
20190504,闸北,西藏北路,地铁口  小户型  低总价  满五唯一  税费少,220万,通源小区  | 1室0厅 | 34.15平米 | 南 北 | 精装 | 无电梯,https://image1.ljcdn.com/310000-inspection/test-a3178fd5-fd68-4f3a-a54a-84cc969f010d.png.296x216.jpg
20190504,闸北,西藏北路,14年次新小区+5轨交汇+免增值税+看房有钥匙,405万,和源馨苑  | 1室2厅 | 64.54平米 | 东 南 | 简装 | 有电梯,https://image1.ljcdn.com/310000-inspection/prod-bf07287b-7bf5-4773-9024-3d620241c603.jpg.296x216.jpg
20190504,闸北,西藏北路,近地铁8号线大悦城地铁站，楼层采光很好，看房随时,1070万,华祺苑  | 3室2厅 | 134.37平米 | 南 北 | 精装 | 有电梯,https://image1.ljcdn.com/310000-inspection/prod-98e1eb41-71c6-4328-8db6-b85ac712790b.jpg.296x216.jpg
20190504,闸北,西藏北路,内环内高品质小区+人车分流+环境优美+近地铁交通便利,620万,复地新都国际  | 1室1厅 | 69.59平米 | 南 | 精装 | 有电梯,https://image1.ljcdn.com/310000-inspection/test-b86d1631-528f-46b2-bc76-87a364a11b81.png.296x216.jpg
20190504,闸北,西藏北路,楼栋位置好！高区西边套 采光好！精装修没有住过人。,1450万,新湖青蓝国际  | 3室2厅 | 139平米 | 南 西 北 | 精装 | 有电梯,https://image1.ljcdn.com/310000-inspection/test-68b38aae-c16c-483a-a3bd-8f76170d5903.png.296x216.jpg
20190504,闸北,西藏北路,永盛苑 3室2厅 968万房主自荐新上,968万,永盛苑  | 3室2厅 | 134.06平米 | 南 北 | 精装 | 有电梯,https://image1.ljcdn.com/310000-inspection/prod-5b1c62da-f5b2-4d0e-9d75-19e1bfb81827.jpg.296x216.jpg
20190504,闸北,西藏北路,地段好，高品质住宅，3梯2户，南北通大四房，满五唯一,1500万,河滨豪园  | 4室2厅 | 173.99平米 | 南 北 | 精装 | 有电梯,https://image1.ljcdn.com/310000-inspection/prod-30e2912e-3b32-447b-91c3-0dc593d4aa03.jpg.296x216.jpg
20190504,闸北,西藏北路,华侨城苏河湾塔尖，高区看江，正气三房，看房方便！,4500万,华侨城苏河湾(公寓)  | 3室2厅 | 280.33平米 | 南 西 北 | 精装 | 有电梯,https://image1.ljcdn.com/310000-inspection/test-971a1ffe-cafd-4c10-9fb1-c8da477e824f.png.296x216.jpg
20190504,闸北,西藏北路,地铁3/4号线  通行方便  精装修  看房随时,275万,奔腾新干线  | 1室1厅 | 45.38平米 | 西南 | 精装 | 有电梯,https://image1.ljcdn.com/310000-inspection/prod-da938bb7-0929-451b-b0c8-88bb7f87311b.jpg.296x216.jpg
20190504,闸北,西藏北路,和源馨苑 2室1厅 738万,738万,和源馨苑  | 2室1厅 | 104.35平米 | 南 | 简装 | 有电梯,https://image1.ljcdn.com/310000-inspection/test-b3b0eda7-497e-454e-8095-e37ad5c05a35.png.296x216.jpg
20190504,闸北,西藏北路,精装两房，总价低，楼层好，采光好，业主诚意出售。,275万,芷江中路493弄  | 2室1厅 | 44.5平米 | 东 | 精装 | 无电梯,https://image1.ljcdn.com/310000-inspection/test-b540925a-7fef-491e-a200-e5d0c9b9f504.png.296x216.jpg
20190504,闸北,西藏北路,赏天际线江景，论陆家嘴金融！！,6800万,华侨城苏河湾(公寓)  | 4室2厅 | 325.17平米 | 南 | 精装 | 有电梯,https://image1.ljcdn.com/310000-inspection/prod-12e798b4-eebd-429c-830c-c168b261299c.jpg.296x216.jpg
20190504,闸北,西藏北路,内环精装一室户出行8号线楼下菜市场医院商场房主自荐,209万,二轻小区  | 1室1厅 | 36.18平米 | 南 | 精装 | 无电梯,https://image1.ljcdn.com/310000-inspection/test-bec53127-0ec4-4ff0-b9cb-6d696ea73b54.png.296x216.jpg
20190504,闸北,西藏北路,蒙特利名都城 3室2厅 1265万,1265万,蒙特利名都城  | 3室2厅 | 138.79平米 | 南 | 精装 | 有电梯,https://image1.ljcdn.com/310000-inspection/prod-f79fbd45-485f-4eff-b59e-165544796614.jpg.296x216.jpg
20190504,闸北,西藏北路,14年动迁房，近348地铁线，出门就是公园，热门板块,450万,和源馨苑  | 1室1厅 | 70.64平米 | 东 南 | 精装 | 有电梯,https://image1.ljcdn.com/310000-inspection/prod-68ad3356-4648-40b4-9f74-f76f923e13a6.jpg.296x216.jpg
20190504,闸北,西藏北路,西藏北路1103弄 2室1厅 368万,368万,西藏北路1103弄  | 2室1厅 | 54.77平米 | 南 | 简装 | 无电梯,https://image1.ljcdn.com/310000-inspection/prod-4597cf86-e3a8-4159-a445-5b66df59b61f.jpg.296x216.jpg
20190504,闸北,西藏北路,苏河湾高区景观房 好地段采光无遮挡，VR看房 诚售,485万,联富假日公寓  | 2室1厅 | 61.34平米 | 南 | 简装 | 有电梯,https://image1.ljcdn.com/310000-inspection/prod-9d982c9d-74dd-4318-8f07-ff09ba308da5.jpg.296x216.jpg
20190504,闸北,西藏北路,地段好，交通便利，满五年唯一，房型正气，单价低！,345万,局西村  | 2室0厅 | 63.94平米 | 东 | 简装 | 无电梯,https://image1.ljcdn.com/310000-inspection/test-24b8d8e5-6536-460b-89a4-ce1d483d8be9.png.296x216.jpg
20190504,闸北,西藏北路,无增值税、无个税、内环内、3地铁70年住宅高区大三房房主自荐,750万,北苑大厦  | 3室2厅 | 153.38平米 | 南 西 北 | 简装 | 有电梯,https://image1.ljcdn.com/310000-inspection/prod-1f6ecb4f-7eba-4f81-93e5-95073bfcae30.jpg.296x216.jpg
20190504,闸北,西藏北路,高区采光无遮挡、可看东方明珠塔，南北通透二房,820万,博园大楼  | 2室2厅 | 119.1平米 | 南 北 | 精装 | 有电梯,https://image1.ljcdn.com/310000-inspection/prod-afe81d11-10bb-42fa-ba18-ea73ae136190.png.296x216.jpg
20190504,闸北,西藏北路,此房满五年东边套高区视野开阔无遮挡，近外滩交通便利,565万,联富假日公寓  | 2室1厅 | 69.56平米 | 南 | 简装 | 有电梯,https://image1.ljcdn.com/310000-inspection/test-b8804413-4cb8-4a2f-b7aa-0ac35e88377d.png.296x216.jpg
20190504,闸北,西藏北路,苏州河畔，3轨交，满五唯一，税费少，婚房装修！房主自荐,805万,永盛苑  | 2室2厅 | 122.02平米 | 南 北 | 精装 | 有电梯,https://image1.ljcdn.com/310000-inspection/prod-56c6c6dc-1f5e-460b-9b72-547fa5266477.jpg.296x216.jpg
20190504,闸北,西藏北路,地铁口  小两房  低总价   已经满五   唯一住房,302万,奔腾新干线  | 2室1厅 | 48.32平米 | 南 | 精装 | 有电梯,https://image1.ljcdn.com/310000-inspection/prod-f9998213-5835-40fd-9d6b-518edc57cd7a.jpg.296x216.jpg
20190504,闸北,西藏北路,小面积 低总价 中层楼层 随时可以看 业主诚意出售,219万,宝通路466弄  | 1室0厅 | 32.9平米 | 东北 | 简装 | 无电梯,https://image1.ljcdn.com/310000-inspection/test-89a3a811-4a22-46f5-b91d-70ede978ae2f.png.296x216.jpg
20190504,闸北,西藏北路,近外滩 精装地铁两房 层高3.1米,450万,联富假日公寓  | 2室1厅 | 61.34平米 | 南 | 精装 | 有电梯,https://image1.ljcdn.com/310000-inspection/prod-aaf6e8c8-da2e-4b28-ace0-4930adba142e.jpg.296x216.jpg
20190504,闸北,西藏北路,内环苏河湾板块 次新社区3轨交汇,815万,永盛苑  | 2室2厅 | 121.83平米 | 南 北 | 简装 | 有电梯,https://image1.ljcdn.com/310000-inspection/test-d71fc52f-ce7d-43b9-b9b0-9498d4f6f223.png.296x216.jpg
20190504,闸北,西藏北路,火车站，大悦城，不夜城公园，汉中路地铁，永盛苑,815万,永盛苑  | 3室1厅 | 121.83平米 | 南 | 精装 | 有电梯,https://image1.ljcdn.com/310000-inspection/prod-46a05279-7c6a-4ee0-8d69-3f953e48f91f.jpg.296x216.jpg
20190504,闸北,西藏北路,2014年竣工+免增值税+早晚采光不间断，全南2房，套现,670万,和源馨苑  | 2室2厅 | 99.38平米 | 南 | 简装 | 有电梯,https://image1.ljcdn.com/310000-inspection/prod-1d35c728-e660-4191-806a-fb0d84ba9d54.jpg.296x216.jpg
20190504,闸北,西藏北路,青云路702号 1室1厅 280万,280万,青云路702号  | 1室1厅 | 43.68平米 | 南 | 精装 | 无电梯,https://image1.ljcdn.com/310000-inspection/test-7f7491f0-35c7-417e-a656-5b7d1e080802.png.296x216.jpg
20190504,闸北,西藏北路,复元坊，电梯一房一厅诚售，看房方便,348万,复元坊  | 1室1厅 | 53.02平米 | 南 | 简装 | 有电梯,https://image1.ljcdn.com/310000-inspection/test-a06c36ad-777d-489b-8475-d726f7ac06d4.png.296x216.jpg
20190504,闸北,西藏北路,花园小区，人车分流，诚意度高！满五唯一 税费少！,800万,精文城上城  | 2室2厅 | 110.25平米 | 南 | 精装 | 有电梯,https://image1.ljcdn.com/310000-inspection/prod-c1279edd-2286-46f9-9b92-ca4235e187fe.jpg.296x216.jpg
20190504,闸北,西藏北路,楼层好，单价低，近8号线西藏北路站，全明户型,200万,芷江中路493弄  | 1室1厅 | 37.99平米 | 东 | 精装 | 无电梯,https://image1.ljcdn.com/310000-inspection/test-90611ae9-db8f-47e2-bc35-01787594f4af.png.296x216.jpg
20190504,闸北,西藏北路,青云公寓 2室1厅 605万,605万,青云公寓  | 2室1厅 | 96.7平米 | 南 | 简装 | 有电梯,https://image1.ljcdn.com/310000-inspection/test-b5ab0240-6777-4ce3-8f97-43ebddc5ac90.png.296x216.jpg
20190504,闸北,西藏北路,圣和静安公馆 3室2厅 1450万,1450万,圣和静安公馆  | 3室2厅 | 141平米 | 南 | 精装,https://image1.ljcdn.com/310000-inspection/prod-eda862d0-b0d5-41c2-92c8-d6f09c73d33b.jpg.296x216.jpg
20190504,闸北,西藏北路,业主诚售 有意向具体面谈 内环地铁8号线品质板式三房,680万,建灵公寓  | 3室2厅 | 115.68平米 | 南 北 | 精装 | 无电梯,https://image1.ljcdn.com/310000-inspection/test-dbe67b00-aa70-4c1a-a526-9b1af51442d8.png.296x216.jpg
20190504,闸北,西藏北路,看房方便，价格可谈，三四号线宝山路站，03年电梯房,376万,奔腾新干线  | 1室1厅 | 58.32平米 | 南 西 | 简装 | 有电梯,https://image1.ljcdn.com/310000-inspection/prod-3d6d495d-5800-45c5-aa03-b4d0401037fb.jpg.296x216.jpg
20190504,闸北,西藏北路,此房满五唯一税费少产权清晰，南北通透采光好 楼层佳,780万,精文城上城  | 3室1厅 | 113.05平米 | 南 北 | 精装 | 有电梯,https://image1.ljcdn.com/310000-inspection/test-ff5d1904-9a31-4759-9b11-76cc9d7e39dc.png.296x216.jpg
20190504,闸北,西藏北路,内环内婚房装修 房东自住 楼层佳 采光好带产权车位房主自荐,1100万,绿洲雅宾利花园(一期)  | 3室2厅 | 118.9平米 | 南 北 | 精装 | 有电梯,https://image1.ljcdn.com/310000-inspection/test-da6dc062-1f9a-4fa2-88ae-d70aafb090d4.png.296x216.jpg
20190504,闸北,西藏北路,单价低，交通便利，内环内，大三房,840万,北苑大厦  | 3室2厅 | 166.74平米 | 南 | 简装 | 有电梯,https://image1.ljcdn.com/310000-inspection/test-63e39d33-e7e5-4f03-9302-b0cd5c3c6855.png.296x216.jpg
20190504,闸北,西藏北路,户型好，得房率高，总价低，全明户型，采光好！,635万,凯鹏国际大厦  | 3室1厅 | 115.72平米 | 东 南 北 | 精装 | 有电梯,https://image1.ljcdn.com/310000-inspection/prod-ec1fca96-785c-4695-b8da-ba99ff1b0ed8.jpg.296x216.jpg
20190504,闸北,西藏北路,中山北路570弄 1室1厅 265万,265万,中山北路570弄  | 1室1厅 | 41.26平米 | 南 | 毛坯 | 无电梯,https://image1.ljcdn.com/310000-inspection/test-930cbb72-295f-4bbd-9dd2-cc2c6b185720.png.296x216.jpg
20190504,闸北,西藏北路,苏河湾板块，大悦城商圈，出行方便，吃喝玩乐一体化,372万,天目中路260号  | 2室1厅 | 53.95平米 | 东南 | 精装,https://image1.ljcdn.com/310000-inspection/test-473bc294-4ac4-42eb-a911-5399cccd2f43.png.296x216.jpg
20190504,闸北,西藏北路,万科翡翠雅宾利 中间位置五房诚售 次新房 当新房入住,2880万,万科翡翠雅宾利  | 5室2厅 | 305.97平米 | 南 北 | 精装,https://image1.ljcdn.com/310000-inspection/test-cd93c330-977c-4c85-8509-dd32f1c3bd88.png.296x216.jpg
20190504,闸北,西藏北路,朝南地铁口一房，总价低采光无遮挡，看房方便，,288万,北市场小区  | 1室1厅 | 37.16平米 | 南 | 精装,https://image1.ljcdn.com/310000-inspection/test-ce900e86-b440-4258-a2e2-2bb3c6543f29.png.296x216.jpg
20190504,闸北,西藏北路,和源馨苑 高区景观房，无增值税，直观东方明珠三件套,930万,和源馨苑  | 3室2厅 | 136.7平米 | 南 | 简装 | 有电梯,https://image1.ljcdn.com/310000-inspection/prod-af747a44-4a96-445e-8e37-c56f2f340a0f.jpg.296x216.jpg
20190504,闸北,西藏北路,苏州河畔，人民广场，大悦城，曲阜路地铁，一房,410万,海联公寓  | 1室1厅 | 52.75平米 | 东 | 简装 | 有电梯,https://image1.ljcdn.com/310000-inspection/prod-6be2a8b3-e2ce-4d81-b866-a00a9835ef7b.jpg.296x216.jpg
20190504,闸北,西藏北路,臻选正气三房，苏州河畔享奢华品质,1460万,农房熙藏苑  | 3室2厅 | 141.3平米 | 南 北 | 精装 | 有电梯,https://image1.ljcdn.com/310000-inspection/prod-2fe59df0-d4ef-4e07-8f34-d01d952272a4.png.296x216.jpg
20190504,闸北,西藏北路,业主诚意出售，楼层佳视野好，空调+地暖+新风+车位,1530万,绿洲雅宾利花园(二期)  | 3室2厅 | 188.47平米 | 南 | 精装 | 有电梯,https://image1.ljcdn.com/310000-inspection/prod-b6e5bb9a-8623-41aa-93a7-7ff7beb993a1.jpg.296x216.jpg
20190504,闸北,西藏北路,复地好位置飞机户型的三房，保养佳采光好有产权车位,1470万,复地新都国际  | 3室2厅 | 158.98平米 | 南 北 | 精装 | 有电梯,https://image1.ljcdn.com/310000-inspection/prod-3bec9ee6-48f0-46d5-a5b2-58021e5193fc.jpg.296x216.jpg
20190504,闸北,西藏北路,烫金地段，近百年外滩，看东方明珠，带地暖，好房！,900万,万豪公寓  | 3室2厅 | 147.64平米 | 东 东南 南 | 精装 | 有电梯,https://image1.ljcdn.com/310000-inspection/prod-a7ee0829-c8fb-4c97-b8b3-8f04faf7219d.jpg.296x216.jpg
20190504,闸北,西藏北路,新静安次新房+三套房+高区看绿地+有钥匙+一梯一户,1910万,万科翡翠雅宾利  | 3室2厅 | 198平米 | 南 | 精装,https://image1.ljcdn.com/310000-inspection/prod-60ef9ee7-1660-486c-aeb0-ec504d3046a1.jpg.296x216.jpg
20190504,闸北,西藏北路,全新四房、小区中间位置、安静宜居、 层高3.6米,3400万,中粮天悦壹号  | 4室2厅 | 228.58平米 | 南 | 精装,https://image1.ljcdn.com/310000-inspection/test-c343d2fb-cb59-4062-a238-8e90db70b588.png.296x216.jpg
20190504,闸北,西藏北路,绿洲雅宾利花园(一期) 3室2厅 1150万,1150万,绿洲雅宾利花园(一期)  | 3室2厅 | 123平米 | 南 北 | 精装 | 有电梯,https://image1.ljcdn.com/310000-inspection/prod-2b894196-64fd-446f-b11a-0645a340fa5c.jpg.296x216.jpg
20190504,闸北,西藏北路,苏河湾旁高区看江人民广场南京东路天潼路地铁站,930万,万豪公寓  | 3室2厅 | 145平米 | 东南 | 精装 | 有电梯,https://image1.ljcdn.com/310000-inspection/test-cba539aa-8225-40c3-ba07-9c0ad40bd717.png.296x216.jpg
20190504,闸北,西藏北路,南北通透格局 楼层好 视野宽阔 河景房 近地铁,1675万,河滨豪园  | 3室2厅 | 151.12平米 | 南 北 | 精装 | 有电梯,https://image1.ljcdn.com/310000-inspection/prod-8b84e444-9391-4e18-b7ed-2c835122a119.jpg.296x216.jpg
20190504,闸北,西藏北路,园林式社区，高区太阳从早晒到晚 诚意出售有产权车位房主自荐,1480万,复地新都国际  | 3室2厅 | 159.23平米 | 南 | 精装 | 有电梯,https://image1.ljcdn.com/310000-inspection/prod-5d67b2fc-c205-44ee-a127-b6378acb5be0.jpg.296x216.jpg
20190504,闸北,西藏北路,和源馨苑 3室2厅 890万,890万,和源馨苑  | 3室2厅 | 144.44平米 | 南 北 | 毛坯 | 有电梯,https://image1.ljcdn.com/310000-inspection/prod-e295b1ae-087a-48e9-b526-3ee97c8299a0.jpg.296x216.jpg
20190504,闸北,西藏北路,精文城上城 3室2厅 1100万,1100万,精文城上城  | 3室2厅 | 152.54平米 | 南 | 简装 | 有电梯,https://image1.ljcdn.com/310000-inspection/prod-578f52a0-9fcf-489d-8381-c2c8d2f7bd2f.jpg.296x216.jpg
20190504,闸北,西藏北路,全明小三房，总价低，业主诚意出售，满五年唯一，税少,400万,陆丰路116号  | 3室0厅 | 68.93平米 | 南 北 | 简装 | 无电梯,https://image1.ljcdn.com/310000-inspection/test-0a4754f7-9f70-4ae6-8292-8d4e07f5e453.png.296x216.jpg
20190504,闸北,西藏北路,地铁口   小两房  低总价  地段成熟  看房方便,288万,宝山路499弄  | 2室1厅 | 45.64平米 | 南 | 简装 | 无电梯,https://image1.ljcdn.com/310000-inspection/test-2a1b02ef-aef6-47ca-a598-f6c949e9668b.png.296x216.jpg
20190504,闸北,西藏北路,内环内高品质小区，采光、视野好！满五年唯一！诚意卖,610万,绿洲雅宾利花园(一期)  | 1室2厅 | 67.3平米 | 南 北 | 精装 | 有电梯,https://image1.ljcdn.com/310000-inspection/test-202ecd66-6fca-4cea-82c8-32d67ee49079.png.296x216.jpg
20190504,闸北,西藏北路,东边套+高区景观+精装修+三轨地铁+诚意出售,398万,南星小区  | 2室1厅 | 65.92平米 | 东北 | 精装 | 有电梯,https://image1.ljcdn.com/310000-inspection/test-68f1ef7a-b631-4cc0-84fd-9333b52cc66b.png.296x216.jpg
20190504,闸北,西藏北路,坐拥苏州河+紧靠人民广场+高区可看黄浦江+层高3米6,3450万,中粮天悦壹号  | 4室2厅 | 225平米 | 南 | 精装,https://image1.ljcdn.com/310000-inspection/prod-ec8eee64-87c5-4c16-8fde-f413a72087d0.jpg.296x216.jpg
20190504,闸北,西藏北路,税少：免增值税，地铁348，配套成熟，生活便利,510万,和源馨苑  | 1室2厅 | 65.84平米 | 南 | 精装 | 有电梯,https://image1.ljcdn.com/310000-inspection/prod-0cf7a148-6733-4bee-a7a1-ec1409778ffc.jpg.296x216.jpg
20190504,闸北,西藏北路,央企华侨城塔尖珍奢三房 业主诚售 随时看房,3150万,华侨城苏河湾(公寓)  | 3室2厅 | 221.83平米 | 南 | 精装 | 有电梯,https://image1.ljcdn.com/310000-inspection/test-597d4d9d-4b8e-4af9-8869-d1cbfbab9350.png.296x216.jpg
20190504,闸北,西藏北路,内环内低总价南北两房 地铁8号线西藏北路站 诚售！,320万,青云路612号  | 2室1厅 | 55.77平米 | 南 | 简装 | 无电梯,https://image1.ljcdn.com/310000-inspection/prod-2e70653e-f40e-48fa-bab1-a5b1d7525ac6.jpg.296x216.jpg
20190504,闸北,西藏北路,两房朝南双阳台，不靠马路，售后公房，满五唯一，税少房主自荐,615万,志业公寓  | 3室2厅 | 101.51平米 | 南 北 | 精装 | 无电梯,https://image1.ljcdn.com/310000-inspection/prod-36714901-1136-4822-b092-8ec32cd4a3b8.png.296x216.jpg
20190504,闸北,西藏北路,华侨城苏河湾(公寓) 3室2厅 2950万,2950万,华侨城苏河湾(公寓)  | 3室2厅 | 221.83平米 | 南 | 精装 | 有电梯,https://image1.ljcdn.com/310000-inspection/prod-868dd0e2-3d1f-484b-a98b-8ec7eb04fa78.jpg.296x216.jpg
20190504,闸北,西藏北路,内环内，采光好，满五唯一，楼层佳南北通透，带车位,1080万,绿洲雅宾利花园(一期)  | 3室2厅 | 118.97平米 | 南 北 | 精装 | 有电梯,https://image1.ljcdn.com/310000-inspection/prod-6282164b-db1e-4e3e-8458-37f5b1abf04c.jpg.296x216.jpg
20190504,闸北,西藏北路,苏州河畔，大悦城，步行人民广场，10万方苏州河大花园,440万,北市场小区  | 2室1厅 | 61.77平米 | 南 | 简装,https://image1.ljcdn.com/310000-inspection/test-d2f0cf2b-0e97-46fb-98b6-3668c1d3c1f7.png.296x216.jpg
20190504,闸北,西藏北路,94年好房+满5唯1，出门8号线，精装1室1厅,283万,通阁小区  | 1室1厅 | 47.64平米 | 南 | 简装 | 无电梯,https://image1.ljcdn.com/310000-inspection/prod-95fe4735-d1cd-4be7-94f3-3586c6ac07c1.jpg.296x216.jpg
20190504,闸北,西藏北路,此房看房方便  采光充足 5轨交汇 交通方便,510万,聚龙大厦  | 2室2厅 | 99.62平米 | 西 北 | 简装 | 有电梯,https://image1.ljcdn.com/310000-inspection/prod-c438341e-ce8f-43d6-ac22-49d3d6f5b26e.jpg.296x216.jpg
20190504,闸北,西藏北路,和源馨苑 2室2厅 700万,700万,和源馨苑  | 2室2厅 | 89.47平米 | 南 | 精装 | 有电梯,https://image1.ljcdn.com/310000-inspection/prod-5791ed4a-eebf-4f8a-9f8a-44f3885c3582.jpg.296x216.jpg
20190504,闸北,西藏北路,南星小区 2室1厅 340万,340万,南星小区  | 2室1厅 | 58.42平米 | 东北 | 简装 | 有电梯,https://image1.ljcdn.com/310000-inspection/prod-69a48107-242e-4541-b691-1130400943aa.jpg.296x216.jpg
20190504,闸北,西藏北路,业主诚意出售，新装修全配，拎包入住，新的空调+地暖,770万,绿洲雅宾利花园(二期)  | 2室2厅 | 87.25平米 | 南 | 精装 | 有电梯,https://image1.ljcdn.com/310000-inspection/prod-96dc1dc1-f120-436c-a7c1-a507c02ec55f.jpg.296x216.jpg
20190504,闸北,西藏北路,边套南北通全明户型、精装修交房即可入住,385万,南山路71弄  | 1室1厅 | 62.54平米 | 南 北 | 精装 | 无电梯,https://image1.ljcdn.com/310000-inspection/prod-7e2e9d7b-f1db-412e-8536-a17c5e5bb904.jpg.296x216.jpg
20190504,闸北,西藏北路,紧靠大悦城，高品质住宅，南北通三房，产证已经满两年,1450万,农房熙藏苑  | 3室2厅 | 142平米 | 南 北 | 精装 | 有电梯,https://image1.ljcdn.com/310000-inspection/prod-d4fd0c07-5248-467d-a930-a0006da6b001.png.296x216.jpg
20190504,闸北,西藏北路,8号线地铁扣300米，两房朝南，客厅朝南，正对花园,870万,绿洲雅宾利花园(一期)  | 2室2厅 | 97.9平米 | 南 | 精装 | 有电梯,https://image1.ljcdn.com/310000-inspection/prod-10c9aec0-c7ea-4307-9fe7-e9e1bf704df7.jpg.296x216.jpg
20190504,闸北,西藏北路,象山小区 2室0厅 385万新上,385万,象山小区  | 2室0厅 | 48.21平米 | 南 | 精装 | 无电梯,https://image1.ljcdn.com/310000-inspection/prod-fda0616f-5d68-45ca-b877-db60c823b1c4.jpg.296x216.jpg
20190504,闸北,西藏北路,板式南北通透全明 1梯2户 小高层 位置安静,765万,精文城上城  | 2室2厅 | 114.43平米 | 南 北 | 简装 | 有电梯,https://image1.ljcdn.com/310000-inspection/test-22bf3d5a-ebdf-4b8b-9069-de8a9e09abca.png.296x216.jpg
20190504,闸北,西藏北路,业主诚售 内环内精装大一房一厅 拎包入住 看房方便房主自荐,270万,通阁小区  | 1室1厅 | 47.64平米 | 南 | 精装 | 无电梯,https://image1.ljcdn.com/310000-inspection/prod-47033279-11f3-479a-b5c1-01b90c46f455.jpg.296x216.jpg
20190504,闸北,西藏北路,新小区从未入住 正气全明户型 层高3.6米 户型正气！,2900万,中粮天悦壹号  | 3室2厅 | 186.95平米 | 南 | 精装,https://image1.ljcdn.com/310000-inspection/prod-06cd95f2-976a-46e3-9f9c-c5e54208ed7b.jpg.296x216.jpg
20190504,闸北,西藏北路,光华坊 2室2厅 449万,449万,光华坊  | 2室2厅 | 59.26平米 | 南 | 精装 | 无电梯,https://image1.ljcdn.com/310000-inspection/prod-2b4adbd9-6505-4999-8d1b-ba9f09c21349.jpg.296x216.jpg
20190504,闸北,西藏北路,复地大平层4+1房 高区 景观视野 满5年免个税 刷卡进户,1980万,复地新都国际  | 4室2厅 | 223.13平米 | 南 | 精装 | 有电梯,https://image1.ljcdn.com/310000-inspection/test-3e01ee78-3fbc-45ca-9362-c569b3341247.png.296x216.jpg
20190504,闸北,西藏北路,永兴路300号 1室1厅 215万,215万,永兴路300号  | 1室1厅 | 34.57平米 | 南 | 简装 | 无电梯,https://image1.ljcdn.com/310000-inspection/prod-e4a88654-4380-4db0-946f-ec3ed2a6d4d3.jpg.296x216.jpg
20190504,闸北,西藏北路,绿洲雅宾利花园(一期) 2室2厅 900万,900万,绿洲雅宾利花园(一期)  | 2室2厅 | 95.57平米 | 南 | 精装 | 有电梯,https://image1.ljcdn.com/310000-inspection/prod-93729245-6dab-4903-bca5-40ac7a7afa64.jpg.296x216.jpg
20190504,闸北,西藏北路,天晋小区 3室1厅 400万,400万,天晋小区  | 3室1厅 | 91.05平米 | 南 | 简装 | 有电梯,https://image1.ljcdn.com/310000-inspection/test-678ead33-668c-43d2-9154-6947b118abb7.png.296x216.jpg
20190504,闸北,西藏北路,满五唯一+中高区采光佳+空中花园小区+全明全南,780万,精文城上城  | 2室2厅 | 107.7平米 | 南 | 精装 | 有电梯,https://image1.ljcdn.com/310000-inspection/prod-8eedc977-e900-4b52-9313-79877822a8cf.jpg.296x216.jpg
20190504,闸北,西藏北路,复元坊 3室2厅 650万,650万,复元坊  | 3室2厅 | 95.78平米 | 南 | 简装 | 有电梯,https://image1.ljcdn.com/310000-inspection/test-ed3885cd-0ac5-4a2b-8cb4-89a541a6eefc.png.296x216.jpg
20190504,闸北,西藏北路,南星小区 2室1厅 360万,360万,南星小区  | 2室1厅 | 58.33平米 | 西北 | 简装 | 有电梯,https://image1.ljcdn.com/310000-inspection/prod-2f3a94cb-9601-4078-ba25-0c2b63975131.jpg.296x216.jpg
20190504,闸北,西藏北路,内环内普宅，朝南一室户，宝山路地铁三四号,233万,通源小区  | 1室0厅 | 34.15平米 | 南 | 精装 | 无电梯,https://image1.ljcdn.com/310000-inspection/test-163c9f80-d279-43b2-9f80-a37a7888bda0.png.296x216.jpg
20190504,闸北,西藏北路,南星小区 小户型 精装两房 地铁八 十二号线 苏州河畔,400万,南星小区  | 2室0厅 | 65.9平米 | 北 | 简装 | 有电梯,https://image1.ljcdn.com/310000-inspection/test-1c85942b-911c-4c32-bf27-ae6ee7d0a5a3.png.296x216.jpg
20190504,闸北,西藏北路,高区可看东方明珠 近外滩和人广南京东路 天潼路地铁,485万,联富假日公寓  | 2室1厅 | 61.43平米 | 南 | 毛坯 | 有电梯,https://image1.ljcdn.com/310000-inspection/prod-a26d626a-ed57-4982-8834-68b627871a46.jpg.296x216.jpg
20190504,闸北,西藏北路,静安新盘，从未入住，横厅面宽8米，层高3.6米,3800万,中粮天悦壹号  | 4室2厅 | 272平米 | 南 | 精装 | 有电梯,https://image1.ljcdn.com/310000-inspection/prod-eb9134d4-ffd9-4a3a-bdeb-b27314511481.jpg.296x216.jpg
20190504,闸北,西藏北路,新静安次新房+一梯一户+单价8万2+拎包入住,2494万,万科翡翠雅宾利  | 5室2厅 | 306平米 | 南 | 精装,https://image1.ljcdn.com/310000-inspection/prod-998d9bdb-a1bd-4eed-8106-10aa5d2560f9.jpg.296x216.jpg
20190504,闸北,西藏北路,品质新小区 从未入住 正气全明户型 层高3.6米,2900万,中粮天悦壹号  | 3室2厅 | 186.95平米 | 南 | 精装,https://image1.ljcdn.com/310000-inspection/test-c18c4581-730e-428d-89e9-c82007fc8b8e.png.296x216.jpg
20190504,闸北,西藏北路,楼层好 采光佳 交通便利  得房率高 近8号线中兴路站,545万,复元坊  | 2室1厅 | 81.69平米 | 东 | 简装 | 有电梯,https://image1.ljcdn.com/310000-inspection/test-83502997-1745-470a-99d9-2bc36f26b9ad.png.296x216.jpg
20190504,闸北,西藏北路,地铁口  精装房 电梯一房  带煤气  视野好,370万,奔腾新干线  | 1室1厅 | 51.55平米 | 东南 | 精装 | 有电梯,https://image1.ljcdn.com/310000-inspection/prod-bd6fc531-fbcf-428b-840f-ab6759f185f6.jpg.296x216.jpg
20190504,闸北,西藏北路,单价低，交通便利，内环内，大三房,700万,北苑大厦  | 3室2厅 | 153.38平米 | 西南 西北 | 简装 | 有电梯,https://image1.ljcdn.com/310000-inspection/prod-1bfa451a-1742-4ad4-9186-ca88ed37f300.jpg.296x216.jpg
20190504,闸北,西藏北路,地段好，小高层1梯2户，楼层好，南北通大两房（两卫）,810万,博园大楼  | 2室2厅 | 119.1平米 | 南 北 | 简装 | 有电梯,https://image1.ljcdn.com/310000-inspection/prod-ec4f0139-b98e-4da2-8834-377a5bbe6dd9.png.296x216.jpg
20190504,闸北,西藏北路,万科物业，高楼层，人车分流，精装修，带车位，诚售。,1820万,万科翡翠雅宾利  | 3室2厅 | 185平米 | 南 北 | 精装 | 有电梯,https://image1.ljcdn.com/310000-inspection/prod-b8095159-afaf-4448-b22e-4426d2620d0c.jpg.296x216.jpg
20190504,闸北,西藏北路,中粮+大悦城+苏州河 奢华地段 精装 都是套房 随时看房,3980万,中粮天悦壹号  | 4室2厅 | 285平米 | 南 | 精装 | 有电梯,https://image1.ljcdn.com/310000-inspection/test-84359d70-9239-44ea-b63a-b21a42763c5f.png.296x216.jpg
20190504,闸北,西藏北路,诚售 内环内高档社区 雅宾利二期 品质大三房 看房方便,1420万,绿洲雅宾利花园(二期)  | 3室2厅 | 188.47平米 | 南 | 精装 | 有电梯,https://image1.ljcdn.com/310000-inspection/test-f2d7d54c-56c7-46c1-a99e-f36378454e25.jpg.296x216.jpg
20190504,闸北,西藏北路,业主诚售 品质万科 内环社区典范 南北通透全明大三房,1910万,万科翡翠雅宾利  | 3室2厅 | 198平米 | 南 北 | 精装,https://image1.ljcdn.com/310000-inspection/prod-8cb21de8-afbf-4677-acfc-f49c832c0570.png.296x216.jpg
20190504,闸北,西藏北路,苏州河畔 南北通都明户型带双阳台 交通便利 配套齐,1900万,农房熙藏苑  | 3室2厅 | 160平米 | 南 | 精装 | 有电梯,https://image1.ljcdn.com/310000-inspection/prod-267215d0-7f59-452f-8692-ef9ac10441bb.jpg.296x216.jpg
20190504,闸北,西藏北路,华祺苑 4室1厅 1150万,1150万,华祺苑  | 4室1厅 | 151.3平米 | 南 | 简装 | 有电梯,https://image1.ljcdn.com/310000-inspection/test-e287bb82-dbe5-4825-af83-e64296452479.jpg.296x216.jpg
20190504,闸北,西藏北路,大悦城中烫金地段 出行方便 吃喝玩乐一体化,327万,蒙古路20号  | 2室1厅 | 43.63平米 | 南 | 简装 | 无电梯,https://image1.ljcdn.com/310000-inspection/prod-46bb37bc-cba9-4d55-b20e-07ab229b2370.jpg.296x216.jpg
20190504,闸北,西藏北路,绿洲雅宾利花园(一期) 3室2厅 1100万,1100万,绿洲雅宾利花园(一期)  | 3室2厅 | 123.3平米 | 东 南 北 | 精装 | 有电梯,https://image1.ljcdn.com/310000-inspection/prod-3b2764fb-61ed-47ed-bf0a-7a4e8820cd72.jpg.296x216.jpg
20190504,闸北,西藏北路,万科翡翠系，经典户型 南北通三房诚售，产证已满两年,1800万,万科翡翠雅宾利  | 3室2厅 | 185平米 | 南 北 | 精装 | 有电梯,https://image1.ljcdn.com/310000-inspection/prod-1ec5e0c9-8222-4302-bca7-4b430054eddc.jpg.296x216.jpg
20190504,闸北,西藏北路,新小区从未入住 正气全明户型 层高3.6米 从未入住,3100万,中粮天悦壹号  | 3室2厅 | 188平米 | 南 | 精装,https://image1.ljcdn.com/310000-inspection/test-af9ebb3b-bcbe-4f4d-8463-cd27ae73e6ab.png.296x216.jpg
20190504,闸北,西藏北路,小区中间位置，大面宽客厅带阳台，正看花园，全明户型,4099万,中粮天悦壹号  | 4室2厅 | 272平米 | 南 | 精装 | 有电梯,https://image1.ljcdn.com/310000-inspection/prod-d68cfe83-7553-4d24-be1c-2a013d766b49.jpg.296x216.jpg
20190504,闸北,西藏北路,房型正气，南北通透，17年次新房，高区看花园,3200万,万科翡翠雅宾利  | 4室2厅 | 265平米 | 南 北 | 精装,https://image1.ljcdn.com/310000-inspection/prod-982fb013-6648-44e5-890e-6bacbb99462a.jpg.296x216.jpg
20190504,闸北,西藏北路,华侨城苏河湾塔尖住宅江景大平层，对望陆家嘴全景。,7500万,华侨城苏河湾(公寓)  | 3室2厅 | 280.33平米 | 南 | 精装 | 有电梯,https://image1.ljcdn.com/310000-inspection/prod-6a341d69-3dea-47b2-9c66-bdc27d641be8.jpg.296x216.jpg
20190504,闸北,西藏北路,局南村 2室1厅 325万,325万,局南村  | 2室1厅 | 53平米 | 南 | 简装 | 无电梯,https://image1.ljcdn.com/310000-inspection/prod-258546c4-5b04-4d0d-980d-27f520fa04a6.jpg.296x216.jpg
20190504,闸北,西藏北路,和源馨苑 2室1厅 580万,580万,和源馨苑  | 2室1厅 | 82.79平米 | 南 | 简装 | 有电梯,https://image1.ljcdn.com/310000-inspection/prod-cf11b3e7-4600-48af-b824-94350f5a4418.jpg.296x216.jpg
20190504,闸北,西藏北路,可VR看房3/4/8地铁+内环新静安+出门2小+有想法快联系,256万,复元坊  | 1室1厅 | 37.5平米 | 南 | 简装 | 无电梯,https://image1.ljcdn.com/310000-inspection/test-e99de344-b1b3-4c84-8b29-48b36c7082c8.png.296x216.jpg
20190504,闸北,西藏北路,70年产权住宅，采光无遮挡，低总价两房，业主诚意卖。,610万,凯鹏国际大厦  | 2室2厅 | 115.72平米 | 东 | 简装 | 有电梯,https://image1.ljcdn.com/310000-inspection/prod-a51f3db0-9839-4369-be72-99a212c1c453.jpg.296x216.jpg
20190504,闸北,西藏北路,业主诚售 内环稀有朝南三房带厅 毛坯随您改造看房方便房主自荐,360万,宝山路503号  | 3室1厅 | 64平米 | 西南 | 简装 | 无电梯,https://image1.ljcdn.com/310000-inspection/prod-5006b51c-4268-46b1-bd2d-f9431d73c93c.jpg.296x216.jpg
20190504,闸北,西藏北路,二手买进税费少，采光无遮挡，人车分流，板楼,548万,精文城上城  | 1室2厅 | 70.68平米 | 南 | 精装 | 有电梯,https://image1.ljcdn.com/310000-inspection/prod-5cc87905-82a3-4f8e-85c6-b90b411b0864.jpg.296x216.jpg
20190504,闸北,西藏北路,复元坊 1室1厅 210万,210万,复元坊  | 1室1厅 | 33.22平米 | 南 | 精装 | 无电梯,https://image1.ljcdn.com/310000-inspection/prod-b0130db2-c6b9-4d47-b3a4-39b54e30f0e6.jpg.296x216.jpg
20190504,闸北,西藏北路,临山路40号 1室1厅 318万,318万,临山路40号  | 1室1厅 | 38.45平米 | 南 西 | 精装 | 无电梯,https://image1.ljcdn.com/310000-inspection/prod-3300c08f-1929-4704-9d51-a958c5bc7ab9.jpg.296x216.jpg
20190504,闸北,西藏北路,黄埔区一河之隔，大户型房型正气，采光无遮挡,940万,恒安大厦  | 3室2厅 | 135.4平米 | 西南 | 简装 | 有电梯,https://image1.ljcdn.com/310000-inspection/prod-d8013415-7330-448c-8c0c-b578519c4dab.jpg.296x216.jpg
20190504,闸北,西藏北路,大悦城顶楼复式 高区采光好 配套地铁8/12号线,1782万,华祺苑  | 5室3厅 | 203.58平米 | 南 北 | 简装 | 有电梯,https://image1.ljcdn.com/310000-inspection/prod-1f0edd55-11b2-4786-81e4-a7c2dcee2184.jpg.296x216.jpg
20190504,闸北,西藏北路,业主置换诚售 价格可谈 内环朝南一室半  看房提前预约,225万,宝昌路600弄  | 1室1厅 | 37.11平米 | 南 | 精装 | 无电梯,https://image1.ljcdn.com/310000-inspection/prod-00255c60-c44d-461e-a423-180b073f68b6.jpg.296x216.jpg
20190504,闸北,西藏北路,绿洲雅宾利花园(二期) 2室2厅 1150万,1150万,绿洲雅宾利花园(二期)  | 2室2厅 | 109.14平米 | 南 西 北 | 精装 | 有电梯,https://image1.ljcdn.com/310000-inspection/prod-e1641e8c-adac-4a0c-be79-6c4f446dccae.jpg.296x216.jpg
20190504,闸北,西藏北路,申桂公寓 3室2厅 780万,780万,申桂公寓  | 3室2厅 | 136.92平米 | 南 西 | 精装 | 有电梯,https://image1.ljcdn.com/310000-inspection/prod-1c1bd8cc-3c45-4061-9a48-a456aca4f7f4.jpg.296x216.jpg
20190504,闸北,西藏北路,满五唯一，可改四房，前后双花园，阳光充足，业主诚售,985万,精文城上城  | 3室2厅 | 152.54平米 | 南 北 | 简装 | 有电梯,https://image1.ljcdn.com/310000-inspection/test-ac4c056a-ee5c-4f81-98a4-fbdf53944fc9.png.296x216.jpg
20190504,闸北,西藏北路,1梯3户，西边套两房朝南采光无遮挡,345万,局北村  | 2室1厅 | 54.1平米 | 南 西 北 | 精装 | 无电梯,https://image1.ljcdn.com/310000-inspection/prod-2d00a3bc-762d-451d-b864-621cfe69ba30.jpg.296x216.jpg
20190504,闸北,西藏北路,金棕榈公寓 5室3厅 1280万,1280万,金棕榈公寓  | 5室3厅 | 153平米 | 南 | 简装 | 有电梯,https://image1.ljcdn.com/310000-inspection/prod-d84f732a-0ac8-40b0-ac64-edb46c95a471.jpg.296x216.jpg
20190504,闸北,西藏北路,包运大厦 1室1厅 245万,245万,包运大厦  | 1室1厅 | 40.43平米 | 南 | 其他 | 无电梯,https://image1.ljcdn.com/310000-inspection/prod-c10f87ef-1d61-4057-a2ae-6e2c812cc8df.jpg.296x216.jpg
20190504,闸北,西藏北路,电梯两房一厅诚意出售，近地铁3    4  8号线出行方便,365万,永兴小马路80号  | 2室1厅 | 55.59平米 | 南 西 | 简装 | 有电梯,https://image1.ljcdn.com/310000-inspection/prod-ad31581b-a134-4e36-a726-38ca0d47174e.jpg.296x216.jpg
20190504,闸北,西藏北路,永兴小马路60号 1室1厅 260万,260万,永兴小马路60号  | 1室1厅 | 41.99平米 | 东 北 | 精装 | 有电梯,https://image1.ljcdn.com/310000-inspection/prod-71387f11-ca19-4055-ae83-6b5e826639c0.jpg.296x216.jpg
20190504,闸北,西藏北路,全南电梯两房 得房高业主自住  四条地铁互通,435万,永兴小马路80号  | 2室1厅 | 63.58平米 | 南 | 精装 | 有电梯,https://image1.ljcdn.com/310000-inspection/prod-967996b6-38d0-4c05-a720-ead5fe9c5d17.jpg.296x216.jpg
20190504,闸北,西藏北路,品质万科，新房未入住，南北通大三房，诚意出售。,1900万,万科翡翠雅宾利  | 3室2厅 | 198平米 | 南 北 | 精装,https://image1.ljcdn.com/310000-inspection/test-342b2d1c-8dd5-49ef-839f-48f9e52f642b.png.296x216.jpg
20190504,闸北,西藏北路,内环内成熟小区，楼层好 采光好，位置安静，单价低,350万,芷江中路493弄  | 3室1厅 | 60.35平米 | 西南 | 简装 | 无电梯,https://image1.ljcdn.com/310000-inspection/test-ce103caa-411f-4e9f-9c58-e7d2ca2b807a.png.296x216.jpg
20190504,闸北,西藏北路,高区南北通透  采光佳  精装修  带车位  诚意出售,930万,绿洲雅宾利花园(一期)  | 2室2厅 | 94.56平米 | 南 北 | 精装 | 有电梯,https://image1.ljcdn.com/310000-inspection/test-5228a86d-4b8a-4e2c-bb3d-5ea09365d39c.png.296x216.jpg
20190504,闸北,西藏北路,内环内，近大约城，离人民广场一站路，大悦城商圈,568万,北苑大厦  | 2室2厅 | 125.24平米 | 西 北 | 毛坯 | 有电梯,https://image1.ljcdn.com/310000-inspection/prod-73a84172-29c0-43ac-a129-2f0ba640eb9a.jpg.296x216.jpg
20190504,闸北,西藏北路,得房率高，满五年唯一，南北通，随时看房,303万,南山路71弄  | 2室1厅 | 48平米 | 南 | 简装 | 无电梯,https://image1.ljcdn.com/310000-inspection/prod-b7eedf92-9ffa-4936-a87b-435d51ce4de7.jpg.296x216.jpg
20190504,闸北,西藏北路,复地新都国际 1室1厅 600万新上,600万,复地新都国际  | 1室1厅 | 69.51平米 | 南 | 其他 | 有电梯,https://image1.ljcdn.com/310000-inspection/prod-52e6d84d-33a0-4a8a-ab5c-7e665642a5e7.jpg.296x216.jpg
20190504,闸北,西藏北路,圣和圣广场(公寓) 2室2厅 770万,770万,圣和圣广场(公寓)  | 2室2厅 | 83.56平米 | 南 | 精装 | 有电梯,https://image1.ljcdn.com/310000-inspection/prod-c1f30434-ed10-4d1a-9897-b6a1002e0b0f.jpg.296x216.jpg
20190504,闸北,西藏北路,两房朝南   采光充足   精装修拎包入户  满两年,850万,绿洲雅宾利花园(一期)  | 2室2厅 | 92.58平米 | 东 南 北 | 精装 | 有电梯,https://image1.ljcdn.com/310000-inspection/prod-5862969b-c172-492e-bd52-cee11a8ebfd4.jpg.296x216.jpg
20190504,闸北,西藏北路,四川北路商圈 3房高区业主移民出售 满5年 户型方正,750万,申桂公寓  | 3室2厅 | 134.08平米 | 南 西 北 | 简装 | 有电梯,https://image1.ljcdn.com/310000-inspection/prod-9d0ff169-ba35-438a-9b76-6f8f21b0d24c.jpg.296x216.jpg
20190504,闸北,西藏北路,内环大平层，装修2年，KTV影音设备，采光无遮挡,810万,南山小区  | 3室2厅 | 155.52平米 | 西 | 精装 | 有电梯,https://image1.ljcdn.com/310000-inspection/test-38bc45c7-7715-4e12-ae16-7425474e4401.png.296x216.jpg
20190504,闸北,西藏北路,满5年唯一，规划好，小三房，采光好无遮挡,750万,三宝花苑  | 3室2厅 | 130.83平米 | 南 | 简装 | 有电梯,https://image1.ljcdn.com/310000-inspection/prod-63f71449-ec22-47e5-81dc-74e18e264568.jpg.296x216.jpg
20190504,闸北,西藏北路,三开间朝东南，视野无遮挡，采光好，物况佳，价格可谈,2300万,华侨城苏河湾(公寓)  | 2室2厅 | 180平米 | 南 | 精装 | 有电梯,https://image1.ljcdn.com/310000-inspection/prod-dfc60527-31bb-434d-bae1-c472ac9fc4aa.jpg.296x216.jpg
20190504,闸北,西藏北路,内环内，地铁口两房，总价低，随时看房，诚意出售,490万,灵艺大厦  | 2室1厅 | 81.3平米 | 东 | 简装 | 有电梯,https://image1.ljcdn.com/310000-inspection/prod-ac64f3cf-578f-419f-84aa-6affe49c86aa.jpg.296x216.jpg
20190504,闸北,西藏北路,内环低总价 稀有好楼层户型佳 朝南一房 8号地铁站,232万,宝昌路620弄  | 1室0厅 | 36.5平米 | 南 | 简装 | 无电梯,https://image1.ljcdn.com/310000-inspection/test-200154c3-3fe7-4cc7-adbd-de5b5c1a51f4.png.296x216.jpg
20190504,闸北,西藏北路,近四川北路商圈，楼层好，单价实惠，满五年唯一税费少,392万,宝山路535号  | 3室0厅 | 71.61平米 | 西南 | 简装 | 无电梯,https://image1.ljcdn.com/310000-inspection/test-e49a155e-db55-466c-8d4d-dede727c7555.png.296x216.jpg
20190504,闸北,西藏北路,虬江大楼 2室1厅 470万,470万,虬江大楼  | 2室1厅 | 70.04平米 | 南 | 精装 | 有电梯,https://image1.ljcdn.com/310000-inspection/prod-3b5d1cbd-3c5c-45fe-92a5-52d02b345cf8.jpg.296x216.jpg
20190504,闸北,西藏北路,宝通路446号 3室1厅 355万,355万,宝通路446号  | 3室1厅 | 71.19平米 | 南 北 | 简装 | 无电梯,https://image1.ljcdn.com/310000-inspection/test-6e0ae4bf-116d-4926-ac79-1dd28bb3c1f2.png.296x216.jpg
20190504,闸北,西藏北路,复地新都，满5唯一，省15万，小夫妻次新房，全明户型,680万,复地新都国际  | 1室2厅 | 77.99平米 | 东南 | 精装 | 有电梯,https://image1.ljcdn.com/310000-inspection/test-f2325e29-7491-4720-972b-15bbd810fc6a.jpg.296x216.jpg
20190504,闸北,西藏北路,内环内品质小区   纯人车分流   近地铁交通便利,630万,复地新都国际  | 1室2厅 | 69.51平米 | 南 | 精装 | 有电梯,https://image1.ljcdn.com/310000-inspection/prod-fdc9a37f-6835-49db-928f-c466ce3889e1.jpg.296x216.jpg
20190504,闸北,西藏北路,地铁口，南北通两房，精装修，总价低，采光好，户型好,300万,通阁小区  | 2室0厅 | 48.3平米 | 南 北 | 精装 | 无电梯,https://image1.ljcdn.com/310000-inspection/prod-5964fa5d-960b-419e-b5a5-340b834fcbf3.jpg.296x216.jpg
20190504,闸北,西藏北路,南星小区 2室2厅 590万,590万,南星小区  | 2室2厅 | 78.93平米 | 南 | 简装 | 有电梯,https://image1.ljcdn.com/310000-inspection/prod-36f52175-bbf8-4d38-be2d-b05dddda2311.jpg.296x216.jpg
20190504,闸北,西藏北路,联富假日公寓 2室1厅 430万,430万,联富假日公寓  | 2室1厅 | 52.88平米 | 南 | 简装 | 有电梯,https://image1.ljcdn.com/310000-inspection/prod-fd3fd816-8e1c-4db7-8555-ace30fdb661f.jpg.296x216.jpg
20190504,闸北,西藏北路,内环内+单价低+地铁口+诚意出售,630万,长城苑  | 2室1厅 | 109.35平米 | 东 南 | 简装 | 有电梯,https://image1.ljcdn.com/310000-inspection/prod-d9fd75e0-3035-4a2e-988f-d86414d11936.png.296x216.jpg
20190504,闸北,西藏北路,和源馨苑 2室2厅 695万,695万,和源馨苑  | 2室2厅 | 91.16平米 | 南 | 精装 | 有电梯,https://image1.ljcdn.com/310000-inspection/prod-00422d65-2123-42c5-ab19-0af3ae06fca5.jpg.296x216.jpg
20190504,闸北,西藏北路,长城苑 2室2厅 640万,640万,长城苑  | 2室2厅 | 102.64平米 | 南 | 精装 | 有电梯,https://image1.ljcdn.com/310000-inspection/prod-391f53b0-4790-499b-8d51-71b02a2326e1.jpg.296x216.jpg
20190504,闸北,西藏北路,东宝兴路402号 1室0厅 245万,245万,东宝兴路402号  | 1室0厅 | 32平米 | 南 | 精装 | 无电梯,https://image1.ljcdn.com/310000-inspection/prod-c04ac2fd-230c-4a6a-9b9c-d605e1cd3910.jpg.296x216.jpg
20190504,闸北,西藏北路,业主置换诚意卖  1.3.4上海站  8号线中兴路站,400万,永兴小马路80号  | 2室1厅 | 66.28平米 | 西北 | 简装 | 有电梯,https://image1.ljcdn.com/310000-inspection/test-5c928b5f-2785-4db8-b093-c1f80b39f0a1.png.296x216.jpg
20190504,闸北,西藏北路,地鉄3.4.8号线通阁小区一室户 满五一 看房方便,170万,通阁小区  | 1室1厅 | 29.52平米 | 西北 | 简装 | 无电梯,https://image1.ljcdn.com/310000-inspection/test-bea0b21e-36eb-425c-add8-91020427f0d4.png.296x216.jpg
20190504,闸北,西藏北路,青云路605弄 1室1厅 220万,220万,青云路605弄  | 1室1厅 | 35.43平米 | 北 | 精装 | 无电梯,https://image1.ljcdn.com/310000-inspection/prod-ec0164d7-ab76-40ac-8f7c-f189a7c06ed4.jpg.296x216.jpg
20190504,闸北,西藏北路,业主诚售 内环内精装两房 拎包入住 看房方便,318万,芷江中路459弄  | 2室0厅 | 51.6平米 | 东 西 | 简装 | 无电梯,https://image1.ljcdn.com/310000-inspection/prod-9855a09f-710c-4ee7-ad10-3bde0c01e617.jpg.296x216.jpg
20190504,闸北,西藏北路,高区景观房，南北通户型，10万单价随时看房房主自荐,1330万,新湖青蓝国际  | 3室2厅 | 138.91平米 | 南 | 精装 | 有电梯,https://image1.ljcdn.com/310000-inspection/prod-44d028be-41b2-4595-86ae-b9d28020a2cc.png.296x216.jpg
20190504,闸北,西藏北路,朝南正规3房 边套厨卫带窗户型 居家装修  地铁34号线,780万,三宝花苑  | 3室2厅 | 122.64平米 | 西南 | 简装 | 有电梯,https://image1.ljcdn.com/310000-inspection/prod-2d3a8d3d-7771-4961-9bfa-27b76a58b51b.jpg.296x216.jpg
20190504,闸北,西藏北路,申桂公寓 3室1厅 660万,660万,申桂公寓  | 3室1厅 | 96.53平米 | 南 | 简装 | 有电梯,https://image1.ljcdn.com/310000-inspection/test-22ae0683-1570-43ac-9da9-8a17db501bc7.png.296x216.jpg
20190504,闸北,西藏北路,业主诚售 内环内98年品质小区 1梯2户好楼层全明大三房,710万,久欣公寓  | 3室2厅 | 114平米 | 南 北 | 精装 | 无电梯,https://image1.ljcdn.com/310000-inspection/prod-ad369915-802c-4155-82b2-e91e3149f1be.jpg.296x216.jpg
20190504,闸北,西藏北路,联富假日公寓 1室1厅 400万,400万,联富假日公寓  | 1室1厅 | 52.88平米 | 南 | 简装 | 有电梯,https://image1.ljcdn.com/310000-inspection/prod-1e440e24-1b1f-4f9c-840d-0ccbd5e8c8e1.jpg.296x216.jpg
20190504,闸北,西藏北路,内环内，近8号线，中间楼层，业主诚意卖，满五年唯一房主自荐,215万,芷江中路459弄  | 1室1厅 | 37平米 | 东 | 简装 | 无电梯,https://image1.ljcdn.com/310000-inspection/prod-de60c9f1-b3f8-401e-b058-9da4ce3e21a1.jpg.296x216.jpg
20190504,闸北,西藏北路,申桂公寓 3室2厅 800万,800万,申桂公寓  | 3室2厅 | 134.6平米 | 南 西 北 | 简装 | 有电梯,https://image1.ljcdn.com/310000-inspection/test-606c89c0-30d5-4bdd-afbe-18b3f4440bbe.png.296x216.jpg
20190504,闸北,西藏北路,97年的小区 租客住看房方便 业主诚意出售！,560万,沪金大楼  | 2室1厅 | 82.65平米 | 南 | 精装 | 有电梯,https://image1.ljcdn.com/310000-inspection/test-14315d98-bbe3-475e-83ff-bb3f6d1bd749.png.296x216.jpg
20190504,闸北,西藏北路,全南两房，苏州河畔，大花园，天潼路地铁，人民广场,935万,圣和圣广场(公寓)  | 2室2厅 | 98.69平米 | 南 | 精装 | 有电梯,https://image1.ljcdn.com/310000-inspection/prod-6c03f477-6633-4492-8f80-55a30a9c643c.jpg.296x216.jpg
20190504,闸北,西藏北路,17年小区，精装修交付还未入住新房，近南京东路地段好,978万,圣和静安公馆  | 2室2厅 | 89.08平米 | 南 | 精装,https://image1.ljcdn.com/310000-inspection/test-e5e743c2-1c9f-4bdc-a137-8702240b0515.png.296x216.jpg
20190504,闸北,西藏北路,三梯两户 四开间朝南，高区景观房，采光视线无法形容,1600万,河滨豪园  | 4室2厅 | 173.43平米 | 南 北 | 精装 | 有电梯,https://image1.ljcdn.com/310000-inspection/test-567a4d0f-6dd8-432f-894b-318abe445287.png.296x216.jpg
20190504,闸北,西藏北路,三宝花苑 3室2厅 800万,800万,三宝花苑  | 3室2厅 | 134.22平米 | 西南 | 其他 | 有电梯,https://image1.ljcdn.com/310000-inspection/prod-877f9fee-fac0-4983-9e48-e7f881ea0288.jpg.296x216.jpg
20190504,闸北,西藏北路,地铁口小区 精装修保养好 业主诚意卖 看房方便,590万,聚龙大厦  | 2室2厅 | 99.62平米 | 东 北 | 精装 | 有电梯,https://image1.ljcdn.com/310000-inspection/prod-c95ce827-062f-49c3-83ca-82609bb2d1b7.jpg.296x216.jpg
20190504,闸北,西藏北路,苏河湾朝南两房 地图8/12号旁边 配套大悦城综合体,420万,南星小区  | 2室1厅 | 55.97平米 | 南 | 简装 | 有电梯,https://image1.ljcdn.com/310000-inspection/prod-7769ac22-8447-433a-9cbe-af32a34a71cf.jpg.296x216.jpg
20190504,闸北,西藏北路,少税位置好+8号线+双南户型+无纠纷无抵押+配套完善,435万,永兴小马路80号  | 2室2厅 | 63.58平米 | 南 | 简装 | 有电梯,https://image1.ljcdn.com/310000-inspection/prod-b5489ad0-4c64-4149-8cda-1bd020afa651.jpg.296x216.jpg
20190504,闸北,西藏北路,北市场小区 2室0厅 430万,430万,北市场小区  | 2室0厅 | 63.65平米 | 南 | 简装,https://image1.ljcdn.com/310000-inspection/prod-c4b0f3e2-0013-4f75-b9b9-a15f118bacb2.jpg.296x216.jpg
20190504,闸北,西藏北路,朝南一房，婚房装修，楼层好，业主诚售，满五年唯一,215万,通阁小区  | 1室0厅 | 35.63平米 | 南 | 精装 | 无电梯,https://image1.ljcdn.com/310000-inspection/prod-53ec99f9-f836-4fab-b8b5-a8e431ce75ef.jpg.296x216.jpg
20190504,闸北,西藏北路,小两房电梯房，满五年，产权清晰 看房提前约 诚心出售,358万,南星小区  | 2室1厅 | 58.9平米 | 西北 | 精装 | 有电梯,https://image1.ljcdn.com/310000-inspection/prod-f77012fa-53a2-43c2-bf79-a813e4fcbed7.jpg.296x216.jpg
20190504,闸北,西藏北路,内环内01年竣工，近地铁三、四、八号线，采光无遮挡,370万,中鸿大厦  | 2室1厅 | 60.42平米 | 东南 | 简装 | 有电梯,https://image1.ljcdn.com/310000-inspection/prod-71a3194d-a819-42fe-b5f0-6ac5f45dd3c1.jpg.296x216.jpg
20190504,闸北,西藏北路,地铁8/12号线，中间楼层，采光好，小户型适合出租,325万,北市场小区  | 1室1厅 | 45.12平米 | 南 | 精装,https://image1.ljcdn.com/310000-inspection/test-d6c9d5eb-94ed-4603-a69d-c18a2442df18.png.296x216.jpg
20190504,闸北,西藏北路,内环内成熟小区，1梯2户房型正，底楼带花园！精装修,565万,志业公寓  | 2室2厅 | 85平米 | 南 北 | 精装 | 无电梯,https://image1.ljcdn.com/310000-inspection/test-a4634538-c3eb-4e13-8417-5e628a7c5406.png.296x216.jpg
20190504,闸北,西藏北路,内环内电梯大三房 出行方便 户型三个大房间适合一家人,840万,久欣公寓  | 3室1厅 | 133.06平米 | 东 北 | 简装 | 有电梯,https://image1.ljcdn.com/310000-inspection/test-6200adc3-15c0-45f0-ab81-8a2d85eba26e.png.296x216.jpg
20190504,闸北,西藏北路,内环内高区双南两房  房龄97年 业主诚意出售 随时看房,660万,久欣公寓  | 2室2厅 | 106.06平米 | 南 | 简装 | 有电梯,https://image1.ljcdn.com/310000-inspection/prod-30c71d5d-063e-49da-a48f-e5c92dc3a17e.jpg.296x216.jpg
20190504,闸北,西藏北路,宝通公寓 2室2厅 700万,700万,宝通公寓  | 2室2厅 | 107.12平米 | 南 | 简装 | 有电梯,https://image1.ljcdn.com/310000-inspection/test-d05fc220-aab8-4894-ae67-08d6af810e6c.jpg.296x216.jpg
20190504,闸北,西藏北路,98年改建，两房朝南，新装修 满5年 全明户型,430万,西藏北路991号  | 2室1厅 | 67平米 | 南 西 北 | 简装 | 无电梯,https://image1.ljcdn.com/310000-inspection/prod-9cbd8fa6-62a6-4210-8409-ad2a9ab5f676.png.296x216.jpg
20190504,闸北,西藏北路,止园路与芷江中路交汇87年房龄出租，户型正,195万,止园路355号  | 1室1厅 | 31.8平米 | 西 | 精装,https://image1.ljcdn.com/310000-inspection/prod-85066d50-a7c6-4691-89ba-ba3be9ebf647.jpg.296x216.jpg
20190504,闸北,西藏北路,天潼路站地铁 近外滩和南京东路 人民广场,420万,联富假日公寓  | 1室1厅 | 51.63平米 | 南 | 简装 | 有电梯,https://image1.ljcdn.com/310000-inspection/prod-946d55b3-cdd4-4f45-bbde-cf73c09ede71.jpg.296x216.jpg
20190504,闸北,西藏北路,温馨一房，带厅，楼层好，业主诚意出售，价格可以谈,255万,通阁小区  | 1室1厅 | 42.52平米 | 南 | 毛坯 | 无电梯,https://image1.ljcdn.com/310000-inspection/prod-7aed4768-691d-43c6-9810-d43564d616c6.jpg.296x216.jpg
20190504,闸北,西藏北路,1梯2户电梯房南北通二房、满五唯一、3.4.8号线地铁房主自荐,560万,中兴路401弄  | 2室2厅 | 76.57平米 | 南 北 | 简装 | 有电梯,https://image1.ljcdn.com/310000-inspection/prod-bac13813-0f68-4e38-9737-81a784127b1c.jpg.296x216.jpg
20190504,闸北,西藏北路,包运大厦 1室1厅 405万房主自荐,405万,包运大厦  | 1室1厅 | 60平米 | 西南 | 精装 | 有电梯,https://image1.ljcdn.com/310000-inspection/prod-e01a691a-5224-41f2-af53-5eb25f82a779.jpg.296x216.jpg
20190504,闸北,西藏北路,户型方正，采光通风赞，前临苏州河，税少，近地铁！,360万,南星小区  | 2室0厅 | 58.41平米 | 东北 | 简装 | 有电梯,https://image1.ljcdn.com/310000-inspection/prod-685b17d7-01bd-4476-bcab-a33497c2fb1d.jpg.296x216.jpg
20190504,闸北,西藏北路,包运大厦 1室1厅 285万,285万,包运大厦  | 1室1厅 | 44.35平米 | 南 | 精装 | 无电梯,https://image1.ljcdn.com/310000-inspection/prod-2ac68398-b913-41df-9729-24982d9688f7.jpg.296x216.jpg
20190504,闸北,西藏北路,和源馨苑 2室1厅 710万,710万,和源馨苑  | 2室1厅 | 104.35平米 | 南 | 简装 | 有电梯,https://image1.ljcdn.com/310000-inspection/prod-a3c467cd-e384-404d-98d8-e2f7708daeac.jpg.296x216.jpg
20190504,闸北,西藏北路,奔腾新干线 1室1厅 280万,280万,奔腾新干线  | 1室1厅 | 40.99平米 | 东南 | 简装 | 有电梯,https://image1.ljcdn.com/310000-inspection/prod-f2cd84e8-b465-4d96-8181-ca4ea69716af.jpg.296x216.jpg
20190504,闸北,西藏北路,总价低朝南一室一厅 楼层好 地铁口 诚意出售,198万,和田小区  | 1室1厅 | 31.55平米 | 南 | 简装 | 无电梯,https://image1.ljcdn.com/310000-inspection/prod-140fade2-9df2-4c89-925a-3727e4a6fd90.jpg.296x216.jpg
20190504,闸北,西藏北路,宝昌路600弄 2室1厅 328万,328万,宝昌路600弄  | 2室1厅 | 50.72平米 | 东 | 简装 | 无电梯,https://image1.ljcdn.com/310000-inspection/prod-f68e9320-90d4-412c-a2b3-fb4b26ae7c93.jpg.296x216.jpg
20190504,闸北,西藏北路,复地新都国际 1室2厅 698万,698万,复地新都国际  | 1室2厅 | 77.99平米 | 东南 | 精装 | 有电梯,https://image1.ljcdn.com/310000-inspection/prod-dc5be995-30c3-48ee-853d-f65cdaa25dec.jpg.296x216.jpg
20190504,闸北,西藏北路,采访格局比较好全南户型，采光无遮挡，刚交付还未入住,939万,圣和静安公馆  | 2室2厅 | 86.89平米 | 南 北 | 精装,https://image1.ljcdn.com/310000-inspection/test-12f1c92f-fe21-42b9-837a-922a9b8c0fc6.png.296x216.jpg
20190504,闸北,西藏北路,内环内低总价电梯小两房 中兴绿地旁 满5唯一 诚售！,340万,中鸿大厦  | 2室1厅 | 50.52平米 | 北 | 简装 | 有电梯,https://image1.ljcdn.com/310000-inspection/test-4d9486f0-c2c4-45a9-a10c-2deb94d4659d.png.296x216.jpg
20190504,闸北,西藏北路,南山小区 2室2厅 658万,658万,南山小区  | 2室2厅 | 106.56平米 | 南 西 | 精装 | 有电梯,https://image1.ljcdn.com/310000-inspection/test-8d08ea29-d403-49b5-a3dc-4280f3cb561a.png.296x216.jpg
20190504,闸北,西藏北路,苏州河畔 地铁八号 十二号线 南北通两房,398万,北市场小区  | 2室1厅 | 57.32平米 | 南 北 | 精装,https://image1.ljcdn.com/310000-inspection/test-de7dc860-1b61-4c74-a7d6-7ed2d6e08ddd.png.296x216.jpg
20190504,闸北,西藏北路,绿洲雅宾利花园(一期) 2室2厅 900万,900万,绿洲雅宾利花园(一期)  | 2室2厅 | 99.21平米 | 南 | 精装 | 有电梯,https://image1.ljcdn.com/310000-inspection/test-e72f62e1-1c9d-474b-9383-6d14d63408a8.png.296x216.jpg
20190504,闸北,西藏北路,满五年唯一  婚房装修 户型方正  中间楼层采光好,225万,芷江中路413弄  | 1室1厅 | 38.4平米 | 南 | 精装 | 无电梯,https://image1.ljcdn.com/310000-inspection/test-74cfbce6-de18-4175-b01e-1a241a724385.png.296x216.jpg
20190504,闸北,西藏北路,公兴路5号 1室1厅 285万,285万,公兴路5号  | 1室1厅 | 42.7平米 | 南 | 简装 | 无电梯,https://image1.ljcdn.com/310000-inspection/prod-054bf3e7-a161-452d-a227-644fe0c2b65d.png.296x216.jpg
20190504,闸北,西藏北路,包运大厦 2室0厅 268万,268万,包运大厦  | 2室0厅 | 44.37平米 | 南 | 其他 | 无电梯,https://image1.ljcdn.com/310000-inspection/test-1b775afd-ea72-4c9e-86cb-4c5448bd9104.png.296x216.jpg
20190504,闸北,西藏北路,芷江中路493弄 1室1厅 228万,228万,芷江中路493弄  | 1室1厅 | 37.21平米 | 东 | 简装 | 无电梯,https://image1.ljcdn.com/310000-inspection/prod-3259bfaa-8e43-4ba2-81bd-df7103f78302.jpg.296x216.jpg
20190504,闸北,西藏北路,婚房精装 全明东边套 全天采光 期待您的品鉴,278万,洪远公寓  | 1室1厅 | 45平米 | 南 | 精装 | 无电梯,https://image1.ljcdn.com/310000-inspection/prod-687b394d-877a-43ed-80cc-502430afaf92.jpg.296x216.jpg
20190504,闸北,西藏北路,和田小区 2室1厅 345万,345万,和田小区  | 2室1厅 | 56.76平米 | 南 | 精装 | 无电梯,https://image1.ljcdn.com/310000-inspection/test-73776565-d5d1-4e2e-8d5b-966034358a6f.png.296x216.jpg
20190504,闸北,西藏北路,满五唯一，94年小区，地铁8号线，采光充足,238万,通阁小区  | 2室0厅 | 47.64平米 | 南 | 简装 | 无电梯,https://image1.ljcdn.com/310000-inspection/test-d1f3caf5-8b4c-4fce-aafc-9c4cead66574.png.296x216.jpg
20190504,闸北,西藏北路,03年电梯房 低总价小户型 70年住宅产权 满5年免个税,235万,奔腾新干线  | 1室0厅 | 35.71平米 | 东南 | 精装 | 有电梯,https://image1.ljcdn.com/310000-inspection/test-02f39c83-c9d4-4d0b-9b10-ec1c83de0971.png.296x216.jpg
20190504,闸北,西藏北路,房形正气 业主诚心出售  看房方便,380万,包运大厦  | 2室0厅 | 61.49平米 | 南 | 简装 | 有电梯,https://image1.ljcdn.com/310000-inspection/test-8f6ab180-b418-48aa-aae6-17d7fc88be4b.png.296x216.jpg
20190504,闸北,西藏北路,小面积 低总价  税费少 业主诚意出售看房方便,240万,永兴小马路60号  | 1室1厅 | 41.99平米 | 东 北 | 简装 | 有电梯,https://image1.ljcdn.com/310000-inspection/prod-0e10b9b5-f375-48a4-b17b-3605f632764f.jpg.296x216.jpg
20190504,闸北,西藏北路,虬江路909弄 1室1厅 245万,245万,虬江路909弄  | 1室1厅 | 35.58平米 | 南 | 精装 | 无电梯,https://image1.ljcdn.com/310000-inspection/prod-d1d3fa2b-1b22-4481-8f5e-f365ee5b47eb.jpg.296x216.jpg
20190504,闸北,西藏北路,低总价 朝南带阳台 采光充足 业主诚售的房屋,220万,通阁小区  | 1室0厅 | 36.6平米 | 南 | 简装 | 无电梯,https://image1.ljcdn.com/310000-inspection/test-ea498f6e-e110-48d0-8104-50c1364065e0.png.296x216.jpg
20190504,闸北,西藏北路,楼层好， 采光好，近地铁8号线西藏北路站，位置安静,220万,西藏北路1103弄  | 1室0厅 | 33.2平米 | 南 | 简装 | 无电梯,https://image1.ljcdn.com/310000-inspection/prod-25d32de1-9a48-43de-976a-6cec28ce1f0d.jpg.296x216.jpg
20190504,闸北,西藏北路,内环内低总价 精装修一居室 看房方便 诚意出售,240万,宝昌路620弄  | 1室1厅 | 36.5平米 | 南 | 精装 | 无电梯,https://image1.ljcdn.com/310000-inspection/prod-cf4e0e64-bcd2-4d91-b7c6-6616dc7148e8.jpg.296x216.jpg
20190504,闸北,西藏北路,奔腾新干线 1室1厅 260万,260万,奔腾新干线  | 1室1厅 | 42.05平米 | 南 | 毛坯 | 有电梯,https://image1.ljcdn.com/310000-inspection/prod-d0783ffd-98c9-489c-be84-9931ac00538f.jpg.296x216.jpg
20190504,闸北,西藏北路,内环内 小高层带电梯 四轨交汇 售后公房满五唯一,282万,绿厦小区  | 1室1厅 | 42.59平米 | 南 | 简装 | 有电梯,https://image1.ljcdn.com/310000-inspection/prod-de7ca815-b4ae-4f5c-bfd7-09794a6874bf.jpg.296x216.jpg
20190504,闸北,西藏北路,奔腾新干线 1室0厅 220万,220万,奔腾新干线  | 1室0厅 | 30.28平米 | 南 北 | 精装 | 有电梯,https://image1.ljcdn.com/310000-inspection/prod-a057457a-3c8f-4e91-a1fa-09e0efc17a3d.jpg.296x216.jpg
20190504,闸北,西藏北路,内环内 8号线地鉄口 朝南全明一室户,175万,青云路650弄  | 1室1厅 | 29.74平米 | 南 | 简装 | 无电梯,https://image1.ljcdn.com/310000-inspection/prod-56cda3d2-5416-449b-af4a-068485cc84ad.jpg.296x216.jpg
20190504,闸北,西藏北路,位置佳 8号线 一室半户型 低总价 业主诚意出售,219万,青云路650弄  | 1室0厅 | 38平米 | 南 | 简装 | 无电梯,https://image1.ljcdn.com/310000-inspection/prod-67645c3b-ebfb-44f9-81c6-3332c80a3e65.jpg.296x216.jpg
20190504,闸北,西藏北路,虬江路809弄 1室0厅 245万,245万,虬江路809弄  | 1室0厅 | 33平米 | 南 | 其他 | 无电梯,https://image1.ljcdn.com/310000-inspection/prod-515cddd9-69f6-4c4c-b464-5b85f53e1c42.jpg.296x216.jpg
20190504,闸北,西藏北路,二轻小区 1室0厅 152万,152万,二轻小区  | 1室0厅 | 26.32平米 | 南 | 其他 | 无电梯,https://image1.ljcdn.com/310000-inspection/prod-23c2b580-74d6-4bf9-9c5d-231be81a4052.jpg.296x216.jpg
20190504,闸北,西藏北路,双轨交汇，8/12号线，配套大悦城综合体,350万,海联公寓  | 1室1厅 | 45.34平米 | 北 | 简装 | 有电梯,https://image1.ljcdn.com/310000-inspection/prod-575e02e1-077f-47da-b8f7-974e6d2ec123.jpg.296x216.jpg
20190504,闸北,西藏北路,公兴路45弄 1室1厅 200万,200万,公兴路45弄  | 1室1厅 | 30.71平米 | 南 | 简装 | 无电梯,https://image1.ljcdn.com/310000-inspection/prod-a0636f8d-817b-4620-bf5c-343c1059c730.jpg.296x216.jpg
20190504,闸北,西藏北路,奔腾新干线 地铁口  低总价  带煤气  **未用,290万,奔腾新干线  | 1室0厅 | 39.93平米 | 西南 西 | 精装 | 有电梯,https://image1.ljcdn.com/310000-inspection/prod-c6c08bdd-9479-4459-a820-2077d7e1053c.jpg.296x216.jpg
20190504,闸北,西藏北路,永兴小马路70号 1室1厅 260万,260万,永兴小马路70号  | 1室1厅 | 41.99平米 | 东北 | 简装 | 有电梯,https://image1.ljcdn.com/310000-inspection/prod-8fd8f3f3-88da-417d-b881-cea93896997c.jpg.296x216.jpg
20190504,闸北,西藏北路,VR全景急地铁曲阜路1012线，近外滩和南京东路，苏州河,480万,联富假日公寓  | 2室1厅 | 61.34平米 | 南 | 简装 | 有电梯,https://image1.ljcdn.com/shfdfs-image/20170913/04e033bd-69a5-4150-90b6-9f6ec45737c6.jpg.296x216.jpg
20190504,闸北,西藏北路,电梯一房  小户型房型诚售，满五年唯一,500万,长城苑  | 1室2厅 | 78.41平米 | 南 | 精装 | 有电梯,https://image1.ljcdn.com/shfdfs-image/20161220/ceaea0ad-99ca-425b-8927-583c5caa7812.jpg.296x216.jpg
20190504,闸北,西藏北路,苏河湾顶楼复式 房东诚意出售 看房方便！新上,1100万,七浦公寓  | 4室3厅 | 206.04平米 | 南 | 简装 | 有电梯,https://image1.ljcdn.com/310000-inspection/73793773-6eee-43b2-86df-998f757d8019.jpg.296x216.jpg
20190504,闸北,西藏北路,奔腾两室户  高区景观 视野无遮挡,450万,奔腾新干线  | 2室1厅 | 61.57平米 | 东南 | 精装 | 有电梯,https://image1.ljcdn.com/shfdfs-image/20161005/5981110e-3cc6-4397-9376-49e627af6b7a.jpg.296x216.jpg
20190504,闸北,西藏北路,1梯2户，房型正，得房率高，朝向好，单价低，满五唯一,710万,建灵公寓  | 3室2厅 | 122.7平米 | 南 西 北 | 简装 | 无电梯,https://image1.ljcdn.com/shfdfs-image/20170519/ff32cc1a-d519-47bf-ba99-cc02e872ad56.jpg.296x216.jpg
20190504,闸北,西藏北路,内环内品质小区  南北通透 地铁3,4,8号 业主诚意出售,1048万,绿洲雅宾利花园(一期)  | 3室2厅 | 130.84平米 | 东 南 北 | 精装 | 有电梯,https://image1.ljcdn.com/shfdfs-image/20170220/bc97ef0a-8298-4cd7-8dfe-8c4d6b7c68f7.jpg.296x216.jpg
20190504,闸北,西藏北路,成熟社区 单价低，户型朝向好 楼层好 看房方便,560万,三宝花苑  | 2室2厅 | 97.37平米 | 西北 | 简装 | 有电梯,https://image1.ljcdn.com/shfdfs-image/20160505/b0198002-09f8-4b29-8024-5464c4d2b6fd.jpg.296x216.jpg
20190504,闸北,西藏北路,蒙特利名都城 3室2厅 1350万,1350万,蒙特利名都城  | 3室2厅 | 159.67平米 | 南 北 | 精装 | 有电梯,https://image1.ljcdn.com/shfdfs-image/20151212/04bb296f-4607-4753-836c-85fe1414bfb9.jpg.296x216.jpg
20190504,闸北,西藏北路,天晋小区 3室1厅 580万,580万,天晋小区  | 3室1厅 | 100.57平米 | 南 北 | 精装 | 有电梯,https://image1.ljcdn.com/310000-inspection/4eb1f4da-440a-4da5-8014-a1246ddffa9d.jpg.296x216.jpg
20190504,闸北,西藏北路,精装两房，双南户型，全明，户型正气，带车库出售。,595万,青云公寓  | 2室2厅 | 95.7平米 | 南 | 精装 | 有电梯,https://image1.ljcdn.com/shfdfs-image/20170413/96f14fc9-ebbb-43cb-aba0-2d9ff867c0b5.jpg.296x216.jpg
20190504,闸北,西藏北路,正规成熟小区，2梯4户板式楼，东边套南北通两房，满五,655万,宝通公寓  | 2室1厅 | 92.92平米 | 南 北 | 简装 | 有电梯,https://image1.ljcdn.com/shfdfs-image/20170918/2a98ea45-c6ba-481c-9eed-7ecb9f38145d.jpg.296x216.jpg
20190504,闸北,西藏北路,近地铁  两房朝南采光好  楼层佳  诚意出售,490万,建灵公寓  | 2室2厅 | 76.83平米 | 南 北 | 简装 | 无电梯,https://image1.ljcdn.com/310000-inspection/744a63cb-83fc-4ca0-8550-a1df7016211f.jpg.296x216.jpg
20190504,闸北,西藏北路,1.3.4.8号线互通+售后公房税少,460万,永兴小马路80号  | 3室1厅 | 81.79平米 | 东北 | 简装 | 有电梯,https://image1.ljcdn.com/shfdfs-image/20171022/5b275dd2-e662-4fb8-b694-f18fe08bbe88.jpg.296x216.jpg
20190504,闸北,西藏北路,永盛苑 南北两房 近火车站 1号线地铁 不夜城公园,820万,永盛苑  | 2室2厅 | 122平米 | 南 北 | 精装 | 有电梯,https://image1.ljcdn.com/shfdfs-image/20171106/4c974297-c755-4bef-90d6-54c0e3aa7074.jpg.296x216.jpg
20190504,闸北,西藏北路,高区景观视野 诚意出售 开发商精装交付 品质社区,1450万,复地新都国际  | 3室2厅 | 158.85平米 | 东 南 北 | 精装 | 有电梯,https://image1.ljcdn.com/shfdfs-image/20151216/958ea5d2-27dc-4c4e-9327-379cef27cd31.jpg.296x216.jpg
20190504,闸北,西藏北路,小面积精致一室户型上海经典直通一室户 有天井,252万,宝昌路610弄  | 1室1厅 | 39.41平米 | 南 | 简装 | 无电梯,https://image1.ljcdn.com/310000-inspection/da8e1250-e5ad-412c-a86b-e9aae5a74050.jpg.296x216.jpg
20190504,闸北,西藏北路,苏河湾板块，近大悦城，挑高复式精装两房,680万,华祺苑  | 2室1厅 | 77.98平米 | 南 | 精装 | 有电梯,https://image1.ljcdn.com/shfdfs-image/20170611/f3d2e150-c632-4baf-91aa-bf3901e61a78.jpg.296x216.jpg
20190504,闸北,西藏北路,包运大厦 2室1厅 400万,400万,包运大厦  | 2室1厅 | 62.2平米 | 南 | 简装 | 无电梯,https://image1.ljcdn.com/310000-inspection/c45e8f3e-b491-4bac-8c15-de049580eabc.jpg.296x216.jpg
20190504,闸北,西藏北路,苏河湾全南2房，视野开阔，充足采光，对望陆家嘴美景,2300万,华侨城苏河湾(公寓)  | 2室2厅 | 179.63平米 | 南 | 精装 | 有电梯,https://image1.ljcdn.com/shfdfs-image/20170820/6db93408-c1df-4c1d-bae0-4f4a72972491.jpg.296x216.jpg
20190504,闸北,西藏北路,复地新都国际 3室2厅 1430万,1430万,复地新都国际  | 3室2厅 | 158.98平米 | 南 北 | 精装 | 有电梯,https://image1.ljcdn.com/310000-inspection/e2102e1b-14ba-4f42-839c-8b372cc497e6.jpg.296x216.jpg
20190504,闸北,西藏北路,永盛苑 2室2厅 850万,850万,永盛苑  | 2室2厅 | 106.28平米 | 南 北 | 简装 | 有电梯,https://image1.ljcdn.com/shfdfs-image/20170729/4d70d4ad-df82-45d4-a11e-c8b57f2b7e9e.jpg.296x216.jpg
20190504,闸北,西藏北路,业主诚意出售，高层，采光视野充足。,345万,芷江中路493弄  | 2室1厅 | 56.73平米 | 南 | 精装 | 无电梯,https://image1.ljcdn.com/310000-inspection/rsp_pic_uploadefda160c-ffa1-4381-a3e8-781a6958b89d.jpg.296x216.jpg
20190504,闸北,西藏北路,北市场小区 1室1厅 260万,260万,北市场小区  | 1室1厅 | 36.51平米 | 南 | 简装,https://image1.ljcdn.com/310000-inspection/rsp_pic_upload1f8fbf65-8e8b-4f6f-902f-21c5ae881410.jpg.296x216.jpg
20190504,闸北,西藏北路,朝南两房，业主诚意出售，方便看房！,760万,圣和圣广场(公寓)  | 2室2厅 | 83.56平米 | 南 | 简装 | 有电梯,https://image1.ljcdn.com/310000-inspection/rsp_pic_upload1560974a-7ff8-44ef-b861-dff4ac2aeead.jpg.296x216.jpg
20190504,闸北,西藏北路,复元坊 2室1厅 473万,473万,复元坊  | 2室1厅 | 72.86平米 | 南 | 精装 | 有电梯,https://image1.ljcdn.com/shfdfs-image/20171121/48bebc16-b66d-4bf3-a546-b90dcfeee218.jpg.296x216.jpg
20190504,闸北,西藏北路,虬江路843号 1室1厅 258万,258万,虬江路843号  | 1室1厅 | 37.9平米 | 北 | 简装 | 无电梯,https://image1.ljcdn.com/shfdfs-image/20170919/587ec134-d8ce-4635-8278-c171e929d08f.jpg.296x216.jpg
20190504,闸北,西藏北路,苏河湾板块，，地铁812号线电梯房，出门就是大悦城,640万,天晋小区  | 3室2厅 | 106.46平米 | 东南 | 简装 | 有电梯,https://image1.ljcdn.com/310000-inspection/e94d4a87-d87d-4fb5-bb07-683388292c39.jpg.296x216.jpg
20190504,闸北,西藏北路,此房是高区景观房， 视野开阔，全南户型，满五唯一,550万,昆泰大厦  | 2室1厅 | 87.2平米 | 南 | 精装 | 有电梯,https://image1.ljcdn.com/shfdfs-image/20170416/bebcc901-230a-4629-88d4-4aabf740cae3.jpg.296x216.jpg
20190504,闸北,西藏北路,全明，格局方正，采光好，业主诚意出售，看房提前约,213万,通阁小区  | 1室1厅 | 37.55平米 | 南 | 简装 | 无电梯,https://image1.ljcdn.com/310000-inspection/3d78ce2e-f0b4-4df4-8a8f-71a0ad4e0023.jpg.296x216.jpg
20190504,闸北,西藏北路,内环标准南北通两房 精装修 低总价近地鉄學校商场,320万,芷江中路363弄  | 2室0厅 | 62.43平米 | 南 | 精装 | 无电梯,https://image1.ljcdn.com/310000-inspection/b630a32e-79a6-4a05-876f-7227511fab92.jpg.296x216.jpg
20190504,闸北,西藏北路,楼层好，采光好，业主诚意卖，看房方便，近1/8号线,265万,南山路71弄  | 1室1厅 | 42.48平米 | 南 | 简装 | 无电梯,https://image1.ljcdn.com/shfdfs-image/20170331/b80f293b-0cdb-470a-927a-140cbe7023b4.jpg.296x216.jpg
20190504,闸北,西藏北路,单价低，交通便利，内环内，大三房,800万,北苑大厦  | 3室2厅 | 153.8平米 | 西南 北 | 精装 | 有电梯,https://image1.ljcdn.com/shfdfs-image/20170716/5652c5ed-adb8-41fc-bed0-9f7a18b39fd3.jpg.296x216.jpg
20190504,闸北,西藏北路,开发商装修，户型正气，不靠马路，业主自住，诚意出售,1550万,万科翡翠雅宾利  | 3室2厅 | 165平米 | 南 北 | 精装,https://image1.ljcdn.com/shfdfs-image/20171119/07453cc5-1683-43a2-91ec-c063730ac457.jpg.296x216.jpg
20190504,闸北,西藏北路,天晋小区 1室1厅 190万,190万,天晋小区  | 1室1厅 | 35.82平米 | 南 北 | 简装 | 有电梯,https://image1.ljcdn.com/310000-inspection/5a6415a6-51b5-4ed3-b193-777e833f8a6f.jpg.296x216.jpg
20190504,闸北,西藏北路,满二年，无增值税和个税，大复式，内环内，看房方便。房主自荐,1150万,广盛公寓  | 4室2厅 | 182.3平米 | 西南 | 精装 | 有电梯,https://image1.ljcdn.com/310000-inspection/de83ee64-dea0-4741-80e3-a8bb39ac910b.jpg.296x216.jpg
20190504,闸北,西藏北路,-各付税-内环内大户型，总价低，诚意出售-各付税-,695万,凯鹏国际大厦  | 3室2厅 | 147.4平米 | 东南 | 简装 | 有电梯,https://image1.ljcdn.com/310000-inspection/e4da86d4-a0b3-42fc-8e6e-19898418e836.jpg.296x216.jpg
20190504,闸北,西藏北路,内环内，近1/8号线，单价低，朝南采光好，位置安静！,240万,二轻小区  | 1室1厅 | 40.65平米 | 南 | 简装 | 无电梯,https://image1.ljcdn.com/310000-inspection/rsp_pic_uploadbcbc680c-85ac-4708-99a9-36927cd27d76.jpg.296x216.jpg
20190504,闸北,西藏北路,博园大楼 3室2厅 1100万,1100万,博园大楼  | 3室2厅 | 148.83平米 | 南 北 | 精装 | 有电梯,https://image1.ljcdn.com/310000-inspection/15940fc1-ab25-4a8a-9caf-fd2dedece77a.jpg.296x216.jpg
20190504,闸北,西藏北路,内环内  .朝南两房，户型好，位置佳,360万,和田小区  | 2室1厅 | 56.39平米 | 南 | 精装 | 无电梯,https://image1.ljcdn.com/310000-inspection/5aaa2a17-5a12-499a-b521-5953d689bbb0.jpg.296x216.jpg
20190504,闸北,西藏北路,和田小区 3室2厅 642万,642万,和田小区  | 3室2厅 | 107.9平米 | 南 北 | 简装 | 无电梯,https://image1.ljcdn.com/310000-inspection/9c6f1e1d-d369-4385-9dcf-34b0a24fcfdc.jpg.296x216.jpg
20190504,闸北,西藏北路,塔尖央企开发 陆家嘴一线S湾江景 高区景观看房方便,5988万,华侨城苏河湾(公寓)  | 3室2厅 | 325.17平米 | 南 | 精装 | 有电梯,https://image1.ljcdn.com/310000-inspection/rsp_pic_upload52a79633-222e-4835-b591-ff8a195fcd96.jpg.296x216.jpg
20190504,闸北,西藏北路,蒙特利名都城 4室2厅 1200万,1200万,蒙特利名都城  | 4室2厅 | 200平米 | 南 西 北 | 简装 | 有电梯,https://image1.ljcdn.com/shfdfs-image/20170507/7d6050d1-c183-417c-90c4-9918eeabee87.jpg.296x216.jpg
20190504,闸北,西藏北路,华祺苑 南北通两房 飞机户型 近苏州河大悦城 交通便利,940万,华祺苑  | 2室2厅 | 114.12平米 | 南 北 | 毛坯 | 有电梯,https://image1.ljcdn.com/shfdfs-image/20150224/91ac3f48-29b4-4b24-8fa9-b46a26ce339d.jpg.296x216.jpg
20190504,闸北,西藏北路,一室一厅，全明。楼层好，视野开阔，满五唯一房主自荐,270万,复元坊  | 1室1厅 | 34.28平米 | 南 西 | 精装 | 无电梯,https://image1.ljcdn.com/shfdfs-image/20171120/d9486bb1-3ecf-40f6-aabd-04470e13459e.jpg.296x216.jpg
20190504,闸北,西藏北路,此房满5唯一，楼层好视野宽阔，采光充足，配套齐全,638万,凯鹏国际大厦  | 2室2厅 | 116平米 | 南 北 | 精装 | 有电梯,https://image1.ljcdn.com/shfdfs-image/20170813/2eaf4ae4-02da-4f90-9c39-65d660c731e2.jpg.296x216.jpg
20190504,闸北,西藏北路,顶楼大复式，100万精装修，满五唯一，全新家具家电,1400万,精文城上城  | 4室2厅 | 182.78平米 | 南 | 精装 | 有电梯,https://image1.ljcdn.com/310000-inspection/095bb40b-ab9c-4cd8-9af1-aed593f91293.jpg.296x216.jpg
20190504,闸北,西藏北路,小户型低总价 中层楼层  只等您的关注,168万,通阁小区  | 1室0厅 | 29.52平米 | 北 | 简装 | 无电梯,https://image1.ljcdn.com/310000-inspection/rsp_pic_upload9df9e20b-b904-4a94-a671-ac92b6ee96e6.jpg.296x216.jpg
20190504,闸北,西藏北路,上海标杆盘，华侨城打造高品质住宅，地铁口百米，静安,2450万,华侨城苏河湾(公寓)  | 3室2厅 | 224.75平米 | 南 | 精装 | 有电梯,https://image1.ljcdn.com/310000-inspection/6b579873-d048-48da-a5b7-dad104962d71.jpg.296x216.jpg
20190504,闸北,西藏北路,2梯2户、高区视野好采光无遮挡，小区位置好，8号线,930万,绿洲雅宾利花园(一期)  | 2室2厅 | 106.42平米 | 南 北 | 简装 | 有电梯,https://image1.ljcdn.com/shfdfs-image/20170729/4cfa9e7b-3211-4ff0-8b94-24b561643473.jpg.296x216.jpg
20190504,闸北,西藏北路,宝昌路610弄 1室0厅 238万,238万,宝昌路610弄  | 1室0厅 | 34平米 | 南 | 简装 | 无电梯,
20190504,闸北,西藏北路,华祺苑 3室2厅 1100万,1100万,华祺苑  | 3室2厅 | 151.3平米 | 南 北 | 精装 | 有电梯,https://image1.ljcdn.com/shfdfs-image/20160630/3de478ac-2c70-4e59-a00b-e2c67fa8558e.jpg.296x216.jpg
20190504,闸北,西藏北路,内环内单价低户型正气，视野开阔，无浪费面积随时看房,605万,志业公寓  | 2室2厅 | 122.75平米 | 东 南 | 简装 | 无电梯,https://image1.ljcdn.com/shfdfs-image/20170913/d4bee53c-218d-4a8a-84f7-580823f99431.jpg.296x216.jpg
20190504,闸北,西藏北路,08年小区，满五唯一，高区朝南，采光视野好，位置安静,530万,圣和圣广场(公寓)  | 1室2厅 | 57.1平米 | 南 | 简装 | 有电梯,https://image1.ljcdn.com/310000-inspection/9164dc11-0322-4eb6-874d-e43a0fdcce84.jpg.296x216.jpg
20190504,闸北,西藏北路,西藏北路151号 2室0厅 335万,335万,西藏北路151号  | 2室0厅 | 49.06平米 | 暂无数据 | 其他 | 无电梯,https://image1.ljcdn.com/shfdfs-image/20171010/884fcfa9-203e-4ede-b6f5-3c6076aa89d8.jpg.296x216.jpg
20190504,闸北,西藏北路,中山北路158号 3室2厅 640万房主自荐,640万,中山北路158号  | 3室2厅 | 92.8平米 | 南 | 精装,https://image1.ljcdn.com/310000-inspection/rsp_pic_uploadd9ccab26-a767-4ddb-8663-d996772c38d9.jpg.296x216.jpg
20190504,闸北,西藏北路,东边套南北通大三房，高区视野开阔采光好，带产权车位,1800万,农房熙藏苑  | 3室2厅 | 159.8平米 | 南 北 | 精装 | 有电梯,https://image1.ljcdn.com/310000-inspection/rsp_pic_upload021ac476-db36-497d-9f7e-0d8ba17ebfba.jpg.296x216.jpg
20190504,闸北,西藏北路,东新大楼 3室2厅 950万,950万,东新大楼  | 3室2厅 | 137.73平米 | 南 北 | 精装 | 有电梯,https://image1.ljcdn.com/310000-inspection/cd3bbd66-166e-4186-a4be-cdfed21ff187.jpg.296x216.jpg
20190504,闸北,西藏北路,和馨苑 2室2厅 855万,855万,和馨苑  | 2室2厅 | 117平米 | 南 北 | 精装 | 有电梯,https://image1.ljcdn.com/310000-inspection/4e191d5e-0af3-4992-be54-978dd3c4aa5e.jpg.296x216.jpg
20190504,闸北,西藏北路,地鉄两站地到达人民广场 有电梯 配套齐全 看房方便,480万,复元坊  | 2室2厅 | 81.69平米 | 东 | 精装 | 有电梯,https://image1.ljcdn.com/shfdfs-image/20161028/b20caf90-41c2-4f05-bf58-58ef1a703fd6.jpg.296x216.jpg
20190504,闸北,西藏北路,和田小区 4室2厅 590万,590万,和田小区  | 4室2厅 | 107.9平米 | 南 北 | 毛坯 | 无电梯,https://image1.ljcdn.com/shfdfs-image/20170408/40e326a1-7eb3-4dd8-90e7-81ce5d5e9796.jpg.296x216.jpg
20190504,闸北,西藏北路,商品房 一梯两户 得房率佳 正气户型 业主诚售,635万,建灵公寓  | 3室1厅 | 115.72平米 | 南 北 | 简装 | 无电梯,https://image1.ljcdn.com/shfdfs-image/20161017/24dbbef1-167e-4930-857a-2aa0c7409e54.jpg.296x216.jpg
20190504,闸北,西藏北路,绿洲雅宾利花园(一期) 1室2厅 750万,750万,绿洲雅宾利花园(一期)  | 1室2厅 | 75.23平米 | 南 北 | 其他 | 有电梯,https://image1.ljcdn.com/shfdfs-image/20170426/e8cd9ad5-4808-4179-92b4-210bb53c5a40.jpg.296x216.jpg
20190504,闸北,西藏北路,复元坊 1室1厅 258万,258万,复元坊  | 1室1厅 | 32.06平米 | 南 | 毛坯 | 无电梯,https://image1.ljcdn.com/shfdfs-image/20150810/ed51cf83-13da-494b-9151-07889202bc80.jpg.296x216.jpg
20190504,闸北,西藏北路,朝南一室户，楼层好，采光佳，3.4号东宝兴路站,230万,宝山路499弄  | 1室1厅 | 35.66平米 | 南 | 精装 | 无电梯,https://image1.ljcdn.com/310000-inspection/rsp_pic_uploadc38bef28-be3a-4193-8259-562ddd989a5f.jpg.296x216.jpg
20190504,闸北,西藏北路,此房满五唯一 朝南带阳台  居家置换精致户型,233万,芷江中路363弄  | 1室1厅 | 40.38平米 | 南 | 简装 | 无电梯,https://image1.ljcdn.com/310000-inspection/rsp_pic_upload65448d6d-93be-4e15-824c-7a73a614cabe.jpg.296x216.jpg
20190504,闸北,西藏北路,申桂公寓 3室2厅 900万,900万,申桂公寓  | 3室2厅 | 146.56平米 | 南 | 简装 | 无电梯,https://image1.ljcdn.com/shfdfs-image/20160708/a7d73458-856b-439e-9496-49f5a246e7b0.jpg.296x216.jpg
20190504,闸北,西藏北路,满五年唯一，普通住宅，一梯两户，1995年竣工房主自荐,350万,光华坊  | 1室1厅 | 46.24平米 | 南 | 精装 | 有电梯,https://image1.ljcdn.com/x-se/hdic-frame/66a63afe-dcb5-479b-99fc-d4cb56d5a761.png.280x210.jpg
20190504,闸北,西藏北路,宝格丽酒店 上海标杆建筑 华侨城苏河湾开发商,1700万,上海宝格丽酒店及公寓  | 2室2厅 | 162.59平米 | 东 南 | 精装 | 有电梯,https://image1.ljcdn.com/310000-inspection/98d6384e-c17c-4d32-8c33-ba64e50f2226.jpg.296x216.jpg
20190504,闸北,西藏北路,宝格丽酒店   华侨城苏河湾开发商 近人民广场和外滩,3500万,上海宝格丽酒店及公寓  | 3室2厅 | 197.6平米 | 南 | 精装,https://image1.ljcdn.com/310000-inspection/0277bc5e-cafc-4cc1-98ca-c02b3a13f6c1.jpg.296x216.jpg
20190504,闸北,西藏北路,宝格丽酒店   华侨城苏河湾开发商 近人民广场和外滩,3500万,上海宝格丽酒店及公寓  | 3室2厅 | 197.6平米 | 南 | 精装,https://image1.ljcdn.com/310000-inspection/cd683795-e745-431f-a00e-aa246655d1a4.jpg.296x216.jpg
20190504,闸北,西藏北路,套房设计  景观好  业主诚意  看房方便,3850万,华侨城苏河湾(公寓)  | 3室2厅 | 274.29平米 | 南 | 精装 | 有电梯,https://image1.ljcdn.com/310000-inspection/643fc198-7f95-4dfc-a6c1-e336254bd0eb.jpg.296x216.jpg
20190504,闸北,西藏北路,凯鹏国际大厦 3室2厅 750万,750万,凯鹏国际大厦  | 3室2厅 | 147.4平米 | 南 | 简装 | 有电梯,https://image1.ljcdn.com/310000-inspection/572a35cd-dcfb-40a2-be47-b065bf6c7347.jpg.296x216.jpg
20190504,闸北,西藏北路,复地新都国际 2室2厅 830万,830万,复地新都国际  | 2室2厅 | 85.03平米 | 南 | 其他 | 有电梯,https://image1.ljcdn.com/310000-inspection/0d069f4d-bb4a-4028-82ec-6611f4c70f5f.jpg.296x216.jpg
20190504,闸北,西藏北路,绿洲雅宾利花园(一期) 2室2厅 990万,990万,绿洲雅宾利花园(一期)  | 2室2厅 | 97.41平米 | 南 | 其他 | 有电梯,https://image1.ljcdn.com/shfdfs-image/20150723/4aebe4d1-3fa0-4fa5-a03b-4ed62147f60e.jpg.296x216.jpg
20190504,闸北,西藏北路,南星小区 2室1厅 380万新上,380万,南星小区  | 2室1厅 | 66.07平米 | 西北 | 简装 | 有电梯,https://image1.ljcdn.com/x-se/hdic-frame/e61b4258-1e8f-4026-9be2-5f05e6002a2c.png.280x210.jpg
20190504,闸北,西藏北路,苏州河沿岸珍奢别墅，房东诚意出售，看房方便有钥匙!,6500万,华侨城苏河湾(别墅)  | 6室2厅 | 499平米 | 南 | 毛坯 | 有电梯,https://image1.ljcdn.com/shfdfs-image/20171115/982ed936-ad26-4a1e-b4f8-058696a2ce48.jpg.296x216.jpg
20190504,闸北,西藏北路,申桂公寓 3室1厅 850万,850万,申桂公寓  | 3室1厅 | 136.92平米 | 南 | 简装 | 有电梯,https://image1.ljcdn.com/310000-inspection/bde9a879-62a7-4099-a617-d8854fca85cb.jpg.296x216.jpg
20190504,闸北,西藏北路,联富假日公寓 近外滩 南京东路 人民广场,570万,联富假日公寓  | 2室1厅 | 69.56平米 | 南 | 精装 | 有电梯,https://image1.ljcdn.com/310000-inspection/a299a026-3add-48c2-8634-738447f30c3b.jpg.296x216.jpg
20190504,闸北,西藏北路,静安区酒店公寓，管家服务！精装2房，地铁口，屋况好,1000万,华侨城苏河湾(商业类)  | 2室2厅 | 159.04平米 | 西 | 精装,
20190504,闸北,西藏北路,各付税！南花园，上下共4层，带室内电梯,9799万,华侨城苏河湾(别墅)  | 4室2厅 | 593平米 | 南 | 精装 | 有电梯,https://image1.ljcdn.com/shfdfs-image/20171024/41596f55-303a-4085-afaf-6d93d990c331.jpg.296x216.jpg
20190504,闸北,西藏北路,3.4号线，朝南一室户，满五唯一，业主没有税,190万,宝山路499弄  | 1室1厅 | 32.26平米 | 南 | 简装 | 无电梯,https://image1.ljcdn.com/310000-inspection/rsp_pic_upload3aa30e66-860d-4a8d-9056-c59d77d61434.jpg.296x216.jpg
20190504,闸北,西藏北路,满五唯一 无个税  全明户型  采光好 业主诚意出售,600万,灵艺大厦  | 2室1厅 | 93.87平米 | 南 北 | 精装 | 有电梯,https://image1.ljcdn.com/310000-inspection/3e080806-056e-47cc-bf29-5ad324ab7418.jpg.296x216.jpg
20190504,闸北,西藏北路,小区在售两房，房型好，房东诚意出售,556万,天晋小区  | 2室2厅 | 98.2平米 | 南 | 简装 | 有电梯,https://image1.ljcdn.com/shfdfs-image/20160629/4835847c-79ca-49e1-b6d0-a58405ca28ba.jpg.296x216.jpg
20190504,闸北,西藏北路,和源馨苑 1室2厅 415万,415万,和源馨苑  | 1室2厅 | 57.82平米 | 南 | 精装 | 有电梯,https://image1.ljcdn.com/310000-inspection/11351b67-6a88-477d-abeb-2342277ac1aa.jpg.296x216.jpg
20190504,闸北,西藏北路,VR全景急地铁曲阜路1012线，近外滩和南京东路，苏州河,510万,圣和圣广场(公寓)  | 2室1厅 | 56.47平米 | 南 | 简装 | 有电梯,https://image1.ljcdn.com/shfdfs-image/20160906/59c01fe7-a4e8-4f46-b9b5-ae1dfb3dcf9f.jpg.296x216.jpg
20190504,闸北,西藏北路,免增值税，地铁348，配套成熟，生活便利,685万,和源馨苑  | 2室2厅 | 94.35平米 | 南 北 | 简装 | 有电梯,https://image1.ljcdn.com/310000-inspection/2b2264ab-7bdc-4bee-9eb9-20f62fe1bbf2.jpg.296x216.jpg
20190504,闸北,西藏北路,地铁10/12线，近外滩和南京东路，苏州河,730万,联富假日公寓  | 3室2厅 | 91.42平米 | 南 西 | 毛坯 | 有电梯,https://image1.ljcdn.com/310000-inspection/rsp_pic_upload5536fab8-0235-4bc5-ae6e-8f382cf0529b.jpg.296x216.jpg
20190504,闸北,西藏北路,绿洲雅宾利花园(一期) 2室2厅 890万,890万,绿洲雅宾利花园(一期)  | 2室2厅 | 95.56平米 | 南 | 精装 | 有电梯,https://image1.ljcdn.com/x-se/hdic-frame/c0981f74-d1e2-4f69-83a3-59cffd1f79ed.png.280x210.jpg
20190504,闸北,西藏北路,塔尖别墅，露台景观弯道黄浦江，塔尖已成为标杆建筑,18500万,华侨城苏河湾(公寓)  | 4室3厅 | 518.71平米 | 南 | 精装 | 有电梯,https://image1.ljcdn.com/310000-inspection/9c26a885-7c03-496d-b674-79cef3da6ddb.jpg.296x216.jpg
20190504,闸北,西藏北路,经典复式房，近地铁，烫金地段，较便利，税少，好房,700万,华祺苑  | 2室2厅 | 80.14平米 | 南 | 精装 | 有电梯,https://image1.ljcdn.com/shfdfs-image/20151025/d59466fb-cd61-4039-8b53-8dd74243437e.jpg.296x216.jpg
20190504,闸北,西藏北路,复地新都国际 3室2厅 1500万,1500万,复地新都国际  | 3室2厅 | 157.42平米 | 南 北 | 精装 | 有电梯,https://image1.ljcdn.com/310000-inspection/4848dbfc-be33-435b-be3b-b6ee2e8a4431.jpg.296x216.jpg
20190504,闸北,西藏北路,三宝花苑 宝山路站3 4号线 规划好,570万,三宝花苑  | 3室2厅 | 97.44平米 | 西 | 简装 | 有电梯,https://image1.ljcdn.com/310000-inspection/84445ac1-9bc5-426d-9645-98b33ef07ed0.jpg.296x216.jpg
20190504,闸北,西藏北路,南星小区  苏河湾板块 大悦城烫金地段 出行方便！,430万,南星小区  | 2室1厅 | 55.99平米 | 东南 | 毛坯 | 有电梯,https://image1.ljcdn.com/310000-inspection/1c1ab017-e1b6-4131-998c-3012c9beb7e9.jpg.296x216.jpg
20190504,闸北,西藏北路,华侨城苏河湾 正气两房 通燃气 无需户口 潜力地段,1300万,华侨城苏河湾(商业类)  | 2室2厅 | 159.45平米 | 南 | 精装,
20190504,闸北,西藏北路,绿地海悦朝南 视野宽阔 业主诚意出售 看房方便房主自荐,225万,绿地海悦  | 1室1厅 | 54.33平米 | 南 | 简装 | 有电梯,https://image1.ljcdn.com/x-se/hdic-frame/9871626f-491c-4fc5-9150-d0ef31271840.png.280x210.jpg
20190504,闸北,西藏北路,户型方正，楼层高，视野开阔，采光充足，近地铁，好房,400万,中心铂庭  | 2室2厅 | 97平米 | 南 | 精装 | 有电梯,https://image1.ljcdn.com/x-se/hdic-frame/5e4845dd-747e-452d-9d68-e87f681ee5e5.png.280x210.jpg
20190504,闸北,西藏北路,绿洲雅宾利花园(一期) 2室2厅 972万,972万,绿洲雅宾利花园(一期)  | 2室2厅 | 108.58平米 | 南 北 | 精装 | 有电梯,https://image1.ljcdn.com/310000-inspection/8819e959-5788-43e8-9e66-d88de90cdd7a.jpg.296x216.jpg
20190504,闸北,西藏北路,西藏北路板块高区一室户出行地铁8号线生活配套齐全,202万,宝昌路632弄  | 1室1厅 | 33.8平米 | 南 | 其他 | 无电梯,https://image1.ljcdn.com/310000-inspection/37dbebb5-0714-4baf-a50c-2ec949b95f97.jpg.296x216.jpg
20190504,闸北,西藏北路,宝昌路632弄 1室1厅 206万,206万,宝昌路632弄  | 1室1厅 | 34.39平米 | 南 | 其他 | 无电梯,https://image1.ljcdn.com/310000-inspection/e0544f2d-f836-45b7-8dcb-f1adb46aab54.jpg.296x216.jpg
20190504,闸北,西藏北路,苏州河畔别墅 200平花园150平露台 4层带内电梯 3车位,18000万,华侨城苏河湾(别墅)  | 6室3厅 | 639平米 | 南 | 精装 | 有电梯,https://image1.ljcdn.com/310000-inspection/70ef10a4-1885-48dd-a91f-fc040cd34aae.jpg.296x216.jpg
20190504,闸北,西藏北路,百万家装+装修 央企品质 出价即卖 二期中区大两房,1170万,华侨城苏河湾(商业类)  | 2室2厅 | 167.75平米 | 南 | 精装 | 有电梯,
20190504,闸北,西藏北路,苏州河畔，天潼路地铁站10,12，联富假日，大公园,470万,联富假日公寓  | 2室1厅 | 61.34平米 | 南 | 简装 | 有电梯,https://image1.ljcdn.com/310000-inspection/db18b116-c09e-4721-a7ff-7ad98084c5ae.jpg.296x216.jpg
20190504,闸北,西藏北路,苏州河畔，人民广场，大悦城，曲阜路地铁，大公园,556万,天晋小区  | 2室2厅 | 95.45平米 | 南 | 简装 | 有电梯,https://image1.ljcdn.com/310000-inspection/ebef437f-0fac-49b2-9da3-89f7b4756056.jpg.296x216.jpg
20190504,闸北,西藏北路,内环内品质小区 复式五房诚意出售 40平大阳光房 露台,1380万,精文城上城  | 5室3厅 | 203.38平米 | 南 北 | 精装 | 有电梯,https://image1.ljcdn.com/shfdfs-image/20161201/9af7b3e9-4f2c-4a41-ad71-98471a518da2.jpg.296x216.jpg
20190504,闸北,西藏北路,花园小区，人车分流，1梯2户，小高层，满五年唯一新上,810万,精文城上城  | 2室2厅 | 109.87平米 | 南 北 | 精装 | 有电梯,https://image1.ljcdn.com/x-se/hdic-frame/8f7977f0-2543-411f-a1ea-95a9cf379d92.png.280x210.jpg
20190504,闸北,西藏北路,中区三房带保姆间，屋况好，看陆家嘴全景！业主诚售！,3350万,华侨城苏河湾(公寓)  | 3室2厅 | 221.83平米 | 南 北 | 精装 | 有电梯,https://image1.ljcdn.com/shfdfs-image/20160909/9d7b9bf5-2947-4bf4-a9f3-ac85bdb5d0cc.jpg.296x216.jpg
20190504,闸北,西藏北路,华侨城苏河湾(商业类) 4房间2卫 1180万,1180万,华侨城苏河湾(商业类)  | 2室2厅 | 162.76平米 | 南 北 | 精装,
20190504,闸北,西藏北路,上海宝格丽酒店及公寓 3室2厅 2500万,2500万,上海宝格丽酒店及公寓  | 3室2厅 | 171.02平米 | 南 | 精装 | 有电梯,https://image1.ljcdn.com/310000-inspection/4cc7e9a7-eee8-40bd-bb06-b887d6d9a39c.jpg.296x216.jpg
20190504,闸北,西藏北路,大复式 5房3厅4卫，采光和视野相当好，高品质住宅！,3300万,绿洲雅宾利花园(一期)  | 5室3厅 | 325平米 | 南 西 北 | 精装 | 有电梯,https://image1.ljcdn.com/shfdfs-image/20170801/bf0afd76-85a3-4b78-8320-2c4dc096b0f0.jpg.296x216.jpg
20190504,闸北,西藏北路,苏州河畔，大悦城，楼下就是曲阜路地铁，大公园房主自荐,358万,海联公寓  | 1室1厅 | 42.42平米 | 南 | 简装 | 有电梯,https://image1.ljcdn.com/310000-inspection/d71171c5-7c55-447f-9cc2-5f04ab953c45.jpg.296x216.jpg
20190504,闸北,西藏北路,坐拥苏州河，俯瞰黄浦江，浦西江景房,1250万,华侨城苏河湾(商业类)  | 2室2厅 | 166.89平米 | 南 | 精装 | 无电梯,
20190504,闸北,西藏北路,和田小区 2室2厅 600万,600万,和田小区  | 2室2厅 | 94.98平米 | 南 北 | 简装 | 无电梯,https://image1.ljcdn.com/shfdfs-image/20150903/2be4c14b-a2e5-4aff-a3f7-e1e45055deea.jpg.296x216.jpg
20190504,闸北,西藏北路,83年房龄，近地铁3号线，税费各付，看房有钥匙交通便,300万,东宝兴路402号  | 2室1厅 | 46平米 | 南 | 毛坯 | 无电梯,https://image1.ljcdn.com/310000-inspection/ebcd2542-d95c-43f1-a9d7-c72578be09a0.jpg.296x216.jpg
20190504,闸北,西藏北路,新湖青蓝国际 3室2厅 1500万,1500万,新湖青蓝国际  | 3室2厅 | 143平米 | 西南 东北 | 精装,https://image1.ljcdn.com/shfdfs-image/20180110/67848d03-1ed6-40ce-b887-fc1e1dde1a7f.jpg.296x216.jpg
20190504,闸北,西藏北路,金城大厦 1房间1卫 115万,115万,金城大厦  | 1室0厅 | 37.99平米 | 北 | 精装 | 有电梯,https://image1.ljcdn.com/x-se/hdic-frame/0ac73e85-d2c3-4906-b300-e4a903046c95.png.280x210.jpg
20190504,闸北,西藏北路,金城大厦 1房间1卫 127万,127万,金城大厦  | 1室0厅 | 34.96平米 | 北 | 精装 | 有电梯,https://image1.ljcdn.com/x-se/hdic-frame/ee4f6c7c-2f43-4b70-bfd8-1fcf310aff67.png.280x210.jpg
20190504,闸北,西藏北路,税费各付！+全南大三房+有产权车位+04年商品房房主自荐,1030万,永盛苑  | 3室2厅 | 154.53平米 | 南 | 精装 | 有电梯,https://image1.ljcdn.com/x-se/hdic-frame/e542e10f-213a-483b-9c1b-fc4f1828a395.png.280x210.jpg
20190504,闸北,西藏北路,地铁口大房+低总价+诚意出售+看房,950万,灵艺大厦  | 3室2厅 | 162.7平米 | 南 | 简装 | 有电梯,
20190504,闸北,西藏北路,和源馨苑 2室2厅 780万,780万,和源馨苑  | 2室2厅 | 104.35平米 | 南 | 简装 | 有电梯,
20190504,闸北,西藏北路,精装修小户型 自己住   业主诚售单价,133万,金城大厦  | 1室0厅 | 40.28平米 | 北 | 简装 | 有电梯,https://image1.ljcdn.com/x-se/hdic-frame/d894746e-039e-408c-a0a1-3bb64956a27c.png.280x210.jpg
20190504,闸北,西藏北路,华侨城苏河湾优选复式两房，带80平露台，独享空中花园,1300万,华侨城苏河湾(商业类)  | 2室2厅 | 162平米 | 南 | 精装,
20190504,闸北,西藏北路,百万家具+装修 观苏州河 有阳台 央企品质 全南大两房,1300万,华侨城苏河湾(商业类)  | 2室2厅 | 154.42平米 | 南 | 精装,https://image1.ljcdn.com/x-se/hdic-frame/137f894f-c430-4aa5-915f-8899dcdb485a.png.280x210.jpg
20190504,闸北,西藏北路,金城大厦 2房间1卫 160万,160万,金城大厦  | 1室1厅 | 47.75平米 | 南 | 简装 | 有电梯,https://image1.ljcdn.com/x-se/hdic-resblock/b25951c0-ee28-40ed-96a1-050de36c2a90.jpg.296x216.jpg
20190504,闸北,西藏北路,金城大厦 2房间1卫 160万,160万,金城大厦  | 1室1厅 | 47.75平米 | 南 | 简装 | 有电梯,https://image1.ljcdn.com/x-se/hdic-resblock/b25951c0-ee28-40ed-96a1-050de36c2a90.jpg.296x216.jpg
20190504,闸北,西藏北路,金城大厦 2房间1卫 209万,209万,金城大厦  | 1室1厅 | 49.79平米 | 南 | 精装 | 有电梯,https://image1.ljcdn.com/x-se/hdic-resblock/b25951c0-ee28-40ed-96a1-050de36c2a90.jpg.296x216.jpg
20190504,闸北,西藏北路,内环内，没有增值税，地铁8号线，看房方便,280万,光华坊  | 1室1厅 | 36.57平米 | 南 | 精装 | 有电梯,https://image1.ljcdn.com/x-se/hdic-frame/18a2fe97-e154-435f-94b5-82de62606f77.png.280x210.jpg
20190504,闸北,西藏北路,包运大厦 2室1厅 395万,395万,包运大厦  | 2室1厅 | 62.69平米 | 南 | 其他 | 无电梯,https://image1.ljcdn.com/x-se/hdic-frame/c71629e8-2868-4169-8cfe-e22ff2e36638.png.280x210.jpg
20190504,闸北,西藏北路,华侨城苏河湾(商业类) 4房间2卫 1200万,1200万,华侨城苏河湾(商业类)  | 2室2厅 | 159.65平米 | 南 | 精装,
20190504,闸北,西藏北路,朝南精装修一室户 业主诚意出售 8 12号线房主自荐,150万,金城大厦  | 1室0厅 | 37.6平米 | 南 | 简装 | 有电梯,https://image1.ljcdn.com/x-se/hdic-frame/2cce60b6-996c-4c45-8486-17cdb0c1bc14.png.280x210.jpg
20190504,闸北,西藏北路,金城大厦 5房间1卫 155万,155万,金城大厦  | 3室2厅 | 38平米 | 南 | 精装 | 有电梯,https://image1.ljcdn.com/x-se/hdic-resblock/b25951c0-ee28-40ed-96a1-050de36c2a90.jpg.296x216.jpg
20190504,闸北,西藏北路,金城大厦 5房间1卫 225万,225万,金城大厦  | 3室2厅 | 49.79平米 | 南 | 精装 | 有电梯,https://image1.ljcdn.com/x-se/hdic-resblock/b25951c0-ee28-40ed-96a1-050de36c2a90.jpg.296x216.jpg
20190504,闸北,西藏北路,会文路103号 1室1厅 260万,260万,会文路103号  | 1室1厅 | 38.25平米 | 东 | 毛坯,https://image1.ljcdn.com/310000-inspection/rsp_pic_uploadc936cc2a-16a7-48d6-8ee3-11b7ab9ba961.jpg.296x216.jpg
20190504,闸北,西藏北路,各付税佣金！内环内，2010年产权房户型方正，苏州河畔房主自荐,598万,北苑大厦  | 2室2厅 | 125.24平米 | 西北 北 | 简装 | 有电梯,https://image1.ljcdn.com/310000-inspection/prod-cd197862-3373-4870-9fb7-ed7c8373b455.jpg.296x216.jpg
20190504,闸北,西藏北路,人民广场 南京东路  近大悦城，一室户小房型,175万,北市场小区  | 1室0厅 | 18.06平米 | 东北 | 简装,https://image1.ljcdn.com/310000-inspection/ee743abe-a16c-474d-accc-8a528e3f7c27.jpg.296x216.jpg
20190504,闸北,西藏北路,华侨城苏河湾 正气两房 通燃气 无需户口 潜力地段,1200万,华侨城苏河湾(商业类)  | 2室2厅 | 159.45平米 | 南 | 精装,https://image1.ljcdn.com/x-se/hdic-frame/111b4cc3-bb13-48c6-9f36-a8a21458ee82.png.280x210.jpg
20190504,闸北,西藏北路,精文城上城 2室2厅 860万,860万,精文城上城  | 2室2厅 | 107.7平米 | 南 | 精装 | 有电梯,https://image1.ljcdn.com/x-se/hdic-frame/69bab4b1-35bc-43e6-a0f4-bac256e5e32c.png.280x210.jpg
20190504,闸北,西藏北路,万豪公寓 3室2厅 860万新上,860万,万豪公寓  | 3室2厅 | 140.57平米 | 南 | 毛坯 | 有电梯,https://image1.ljcdn.com/x-se/hdic-frame/8d62b2b4-f528-4867-818a-13f05fd604a5.png.280x210.jpg
20190504,闸北,西藏北路,通阁小区 2室1厅 325万新上,325万,通阁小区  | 2室1厅 | 47.64平米 | 南 | 简装 | 无电梯,https://image1.ljcdn.com/x-se/hdic-frame/987c81a1-97d9-421d-8054-b2ff20658fe3.png.280x210.jpg
20190504,闸北,西藏北路,南山小区 2室2厅 810万新上,810万,南山小区  | 2室2厅 | 108.54平米 | 南 | 其他 | 有电梯,
20190504,闸北,西藏北路,户型方正，楼层高，视野开阔，采光充足，近地铁！,200万,中心铂庭  | 1室1厅 | 46.6平米 | 东南 | 简装 | 有电梯,
20190504,闸北,西藏北路,全南方正户型 看苏州河 近地铁大悦城 二手买进税少,490万,中心铂庭  | 2室1厅 | 97平米 | 南 | 精装 | 有电梯,https://image1.ljcdn.com/x-se/hdic-frame/80b1c475-d22f-4144-84ca-3328bba9cc78.png.280x210.jpg
20190504,闸北,西藏北路,永兴小马路80号 3室1厅 510万,510万,永兴小马路80号  | 3室1厅 | 81.79平米 | 东北 | 精装 | 有电梯,https://image1.ljcdn.com/x-se/hdic-frame/53bed217-c68b-4386-bedc-e93e2807f573.png.280x210.jpg
20190504,闸北,西藏北路,华侨城苏河湾(商业类) 5房间3卫 1380万,1380万,华侨城苏河湾(商业类)  | 3室2厅 | 164平米 | 南 | 精装,
20190504,闸北,西藏北路,次新小区，小区环境好，交通便利税费少，业主诚意出售房主自荐,319万,圣和圣广场丽晶馆  | 1室1厅 | 59.75平米 | 南 | 精装 | 有电梯,
20190504,闸北,西藏北路,绿地海悦 2房间1卫 177万,177万,绿地海悦  | 1室1厅 | 50.41平米 | 北 | 简装 | 有电梯,https://image1.ljcdn.com/x-se/hdic-frame/458e5bb0-4fd5-4ab9-813a-23c5d44d2a11.png.280x210.jpg
20190504,闸北,西藏北路,水电煤全通，正气3房，高区视野好，前排无遮挡！！,1350万,华侨城苏河湾(商业类)  | 3室2厅 | 164平米 | 南 | 精装,
20190504,闸北,西藏北路,动迁房小区 两房出售  免增值税  房型方正,620万,和源馨苑  | 2室1厅 | 85平米 | 南 北 | 简装 | 有电梯,
20190504,闸北,西藏北路,置换看过来+人车分流+配套完善+精装看实房,1500万,精文城上城  | 4室2厅 | 208.7平米 | 南 北 | 精装 | 有电梯,
20190504,闸北,西藏北路,小区中间位置  房型正气，正看花园，次新房，闹中取静,2999万,万科翡翠雅宾利  | 5室2厅 | 305平米 | 南 | 精装,
20190504,闸北,西藏北路,华侨城苏河湾(商业类) 5房间3卫 1580万,1580万,华侨城苏河湾(商业类)  | 3室2厅 | 166.96平米 | 南 | 精装,
20190504,闸北,西藏北路,精文城上城 2室1厅 810万,810万,精文城上城  | 2室1厅 | 109.85平米 | 南 | 精装 | 有电梯,https://image1.ljcdn.com/x-se/hdic-frame/f4cc4fae-740f-446c-98e5-2354949fa3b2.png.280x210.jpg
20190504,闸北,西藏北路,兴亚广场(办公楼) 3房间1卫 170万,170万,兴亚广场(办公楼)  | 2室1厅 | 59.86平米 | 西南 | 精装 | 有电梯,
20190504,闸北,西藏北路,奔腾带煤气 总价低 单价低 户型方正 朝小区诚意出售,350万,奔腾新干线  | 1室1厅 | 59.83平米 | 西南 | 简装 | 有电梯,https://image1.ljcdn.com/x-se/hdic-frame/58a0509b-b14d-424c-b3bc-46623f9b80dc.png.280x210.jpg
20190504,闸北,西藏北路,中心铂庭 2房间1卫 196万,196万,中心铂庭  | 1室1厅 | 42.19平米 | 南 | 精装 | 有电梯,
20190504,闸北,西藏北路,中心铂庭 2房间1卫 210万,210万,中心铂庭  | 1室1厅 | 46.6平米 | 南 | 简装 | 有电梯,https://image1.ljcdn.com/x-se/hdic-frame/775dca7e-77a8-419a-aa60-8725f4355ee6.png.280x210.jpg
20190504,闸北,西藏北路,圣和圣广场丽晶馆 2房间1卫 185万,185万,圣和圣广场丽晶馆  | 1室1厅 | 40.3平米 | 东 | 精装 | 有电梯,
20190504,闸北,西藏北路,此房源是小区 高区诚意出售一房 地铁8/12/1号线,175万,中心铂庭  | 1室1厅 | 37.54平米 | 北 | 精装 | 有电梯,
20190504,闸北,西藏北路,中心铂庭 2房间1卫 230万,230万,中心铂庭  | 1室1厅 | 46.6平米 | 东南 | 毛坯 | 有电梯,
20190504,闸北,西藏北路,圣和圣广场丽晶馆 1房间1卫 318万,318万,圣和圣广场丽晶馆  | 1室0厅 | 43.83平米 | 北 | 精装 | 有电梯,
20190504,闸北,西藏北路,昆泰大厦 3室2厅 980万,980万,昆泰大厦  | 3室2厅 | 142平米 | 南 | 简装 | 有电梯,
20190504,闸北,西藏北路,芷江中路459弄 1室1厅 350万,350万,芷江中路459弄  | 1室1厅 | 45.1平米 | 西 | 简装 | 无电梯,https://image1.ljcdn.com/x-se/hdic-frame/438e1e3e-12c0-4278-8837-9cdf41af224f.png.280x210.jpg
20190504,闸北,西藏北路,兴亚广场(公寓) 3室2厅 780万,780万,兴亚广场(公寓)  | 3室2厅 | 128.43平米 | 南 西 北 | 简装 | 有电梯,
20190504,闸北,西藏北路,宝山路499弄 2室0厅 340万,340万,宝山路499弄  | 2室0厅 | 50平米 | 东南 | 其他 | 无电梯,
20190504,闸北,西藏北路,长征大厦 2室2厅 568万,568万,长征大厦  | 2室2厅 | 94.67平米 | 南 | 简装,
20190504,闸北,西藏北路,位于上海母亲河苏州河，近地铁，烫金地段，交通便利,1120万,华侨城苏河湾(商业类)  | 2室2厅 | 151.8平米 | 南 | 精装,
20190504,闸北,西藏北路,圣和静安公馆 3室2厅 1480万,1480万,圣和静安公馆  | 3室2厅 | 141平米 | 南 | 精装,https://image1.ljcdn.com/310000-inspection/prod-21e9ca06-5fc7-41f0-ba10-7a77056d5b13.jpg.296x216.jpg
20190504,闸北,西藏北路,金城大厦 2房间1卫 136万,136万,金城大厦  | 1室1厅 | 37.04平米 | 南 | 精装 | 有电梯,https://image1.ljcdn.com/x-se/hdic-resblock/b25951c0-ee28-40ed-96a1-050de36c2a90.jpg.296x216.jpg
20190504,闸北,西藏北路,万科翡翠雅宾利 5室2厅 2750万,2750万,万科翡翠雅宾利  | 5室2厅 | 306平米 | 南 | 精装,
20190504,闸北,西藏北路,坐拥苏州河，俯瞰黄浦江，沿苏州河品质小区,1200万,华侨城苏河湾(商业类)  | 3室2厅 | 178.56平米 | 南 | 简装,
20190504,闸北,西藏北路,绿地海悦 2房间1卫 210万,210万,绿地海悦  | 1室1厅 | 57.18平米 | 南 | 精装 | 有电梯,https://image1.ljcdn.com/x-se/hdic-resblock/408a93bd-d575-43d1-9fc9-28303a3b445a.jpg.296x216.jpg
20190504,闸北,西藏北路,金城大厦 1房间1卫 190万,190万,金城大厦  | 1室0厅 | 51.73平米 | 暂无数据 | 精装 | 有电梯,https://image1.ljcdn.com/x-se/hdic-resblock/b25951c0-ee28-40ed-96a1-050de36c2a90.jpg.296x216.jpg
20190504,闸北,西藏北路,金城大厦 2房间1卫 150万,150万,金城大厦  | 1室1厅 | 47.75平米 | 南 | 简装 | 有电梯,https://image1.ljcdn.com/x-se/hdic-resblock/b25951c0-ee28-40ed-96a1-050de36c2a90.jpg.296x216.jpg
20190504,闸北,西藏北路,绿洲雅宾利花园(一期) 3室2厅 960万,960万,绿洲雅宾利花园(一期)  | 3室2厅 | 119.91平米 | 南 北 | 其他 | 有电梯,
20190504,闸北,西藏北路,青云路712号 1室1厅 243万,243万,青云路712号  | 1室1厅 | 37.5平米 | 南 | 其他,https://image1.ljcdn.com/x-se/hdic-frame/6c04b0fd-c14b-499a-bb64-761ce27d49e5.png.280x210.jpg
20190504,闸北,西藏北路,此房源优点单价低，缺点没有窗户，所以便宜,370万,天晋小区  | 2室1厅 | 98.2平米 | 南 | 毛坯 | 有电梯,
20190504,闸北,西藏北路,天晋小区 3室2厅 530万,530万,天晋小区  | 3室2厅 | 147.48平米 | 南 | 毛坯 | 有电梯,
20190504,闸北,西藏北路,灵艺大厦 3室2厅 750万,750万,灵艺大厦  | 3室2厅 | 123.22平米 | 南 | 精装 | 有电梯,https://image1.ljcdn.com/x-se/hdic-frame/a39e42a3-c873-494d-ac0d-9d67afc0f8e8.png.280x210.jpg
20190504,闸北,西藏北路,位于苏州河，刷卡登记出入安全小区，24小时安全护航,1350万,华侨城苏河湾(商业类)  | 2室2厅 | 162.68平米 | 暂无数据 | 精装 | 无电梯,
20190504,闸北,西藏北路,华侨城公寓，高区景观房，近地铁，配套成熟,1480万,华侨城苏河湾(商业类)  | 2室1厅 | 165.71平米 | 西南 | 精装,
20190504,闸北,西藏北路,高区景观房 正看苏州河 央企品质 看房随时 诚意出售,1100万,华侨城苏河湾(商业类)  | 2室2厅 | 158平米 | 南 | 精装,https://image1.ljcdn.com/x-se/hdic-frame/7cdf4a51-f5b4-4de7-8122-0fe3ee36420b.png.280x210.jpg
20190504,闸北,西藏北路,圣和圣广场丽晶馆 2房间1卫 170万,170万,圣和圣广场丽晶馆  | 1室1厅 | 43.83平米 | 南 | 简装 | 有电梯,
20190504,闸北,西藏北路,中心铂庭 2房间1卫 190万,190万,中心铂庭  | 1室1厅 | 40.93平米 | 南 | 简装 | 有电梯,https://image1.ljcdn.com/x-se/hdic-frame/ce8e3ced-76bc-4ce0-9589-0db6720dd49f.png.280x210.jpg
20190504,闸北,西藏北路,金城大厦 2房间1卫 170万,170万,金城大厦  | 1室1厅 | 47.75平米 | 南 | 精装 | 有电梯,https://image1.ljcdn.com/x-se/hdic-resblock/b25951c0-ee28-40ed-96a1-050de36c2a90.jpg.296x216.jpg
20190504,闸北,西藏北路,华侨城苏河湾(商业类) 4房间2卫 1250万,1250万,华侨城苏河湾(商业类)  | 2室2厅 | 151平米 | 南 | 精装,
20190504,闸北,西藏北路,华侨城苏河湾(商业类) 4房间2卫 1200万,1200万,华侨城苏河湾(商业类)  | 2室2厅 | 162平米 | 南 | 精装,
20190504,闸北,西藏北路,华侨城公寓，高区景观房，通煤气，近地铁，配套成熟,1800万,华侨城苏河湾(商业类)  | 4室2厅 | 209平米 | 南 北 | 精装 | 有电梯,https://image1.ljcdn.com/x-se/hdic-frame/89e67fa7-0d9f-43a7-b3ef-165425768c06.png.280x210.jpg
20190504,闸北,西藏北路,华侨城苏河湾高区瞰景4房，两梯两户保养好，带大露台,2100万,华侨城苏河湾(商业类)  | 4室2厅 | 235平米 | 西南 | 精装,https://image1.ljcdn.com/x-se/hdic-frame/1e920baa-5874-4fd0-9fae-c66914b43744.png.280x210.jpg
20190504,闸北,西藏北路,华侨城公寓，通煤气，近地铁，配套成熟,1150万,华侨城苏河湾(商业类)  | 3室2厅 | 162.65平米 | 东北 | 精装,
20190504,闸北,西藏北路,金城大厦 2房间1卫 180万,180万,金城大厦  | 1室1厅 | 50.53平米 | 南 | 简装 | 有电梯,https://image1.ljcdn.com/x-se/hdic-frame/eb1aea42-b646-4e07-b30e-a4568aefcc3c.png.280x210.jpg
20190504,闸北,西藏北路,金城大厦 2房间1卫 170万,170万,金城大厦  | 1室1厅 | 41.84平米 | 南 | 其他 | 有电梯,https://image1.ljcdn.com/x-se/hdic-resblock/b25951c0-ee28-40ed-96a1-050de36c2a90.jpg.296x216.jpg
20190504,闸北,西藏北路,高品质，央企华侨城打造，通煤气，近地铁,1150万,华侨城苏河湾(商业类)  | 2室2厅 | 150.72平米 | 南 | 精装,https://image1.ljcdn.com/x-se/hdic-frame/0248806c-6ca8-45c3-af18-508b165d4887.png.280x210.jpg
20190504,闸北,西藏北路,品质小区，人车分流，高区景观两房，业主诚意出售。,1250万,万科翡翠雅宾利  | 2室2厅 | 109平米 | 南 | 精装 | 有电梯,
20190504,闸北,西藏北路,三宝花苑 3室2厅 880万,880万,三宝花苑  | 3室2厅 | 130.83平米 | 南 西 | 精装 | 有电梯,https://image1.ljcdn.com/x-se/hdic-frame/6fffcdb0-87fa-4d09-a446-2b221fecd4ef.png.280x210.jpg
20190504,闸北,西藏北路,中心铂庭 2房间1卫 230万,230万,中心铂庭  | 1室1厅 | 50.37平米 | 北 | 精装 | 有电梯,
20190504,闸北,西藏北路,华侨城苏河湾(商业类) 4房间2卫 1200万,1200万,华侨城苏河湾(商业类)  | 2室2厅 | 160平米 | 南 | 精装,
20190504,闸北,西藏北路,电梯两房，低总价，随时看房，地段好，诚意出售,620万,长城苑  | 2室2厅 | 105平米 | 南 | 精装 | 有电梯,https://image1.ljcdn.com/x-se/hdic-frame/c639daa1-6f34-421c-b3f5-3fa51a1a5dd8.png.280x210.jpg
20190504,闸北,西藏北路,新静安次新小区 新风空调和地暖 人车分流 有会所,1200万,绿洲雅宾利花园(二期)  | 3室2厅 | 134.6平米 | 南 北 | 精装 | 有电梯,https://image1.ljcdn.com/x-se/shfdfs-image/20141209/ff1c5dab-8ba6-4e0e-b384-eb4366a8920a.jpg.280x210.jpg
20190504,闸北,西藏北路,圣和圣广场丽晶馆 2房间1卫 200万,200万,圣和圣广场丽晶馆  | 1室1厅 | 43.83平米 | 北 | 其他 | 有电梯,
20190504,闸北,西藏北路,内环内 电梯房 大悦城 大宁城商圈 满五唯一 诚售内,270万,绿厦小区  | 1室1厅 | 42.89平米 | 南 | 简装 | 有电梯,
20190504,闸北,西藏北路,天晋小区，大悦城，曲阜路地铁，人民广场步行,650万,天晋小区  | 2室1厅 | 95.45平米 | 南 | 精装 | 有电梯,
20190504,闸北,西藏北路,品质小区，中区，总价低，全南户型，业主诚意出售,615万,绿洲雅宾利花园(二期)  | 2室1厅 | 64.29平米 | 南 | 精装 | 有电梯,https://image1.ljcdn.com/x-se/hdic-frame/469a478e-cafe-4e3c-9014-d418789217f8.png.280x210.jpg
20190504,闸北,西藏北路,华祺苑 2室2厅 810万,810万,华祺苑  | 2室2厅 | 105.6平米 | 南 | 简装 | 有电梯,
20190504,闸北,西藏北路,海联公寓 2室1厅 465万,465万,海联公寓  | 2室1厅 | 77.8平米 | 西北 | 毛坯 | 有电梯,
20190504,闸北,西藏北路,天晋小区 3室2厅 730万,730万,天晋小区  | 3室2厅 | 105.23平米 | 南 | 精装 | 有电梯,
20190504,闸北,西藏北路,兴亚广场(办公楼) 2房间1卫 205万,205万,兴亚广场(办公楼)  | 1室1厅 | 60.61平米 | 西 | 简装 | 有电梯,
20190504,闸北,西藏北路,扬波大厦 3室2厅 820万,820万,扬波大厦  | 3室2厅 | 133.8平米 | 南 | 简装 | 有电梯,https://image1.ljcdn.com/x-se/hdic-frame/ac0b412a-c06c-4e05-a497-0c8b3ef507d0.png.280x210.jpg
20190504,闸北,西藏北路,新小区从未入住 正气全明户型 层高3.6米 户型正气,3449万,中粮天悦壹号  | 4室2厅 | 224平米 | 南 | 精装,
20190504,闸北,西藏北路,天晋小区 3室2厅 600万,600万,天晋小区  | 3室2厅 | 110.51平米 | 西南 | 简装 | 有电梯,https://image1.ljcdn.com/x-se/hdic-frame/01f44733-fb9c-4469-9213-e50844ee0b81.png.280x210.jpg
20190504,闸北,西藏北路,中心铂庭 2房间1卫 240万,240万,中心铂庭  | 1室1厅 | 50.37平米 | 北 | 精装 | 有电梯,
20190504,闸北,西藏北路,灵艺大厦 2室1厅 647万,647万,灵艺大厦  | 2室1厅 | 96.73平米 | 南 | 精装 | 有电梯,https://image1.ljcdn.com/x-se/hdic-frame/04a44dad-feab-46bc-b9e1-d270d886c517.png.280x210.jpg
20190504,闸北,西藏北路,兴亚广场(办公楼) 2房间1卫 250万,250万,兴亚广场(办公楼)  | 1室1厅 | 69.8平米 | 东南 | 其他 | 有电梯,
20190504,闸北,西藏北路,蒙特利名都城 3室2厅 1150万,1150万,蒙特利名都城  | 3室2厅 | 138.79平米 | 南 北 | 简装 | 有电梯,https://image1.ljcdn.com/x-se/shfdfs-image/20141226/aa6113e3-7ec3-4b4b-b9e9-0e68470580c2.jpg.280x210.jpg
20190504,闸北,西藏北路,华侨城苏河湾(商业类) 4房间2卫 1560万,1560万,华侨城苏河湾(商业类)  | 2室2厅 | 163平米 | 南 | 精装,
20190504,闸北,西藏北路,中粮天悦壹号顶楼复式，7米挑空客厅，私人空中花园,6299万,中粮天悦壹号  | 4室2厅 | 360平米 | 南 | 毛坯,
20190504,闸北,西藏北路,凯鹏国际大厦 2室2厅 588万,588万,凯鹏国际大厦  | 2室2厅 | 115.72平米 | 西南 | 精装 | 有电梯,https://image1.ljcdn.com/x-se/hdic-frame/53e87aa5-d766-4bce-831e-ca2e102e88ad.png.280x210.jpg
20190504,闸北,西藏北路,总价低  内环内 办公产权 办公自住都可以 通上下水,200万,兴亚广场(办公楼)  | 1室1厅 | 59.15平米 | 北 | 其他 | 有电梯,
20190504,闸北,西藏北路,绿洲雅宾利花园(二期) 3室2厅 1490万,1490万,绿洲雅宾利花园(二期)  | 3室2厅 | 188.47平米 | 南 北 | 精装 | 有电梯,https://image1.ljcdn.com/x-se/shfdfs-image/20141209/d8bd75e0-1839-4a1c-b0ac-c53f1a1d6826.jpg.280x210.jpg
20190504,闸北,西藏北路,近地铁8号线中兴路站，大户型，单价低，诚意出售,1020万,原水小区(闸北)  | 3室2厅 | 164.54平米 | 南 | 简装 | 无电梯,
20190504,闸北,西藏北路,蒙古路20号 2室1厅 460万,460万,蒙古路20号  | 2室1厅 | 54.49平米 | 南 | 其他 | 无电梯,
20190504,闸北,西藏北路,包运大厦 2室1厅 400万,400万,包运大厦  | 2室1厅 | 62.2平米 | 西南 | 其他 | 无电梯,https://image1.ljcdn.com/x-se/hdic-frame/c71629e8-2868-4169-8cfe-e22ff2e36638.png.280x210.jpg
20190504,闸北,西藏北路,南山路71弄 2室1厅 375万,375万,南山路71弄  | 2室1厅 | 62.54平米 | 南 北 | 其他 | 无电梯,https://image1.ljcdn.com/x-se/hdic-frame/6a1aec9a-e2c8-4034-97ee-1093f9aa83a5.png.280x210.jpg
20190504,闸北,西藏北路,二轻小区 1室0厅 230万,230万,二轻小区  | 1室0厅 | 32.7平米 | 南 西 | 其他 | 无电梯,
20190504,闸北,西藏北路,中粮天悦壹号 4室2厅 6300万,6300万,中粮天悦壹号  | 4室2厅 | 360平米 | 南 | 毛坯,https://image1.ljcdn.com/310000-inspection/85079d42-a434-425c-afbe-ee6a56c8acdc.jpg.296x216.jpg
20190504,闸北,西藏北路,广盛公寓 3室2厅 1280万,1280万,广盛公寓  | 3室2厅 | 147.42平米 | 南 | 其他 | 有电梯,https://image1.ljcdn.com/x-se/hdic-frame/d852a4d9-18f0-4cd3-972d-59b36b01f337.png.280x210.jpg
20190504,闸北,西藏北路,光华坊 1室1厅 248万,248万,光华坊  | 1室1厅 | 35.58平米 | 南 | 简装 | 无电梯,
20190504,闸北,西藏北路,复地新都国际 2室2厅 820万,820万,复地新都国际  | 2室2厅 | 87.47平米 | 南 | 精装 | 有电梯,https://image1.ljcdn.com/x-se/hdic-frame/a56eadb2-b609-47ad-b07f-a01b5e0c0c02.png.280x210.jpg
20190504,闸北,西藏北路,二轻小区 1室0厅 205万,205万,二轻小区  | 1室0厅 | 29.89平米 | 南 | 其他 | 无电梯,https://image1.ljcdn.com/x-se/hdic-frame/95ba8071-d06e-4909-b2e4-380a5241125d.png.280x210.jpg
20190504,闸北,西藏北路,北市场小区 1室1厅 260万,260万,北市场小区  | 1室1厅 | 35.77平米 | 南 | 精装,
20190504,闸北,西藏北路,象山小区 2室1厅 370万,370万,象山小区  | 2室1厅 | 45平米 | 南 | 其他 | 无电梯,
20190504,闸北,西藏北路,农房熙藏苑 3室2厅 1950万,1950万,农房熙藏苑  | 3室2厅 | 147平米 | 南 北 | 精装 | 有电梯,
20190504,闸北,西藏北路,华侨城苏河湾(商业类) 5房间3卫 1350万,1350万,华侨城苏河湾(商业类)  | 3室2厅 | 164平米 | 南 | 精装,
20190504,闸北,西藏北路,复元坊 1室1厅 235万新上,235万,复元坊  | 1室1厅 | 33.04平米 | 南 | 精装 | 无电梯,
20190504,闸北,西藏北路,复元坊 1室1厅 255万新上,255万,复元坊  | 1室1厅 | 33.22平米 | 南 | 其他 | 无电梯,https://image1.ljcdn.com/x-se/hdic-frame/d50e0194-e718-4e67-9059-8f124c049259.png.280x210.jpg
