20190504,长宁,中山公园,凯欣豪园,98641元/m2,41套在售二手房
20190504,长宁,中山公园,上海花城,71591元/m2,5套在售二手房
20190504,长宁,中山公园,绿地海怡公寓,75268元/m2,16套在售二手房
20190504,长宁,中山公园,虹桥万博花园,80053元/m2,14套在售二手房
20190504,长宁,中山公园,春天花园,79340元/m2,12套在售二手房
20190504,长宁,中山公园,虹桥河滨花园,79637元/m2,5套在售二手房
20190504,长宁,中山公园,虹桥新城,73231元/m2,8套在售二手房
20190504,长宁,中山公园,长宁88金廷,98920元/m2,3套在售二手房
20190504,长宁,中山公园,圣约翰名邸,86113元/m2,9套在售二手房
20190504,长宁,中山公园,路易凯旋宫,88312元/m2,12套在售二手房
20190504,长宁,中山公园,愚园公馆,109890元/m2,5套在售二手房
20190504,长宁,中山公园,兆丰嘉园,94789元/m2,7套在售二手房
20190504,长宁,中山公园,鸿凯湾绿苑,93847元/m2,5套在售二手房
20190504,长宁,中山公园,中山公寓,82538元/m2,5套在售二手房
20190504,长宁,中山公园,新时空国际商务广场,44957元/m2,28套在售二手房
20190504,长宁,中山公园,大家源新城,81402元/m2,3套在售二手房
20190504,长宁,中山公园,虹桥世家花园(公寓),64496元/m2,0套在售二手房
20190504,长宁,中山公园,利星国际广场,82335元/m2,7套在售二手房
20190504,长宁,中山公园,城宁花苑,89060元/m2,2套在售二手房
20190504,长宁,中山公园,万航小区,65771元/m2,17套在售二手房
20190504,长宁,中山公园,武夷花园,78188元/m2,3套在售二手房
20190504,长宁,中山公园,三泾南宅,73818元/m2,14套在售二手房
20190504,长宁,中山公园,兆丰花园,69385元/m2,7套在售二手房
20190504,长宁,中山公园,虹桥馨苑,72515元/m2,3套在售二手房
20190504,长宁,中山公园,天山二村,71106元/m2,21套在售二手房
20190504,长宁,中山公园,悦达花苑,72757元/m2,5套在售二手房
20190504,长宁,中山公园,科宁公寓,58603元/m2,11套在售二手房
20190504,长宁,中山公园,宁康小区,76797元/m2,6套在售二手房
20190504,长宁,中山公园,民心小区,72427元/m2,17套在售二手房
20190504,长宁,中山公园,长江小区,69653元/m2,10套在售二手房
20190504,长宁,中山公园,虹德苑,73869元/m2,2套在售二手房
20190504,长宁,中山公园,南辉小区,88525元/m2,16套在售二手房
20190504,长宁,中山公园,长宁路1600弄,58955元/m2,7套在售二手房
20190504,长宁,中山公园,清宁小区,61642元/m2,10套在售二手房
20190504,长宁,中山公园,朗诗虹桥绿郡(公寓),102671元/m2,1套在售二手房
20190504,长宁,中山公园,宁锦小区,58995元/m2,2套在售二手房
20190504,长宁,中山公园,煜王苑,77408元/m2,0套在售二手房
20190504,长宁,中山公园,仲信苑,80363元/m2,6套在售二手房
20190504,长宁,中山公园,华秀小区,65566元/m2,8套在售二手房
20190504,长宁,中山公园,虹桥向日葵公寓,67767元/m2,2套在售二手房
20190504,长宁,中山公园,遵义小区,59407元/m2,4套在售二手房
20190504,长宁,中山公园,长宁路1488弄,57822元/m2,6套在售二手房
20190504,长宁,中山公园,新风小区,62871元/m2,3套在售二手房
20190504,长宁,中山公园,富都花园,56830元/m2,1套在售二手房
20190504,长宁,中山公园,长源小区,76545元/m2,3套在售二手房
20190504,长宁,中山公园,天山三村,61592元/m2,17套在售二手房
20190504,长宁,中山公园,金谷苑,73402元/m2,5套在售二手房
20190504,长宁,中山公园,万华小区,70708元/m2,8套在售二手房
20190504,长宁,中山公园,中阳小区,64064元/m2,7套在售二手房
20190504,长宁,中山公园,五环大楼,57622元/m2,8套在售二手房
20190504,长宁,中山公园,耀华小区,63599元/m2,3套在售二手房
20190504,长宁,中山公园,宣化小区,88814元/m2,5套在售二手房
20190504,长宁,中山公园,花园村雅苑,76963元/m2,0套在售二手房
20190504,长宁,中山公园,长新小区(长宁),72330元/m2,4套在售二手房
20190504,长宁,中山公园,三泾北宅小区,73256元/m2,6套在售二手房
20190504,长宁,中山公园,大桥小区,65449元/m2,15套在售二手房
20190504,长宁,中山公园,友谊小区,59509元/m2,6套在售二手房
20190504,长宁,中山公园,海厦小区,72296元/m2,3套在售二手房
20190504,长宁,中山公园,长峰大厦,46833元/m2,5套在售二手房
20190504,长宁,中山公园,天诚花苑,71418元/m2,3套在售二手房
20190504,长宁,中山公园,虹德苑,73869元/m2,2套在售二手房
20190504,长宁,中山公园,金谷苑,73402元/m2,5套在售二手房
20190504,长宁,中山公园,城宁花苑,89060元/m2,2套在售二手房
20190504,长宁,中山公园,兆丰大厦,53254元/m2,2套在售二手房
20190504,长宁,中山公园,大家源新城,81402元/m2,3套在售二手房
20190504,长宁,中山公园,武夷花园,78188元/m2,3套在售二手房
20190504,长宁,中山公园,天山小区,67064元/m2,0套在售二手房
20190504,长宁,中山公园,利星国际广场,82335元/m2,7套在售二手房
20190504,长宁,中山公园,长宁路1488弄,57822元/m2,6套在售二手房
20190504,长宁,中山公园,定西路1235弄,69090元/m2,10套在售二手房
20190504,长宁,中山公园,天山三村,61592元/m2,17套在售二手房
20190504,长宁,中山公园,新衡公寓,63729元/m2,4套在售二手房
20190504,长宁,中山公园,欣怡小区,67720元/m2,4套在售二手房
20190504,长宁,中山公园,三泾北宅小区,73256元/m2,6套在售二手房
20190504,长宁,中山公园,大桥小区,65449元/m2,15套在售二手房
20190504,长宁,中山公园,宣化小区,88814元/m2,5套在售二手房
20190504,长宁,中山公园,国泰大厦,74325元/m2,4套在售二手房
20190504,长宁,中山公园,长宁路234弄,66219元/m2,5套在售二手房
20190504,长宁,中山公园,华苑小区,66482元/m2,5套在售二手房
20190504,长宁,中山公园,虹桥国际大厦,54999元/m2,7套在售二手房
20190504,长宁,中山公园,长乐大厦(长宁),69315元/m2,5套在售二手房
20190504,长宁,中山公园,安阳小区,64505元/m2,5套在售二手房
20190504,长宁,中山公园,安化路417号,62717元/m2,2套在售二手房
20190504,长宁,中山公园,欣纪苑,67716元/m2,0套在售二手房
20190504,长宁,中山公园,中二小区,75651元/m2,6套在售二手房
20190504,长宁,中山公园,宁锦小区,58995元/m2,2套在售二手房
20190504,长宁,中山公园,花园村雅苑,76963元/m2,0套在售二手房
20190504,长宁,中山公园,佳达新苑,68015元/m2,2套在售二手房
20190504,长宁,中山公园,新风小区,62871元/m2,3套在售二手房
20190504,长宁,中山公园,遵义小区,59407元/m2,4套在售二手房
20190504,长宁,中山公园,星火大楼,62265元/m2,1套在售二手房
20190504,长宁,中山公园,玉屏小区,59614元/m2,11套在售二手房
20190504,长宁,中山公园,华江大楼,68204元/m2,5套在售二手房
20190504,长宁,中山公园,华馨小区,67518元/m2,2套在售二手房
20190504,长宁,中山公园,大华公寓(长宁),57364元/m2,4套在售二手房
20190504,长宁,中山公园,长宁路234弄,66219元/m2,5套在售二手房
20190504,长宁,中山公园,南天大厦,63833元/m2,5套在售二手房
20190504,长宁,中山公园,欣怡小区,67720元/m2,4套在售二手房
20190504,长宁,中山公园,武定大厦,68522元/m2,1套在售二手房
20190504,长宁,中山公园,天山路1726弄,59845元/m2,2套在售二手房
20190504,长宁,中山公园,古北路371弄,58459元/m2,1套在售二手房
20190504,长宁,中山公园,笠园凯旋坊,59960元/m2,1套在售二手房
20190504,长宁,中山公园,昭化小区,74491元/m2,5套在售二手房
20190504,长宁,中山公园,宁定大楼,58486元/m2,1套在售二手房
20190504,长宁,中山公园,宣化路268弄,96879元/m2,4套在售二手房
20190504,长宁,中山公园,长宁大厦,65064元/m2,3套在售二手房
20190504,长宁,中山公园,江苏路186弄,72756元/m2,1套在售二手房
20190504,长宁,中山公园,中包公寓,82353元/m2,2套在售二手房
20190504,长宁,中山公园,兆丰苑,75028元/m2,0套在售二手房
20190504,长宁,中山公园,遵义西大楼,62997元/m2,0套在售二手房
20190504,长宁,中山公园,武夷路450弄,69536元/m2,3套在售二手房
20190504,长宁,中山公园,朗诗虹桥绿郡(别墅),101227元/m2,1套在售二手房
20190504,长宁,中山公园,金阳小区,73808元/m2,4套在售二手房
20190504,长宁,中山公园,碧云公寓,66874元/m2,5套在售二手房
20190504,长宁,中山公园,安化路111弄,65089元/m2,3套在售二手房
20190504,长宁,中山公园,花园大厦,58304元/m2,0套在售二手房
20190504,长宁,中山公园,愚园路1032弄131支弄,85898元/m2,3套在售二手房
20190504,长宁,中山公园,联业大楼,65324元/m2,4套在售二手房
20190504,长宁,中山公园,中意小区,125362元/m2,0套在售二手房
20190504,长宁,中山公园,天山小区,67064元/m2,0套在售二手房
20190504,长宁,中山公园,秀水楼,71440元/m2,2套在售二手房
20190504,长宁,中山公园,武夷大楼,72607元/m2,3套在售二手房
20190504,长宁,中山公园,建宁大厦,80957元/m2,1套在售二手房
20190504,长宁,中山公园,范北小区,71247元/m2,3套在售二手房
20190504,长宁,中山公园,中山学林苑,暂无,1套在售二手房
20190504,长宁,中山公园,益健小区,67217元/m2,6套在售二手房
20190504,长宁,中山公园,利安小区,77220元/m2,1套在售二手房
20190504,长宁,中山公园,天义小区,49807元/m2,2套在售二手房
20190504,长宁,中山公园,岐山村,137681元/m2,0套在售二手房
20190504,长宁,中山公园,昭化路60弄,69245元/m2,6套在售二手房
20190504,长宁,中山公园,天山商厦,46211元/m2,3套在售二手房
20190504,长宁,中山公园,宏业花园,147894元/m2,3套在售二手房
20190504,长宁,中山公园,家电大楼,65883元/m2,2套在售二手房
20190504,长宁,中山公园,华航小区,73994元/m2,1套在售二手房
20190504,长宁,中山公园,宁强小区,76943元/m2,2套在售二手房
20190504,长宁,中山公园,锦屏路10弄,58084元/m2,2套在售二手房
20190504,长宁,中山公园,兴安小区,172583元/m2,1套在售二手房
20190504,长宁,中山公园,华阳公寓,81058元/m2,2套在售二手房
20190504,长宁,中山公园,强家渡小区,59048元/m2,1套在售二手房
20190504,长宁,中山公园,华阳路172弄,67490元/m2,1套在售二手房
20190504,长宁,中山公园,家化小区,55174元/m2,1套在售二手房
20190504,长宁,中山公园,江苏路162弄,61517元/m2,3套在售二手房
20190504,长宁,中山公园,中山大楼(长宁),69748元/m2,1套在售二手房
20190504,长宁,中山公园,中山西路640号,56960元/m2,2套在售二手房
20190504,长宁,中山公园,名光大厦,57399元/m2,2套在售二手房
20190504,长宁,中山公园,宣化路52弄,98571元/m2,1套在售二手房
20190504,长宁,中山公园,昭化路55弄,63796元/m2,5套在售二手房
20190504,长宁,中山公园,海伦公寓,70085元/m2,0套在售二手房
20190504,长宁,中山公园,福安大厦(长宁),75612元/m2,1套在售二手房
20190504,长宁,中山公园,长联大厦,65105元/m2,2套在售二手房
20190504,长宁,中山公园,玉屏南路45号,暂无,0套在售二手房
20190504,长宁,中山公园,武夷路70弄,暂无,0套在售二手房
20190504,长宁,中山公园,安化路201号,76219元/m2,0套在售二手房
20190504,长宁,中山公园,长宁支路322号,暂无,0套在售二手房
20190504,长宁,中山公园,安化路327号,78358元/m2,0套在售二手房
20190504,长宁,中山公园,愚园路1112弄,暂无,0套在售二手房
20190504,长宁,中山公园,武夷路284弄,暂无,0套在售二手房
20190504,长宁,中山公园,安化路185号,暂无,0套在售二手房
20190504,长宁,中山公园,安化路307号,57195元/m2,0套在售二手房
20190504,长宁,中山公园,武夷路160弄,暂无,0套在售二手房
20190504,长宁,中山公园,安化路529号,71004元/m2,0套在售二手房
20190504,长宁,中山公园,江苏路132弄,暂无,0套在售二手房
20190504,长宁,中山公园,武夷路415号,36473元/m2,0套在售二手房
20190504,长宁,中山公园,华阳小区,61532元/m2,0套在售二手房
20190504,长宁,中山公园,江苏路46弄,50000元/m2,0套在售二手房
20190504,长宁,中山公园,武夷路159号,60254元/m2,0套在售二手房
20190504,长宁,中山公园,玉屏南路199号,60293元/m2,0套在售二手房
20190504,长宁,中山公园,玉屏南路39号,66099元/m2,0套在售二手房
20190504,长宁,中山公园,玉屏南路35号,64844元/m2,0套在售二手房
20190504,长宁,中山公园,万航渡路2550号,67698元/m2,0套在售二手房
20190504,长宁,中山公园,华阳小苑,78054元/m2,0套在售二手房
20190504,长宁,中山公园,云都公寓,45636元/m2,0套在售二手房
20190504,长宁,中山公园,科宁小区,80188元/m2,0套在售二手房
20190504,长宁,中山公园,武夷路177号,66795元/m2,0套在售二手房
20190504,长宁,中山公园,长宁路1455号,57302元/m2,0套在售二手房
20190504,长宁,中山公园,玉屏南路207号,50132元/m2,0套在售二手房
20190504,长宁,中山公园,原水小区,74074元/m2,0套在售二手房
20190504,长宁,中山公园,愚园路1223号,暂无,0套在售二手房
20190504,长宁,中山公园,安化路211号,暂无,0套在售二手房
20190504,长宁,中山公园,愚园路1382号,暂无,0套在售二手房
20190504,长宁,中山公园,西诸安浜路435弄,71511元/m2,1套在售二手房
20190504,长宁,中山公园,中山西路424弄,56979元/m2,0套在售二手房
20190504,长宁,中山公园,盛业公寓,73418元/m2,2套在售二手房
20190504,长宁,中山公园,万航渡路2546号,58849元/m2,2套在售二手房
20190504,长宁,中山公园,昭化路307号,59126元/m2,0套在售二手房
20190504,长宁,中山公园,御华名苑(公寓),40402元/m2,0套在售二手房
20190504,长宁,中山公园,紫云小区,暂无,0套在售二手房
20190504,长宁,中山公园,长宁支路310弄,101220元/m2,0套在售二手房
20190504,长宁,中山公园,银都公寓,62558元/m2,2套在售二手房
20190504,长宁,中山公园,御华名苑(别墅),暂无,0套在售二手房
20190504,长宁,中山公园,武夷路219弄,56878元/m2,0套在售二手房
20190504,长宁,中山公园,利西路47弄,79369元/m2,1套在售二手房
20190504,长宁,中山公园,武夷路418弄,70217元/m2,2套在售二手房
20190504,长宁,中山公园,科宁小区,80188元/m2,0套在售二手房
20190504,长宁,中山公园,公信绿地大楼,73701元/m2,0套在售二手房
20190504,长宁,中山公园,金森大厦,71788元/m2,1套在售二手房
20190504,长宁,中山公园,天山路1922弄,71763元/m2,2套在售二手房
20190504,长宁,中山公园,凯旋路10弄,69902元/m2,1套在售二手房
20190504,长宁,中山公园,利西路280弄,61703元/m2,2套在售二手房
20190504,长宁,中山公园,天山路1920弄,66667元/m2,1套在售二手房
20190504,长宁,中山公园,玉屏南路39号,66099元/m2,0套在售二手房
20190504,长宁,中山公园,采芝村,152143元/m2,0套在售二手房
20190504,长宁,中山公园,长宁支路279弄,93563元/m2,0套在售二手房
20190504,长宁,中山公园,大西别墅,50209元/m2,0套在售二手房
20190504,长宁,中山公园,安化路415号,52814元/m2,0套在售二手房
20190504,长宁,中山公园,愚园路993号,94047元/m2,1套在售二手房
20190504,长宁,中山公园,利西路24弄,71262元/m2,3套在售二手房
20190504,长宁,中山公园,安化路300弄,55144元/m2,1套在售二手房
20190504,长宁,中山公园,原水小区,74074元/m2,0套在售二手房
20190504,长宁,中山公园,遵义路700号,58017元/m2,0套在售二手房
20190504,长宁,中山公园,长宁路690弄,67187元/m2,0套在售二手房
20190504,长宁,中山公园,SOHO天山广场,暂无,0套在售二手房
20190504,长宁,中山公园,玉屏南路45号,暂无,0套在售二手房
20190504,长宁,中山公园,安化路129号,暂无,0套在售二手房
20190504,长宁,中山公园,长宁支路326弄,58462元/m2,0套在售二手房
20190504,长宁,中山公园,愚园路1366号,暂无,0套在售二手房
20190504,长宁,中山公园,玉屏南路94号,暂无,0套在售二手房
20190504,长宁,中山公园,玉屏南路15、17、19号,暂无,0套在售二手房
20190504,长宁,中山公园,玉屏南路537号,暂无,0套在售二手房
20190504,长宁,中山公园,玉屏南路329号,暂无,0套在售二手房
20190504,长宁,中山公园,古北路189号,暂无,0套在售二手房
20190504,长宁,中山公园,古北路5号,暂无,0套在售二手房
20190504,长宁,中山公园,古北路339号,暂无,0套在售二手房
20190504,长宁,中山公园,遵义路829号,暂无,0套在售二手房
20190504,长宁,中山公园,遵义路518号,暂无,0套在售二手房
20190504,长宁,中山公园,娄山关路766号,暂无,0套在售二手房
20190504,长宁,中山公园,娄山关路1020号,暂无,0套在售二手房
20190504,长宁,中山公园,安西路506号,暂无,0套在售二手房
20190504,长宁,中山公园,武夷路447号,暂无,0套在售二手房
20190504,长宁,中山公园,武夷路585号,暂无,0套在售二手房
20190504,长宁,中山公园,武夷路779号,暂无,0套在售二手房
20190504,长宁,中山公园,武夷路450弄17号,暂无,0套在售二手房
20190504,长宁,中山公园,武夷路492号,暂无,0套在售二手房
20190504,长宁,中山公园,武夷路587号,暂无,0套在售二手房
20190504,长宁,中山公园,武夷路630号,暂无,0套在售二手房
20190504,长宁,中山公园,天山路936号,暂无,0套在售二手房
20190504,长宁,中山公园,延安西路1239号,暂无,0套在售二手房
20190504,长宁,中山公园,天山路900号,暂无,0套在售二手房
20190504,长宁,中山公园,江苏路80号,暂无,0套在售二手房
20190504,长宁,中山公园,长宁路1840号,暂无,0套在售二手房
20190504,长宁,中山公园,云雾山路23号,70175元/m2,0套在售二手房
20190504,长宁,中山公园,万航渡路2538号,61162元/m2,1套在售二手房
20190504,长宁,中山公园,江苏北路115号,76019元/m2,1套在售二手房
20190504,长宁,中山公园,申晨公寓,78098元/m2,1套在售二手房
20190504,长宁,中山公园,愚园路1249弄,102941元/m2,1套在售二手房
20190504,长宁,中山公园,玉屏南路201号,59799元/m2,2套在售二手房
20190504,长宁,中山公园,安化路529号,71004元/m2,0套在售二手房
20190504,长宁,中山公园,安化公寓,暂无,0套在售二手房
20190504,长宁,中山公园,宣化路229号,90195元/m2,0套在售二手房
20190504,长宁,中山公园,万航渡路2540号,64044元/m2,0套在售二手房
20190504,长宁,中山公园,安定村,暂无,1套在售二手房
20190504,长宁,中山公园,宣化路221号,102483元/m2,1套在售二手房
20190504,长宁,中山公园,迅发公寓,64716元/m2,0套在售二手房
20190504,长宁,中山公园,安西路320弄,暂无,0套在售二手房
20190504,长宁,中山公园,利西路230号,66988元/m2,0套在售二手房
20190504,长宁,中山公园,安化路400号,63598元/m2,2套在售二手房
20190504,长宁,中山公园,天山路840弄,50000元/m2,0套在售二手房
20190504,长宁,中山公园,昭化路309号,70632元/m2,0套在售二手房
20190504,长宁,中山公园,天山路1761弄1支弄,68588元/m2,0套在售二手房
20190504,长宁,中山公园,宣化路233号,106202元/m2,0套在售二手房
20190504,长宁,中山公园,安西路20弄,79388元/m2,1套在售二手房
20190504,长宁,中山公园,华阳路60号,65268元/m2,1套在售二手房
20190504,长宁,中山公园,茅台路200弄,暂无,0套在售二手房
20190504,长宁,中山公园,武夷路491弄,70000元/m2,1套在售二手房
20190504,长宁,中山公园,武夷路207弄,34530元/m2,0套在售二手房
20190504,长宁,中山公园,宣化路217号,77857元/m2,1套在售二手房
20190504,长宁,中山公园,宣化路227号,100086元/m2,1套在售二手房
20190504,长宁,中山公园,云雾山路3号,55142元/m2,0套在售二手房
20190504,长宁,中山公园,玉屏南路35号,64844元/m2,0套在售二手房
20190504,长宁,中山公园,武夷路177号,66795元/m2,0套在售二手房
20190504,长宁,中山公园,昭化路593号,暂无,0套在售二手房
20190504,长宁,中山公园,愚园路1075号,暂无,0套在售二手房
20190504,长宁,中山公园,愚园路1329号,暂无,0套在售二手房
20190504,长宁,中山公园,玉屏南路526号,暂无,0套在售二手房
20190504,长宁,中山公园,长寿路1488号,暂无,0套在售二手房
20190504,长宁,中山公园,长宁路2035号,暂无,0套在售二手房
20190504,长宁,中山公园,昭化路525号,暂无,0套在售二手房
20190504,长宁,中山公园,古北路77号,暂无,0套在售二手房
20190504,长宁,中山公园,武夷路174号,暂无,0套在售二手房
20190504,长宁,中山公园,安化路181号,暂无,0套在售二手房
20190504,长宁,中山公园,武夷路458号,暂无,0套在售二手房
20190504,长宁,中山公园,凯旋路901号,暂无,0套在售二手房
20190504,长宁,中山公园,绿洲大厦,暂无,0套在售二手房
20190504,长宁,中山公园,中山西路262号,暂无,0套在售二手房
20190504,长宁,中山公园,联通大厦,暂无,0套在售二手房
20190504,长宁,中山公园,弘基创邑国际园,暂无,0套在售二手房
20190504,长宁,中山公园,凯旋路130号,暂无,0套在售二手房
20190504,长宁,中山公园,安西路655号,暂无,0套在售二手房
20190504,长宁,中山公园,雷迪大厦,暂无,0套在售二手房
20190504,长宁,中山公园,春秋国际大厦,暂无,0套在售二手房
20190504,长宁,中山公园,汇川路93号,暂无,0套在售二手房
20190504,长宁,中山公园,尚街LOFT长宁会馆,暂无,0套在售二手房
20190504,长宁,中山公园,汇川路456号,暂无,0套在售二手房
20190504,长宁,中山公园,武夷路188号,暂无,0套在售二手房
20190504,长宁,中山公园,安西路368号,暂无,0套在售二手房
20190504,长宁,中山公园,利西路160弄,暂无,0套在售二手房
20190504,长宁,中山公园,武夷路52弄,暂无,0套在售二手房
20190504,长宁,中山公园,凯旋路136号,暂无,0套在售二手房
20190504,长宁,中山公园,荣兆园区,暂无,0套在售二手房
20190504,长宁,中山公园,天山路1755号,暂无,0套在售二手房
20190504,长宁,中山公园,玉屏南路725号,61094元/m2,0套在售二手房
20190504,长宁,中山公园,云雾山路13号,53462元/m2,0套在售二手房
20190504,长宁,中山公园,西诸安浜路503号,78683元/m2,1套在售二手房
20190504,长宁,中山公园,定西路1238号,38759元/m2,1套在售二手房
20190504,长宁,中山公园,锦屏公寓,暂无,0套在售二手房
20190504,长宁,中山公园,安化路417号,62717元/m2,2套在售二手房
20190504,长宁,中山公园,昭化路301号,61017元/m2,2套在售二手房
20190504,长宁,中山公园,云雾山路15号,59805元/m2,0套在售二手房
20190504,长宁,中山公园,安化路117号,81818元/m2,0套在售二手房
20190504,长宁,中山公园,云雾山路21号,暂无,0套在售二手房
20190504,长宁,中山公园,安化路277号,暂无,0套在售二手房
20190504,长宁,中山公园,延安西路1547弄,暂无,0套在售二手房
20190504,长宁,中山公园,万航渡路2534号,50475元/m2,0套在售二手房
20190504,长宁,中山公园,江苏北路107号,75885元/m2,1套在售二手房
20190504,长宁,中山公园,宣化路223号,86574元/m2,0套在售二手房
20190504,长宁,中山公园,华阳路219号,暂无,0套在售二手房
20190504,长宁,中山公园,安化路177号,暂无,0套在售二手房
20190504,长宁,中山公园,玉屏南路721弄,65350元/m2,0套在售二手房
20190504,长宁,中山公园,延安西路949弄,暂无,0套在售二手房
20190504,长宁,中山公园,华阳路223号,80519元/m2,0套在售二手房
20190504,长宁,中山公园,华阳路224弄,82540元/m2,1套在售二手房
20190504,长宁,中山公园,宣化路231号,99460元/m2,1套在售二手房
20190504,长宁,中山公园,遵义路720号,52170元/m2,1套在售二手房
20190504,长宁,中山公园,万航渡路1490号,76484元/m2,1套在售二手房
20190504,长宁,中山公园,愚园路1382号,暂无,0套在售二手房
20190504,长宁,中山公园,玉屏南路57号,暂无,0套在售二手房
20190504,长宁,中山公园,昭化路305号,129032元/m2,0套在售二手房
20190504,长宁,中山公园,武夷路95弄,68181元/m2,0套在售二手房
20190504,长宁,中山公园,武夷路284号,暂无,0套在售二手房
20190504,长宁,中山公园,玉屏南路199号,60293元/m2,0套在售二手房
20190504,长宁,中山公园,武夷路160弄,暂无,0套在售二手房
20190504,长宁,中山公园,华阳小区,61532元/m2,0套在售二手房
20190504,长宁,中山公园,武夷路159号,60254元/m2,0套在售二手房
20190504,长宁,中山公园,长宁支路326弄,58462元/m2,0套在售二手房
20190504,长宁,中山公园,愚园路1169号,暂无,0套在售二手房
20190504,长宁,中山公园,凯旋路122号,72058元/m2,0套在售二手房
20190504,长宁,中山公园,万航渡路2502号,59401元/m2,0套在售二手房
20190504,长宁,中山公园,尚街LOFT长宁会馆,暂无,0套在售二手房
20190504,长宁,中山公园,宣化路149号,暂无,0套在售二手房
20190504,长宁,中山公园,天山路761号,暂无,0套在售二手房
20190504,长宁,中山公园,万航渡路1523号,暂无,0套在售二手房
20190504,长宁,中山公园,中山西路652弄,63291元/m2,1套在售二手房
20190504,长宁,中山公园,玉屏南路49号,52714元/m2,0套在售二手房
20190504,长宁,中山公园,愚园路1163号,91209元/m2,0套在售二手房
20190504,长宁,中山公园,安化路413号,65322元/m2,0套在售二手房
20190504,长宁,中山公园,西诸安浜路501号,97752元/m2,0套在售二手房
20190504,长宁,中山公园,安化路394号,71825元/m2,0套在售二手房
20190504,长宁,中山公园,利西路52号,79611元/m2,0套在售二手房
20190504,长宁,中山公园,安化路309号,70046元/m2,0套在售二手房
20190504,长宁,中山公园,安化路323号,72614元/m2,1套在售二手房
20190504,长宁,中山公园,武夷路295弄,88607元/m2,1套在售二手房
20190504,长宁,中山公园,安化路211号,暂无,0套在售二手房
20190504,长宁,中山公园,利西路166号,80065元/m2,0套在售二手房
20190504,长宁,中山公园,玉屏南路59号,71502元/m2,0套在售二手房
20190504,长宁,中山公园,安化路319号,72286元/m2,0套在售二手房
20190504,长宁,中山公园,昭化路311号,69964元/m2,0套在售二手房
20190504,长宁,中山公园,万航渡路2544号,62756元/m2,1套在售二手房
20190504,长宁,中山公园,武夷路70弄,暂无,0套在售二手房
20190504,长宁,中山公园,娄山关路764弄,84615元/m2,0套在售二手房
20190504,长宁,中山公园,武夷路311弄,67288元/m2,0套在售二手房
20190504,长宁,中山公园,安化路125号,50320元/m2,0套在售二手房
20190504,长宁,中山公园,明珠小区(长宁),暂无,0套在售二手房
20190504,长宁,中山公园,昭化路311号,69964元/m2,0套在售二手房
20190504,长宁,中山公园,安化路319号,72286元/m2,0套在售二手房
20190504,长宁,中山公园,玉屏南路59号,71502元/m2,0套在售二手房
20190504,长宁,中山公园,利西路166号,80065元/m2,0套在售二手房
20190504,长宁,中山公园,万航渡路2544号,62756元/m2,1套在售二手房
20190504,长宁,中山公园,安化路211号,暂无,0套在售二手房
20190504,长宁,中山公园,玉屏南路329号,暂无,0套在售二手房
20190504,长宁,中山公园,武夷路114号,暂无,0套在售二手房
20190504,长宁,中山公园,利西路123号,暂无,0套在售二手房
20190504,长宁,中山公园,武夷路253弄,暂无,0套在售二手房
20190504,长宁,中山公园,愚园路1326号,暂无,0套在售二手房
20190504,长宁,中山公园,安化路302弄,暂无,0套在售二手房
20190504,长宁,中山公园,万航渡路1496号,暂无,0套在售二手房
20190504,长宁,中山公园,弘基创邑国际园,暂无,0套在售二手房
20190504,长宁,中山公园,云雾山路27号,暂无,0套在售二手房
20190504,长宁,中山公园,江苏北路119号,71738元/m2,0套在售二手房
20190504,长宁,中山公园,昭化路303号,暂无,0套在售二手房
20190504,长宁,中山公园,长宁路720号,284313元/m2,0套在售二手房
20190504,长宁,中山公园,愚园路1315弄,暂无,0套在售二手房
20190504,长宁,中山公园,安化路275号,68396元/m2,0套在售二手房
20190504,长宁,中山公园,利西路30号,暂无,0套在售二手房
20190504,长宁,中山公园,江苏路78弄,暂无,0套在售二手房
20190504,长宁,中山公园,桃源坊(长宁),暂无,0套在售二手房
20190504,长宁,中山公园,长宁路373号,暂无,0套在售二手房
20190504,长宁,中山公园,汤山村,91086元/m2,0套在售二手房
20190504,长宁,中山公园,武夷路245弄,暂无,0套在售二手房
20190504,长宁,中山公园,安化路325号,暂无,0套在售二手房
20190504,长宁,中山公园,延陵邨,暂无,0套在售二手房
20190504,长宁,中山公园,荆楚商务楼,暂无,0套在售二手房
20190504,长宁,中山公园,玫瑰坊,暂无,0套在售二手房
20190504,长宁,中山公园,万三小区,暂无,0套在售二手房
20190504,长宁,中山公园,长宁路1792号,暂无,0套在售二手房
20190504,长宁,中山公园,长宁路1439号,暂无,0套在售二手房
20190504,长宁,中山公园,长宁路1309号,暂无,0套在售二手房
20190504,长宁,中山公园,长宁路380号,暂无,0套在售二手房
20190504,长宁,中山公园,安化路566号,暂无,0套在售二手房
20190504,长宁,中山公园,定西路1285号,暂无,0套在售二手房
20190504,长宁,中山公园,愚园路1405号,暂无,0套在售二手房
20190504,长宁,中山公园,安化路568号,暂无,0套在售二手房
20190504,长宁,中山公园,娄山关路827号,暂无,0套在售二手房
20190504,长宁,中山公园,武夷路579号,暂无,0套在售二手房
20190504,长宁,中山公园,武夷路697号,暂无,0套在售二手房
20190504,长宁,中山公园,天山路978号,暂无,0套在售二手房
20190504,长宁,中山公园,延安西路1068号,暂无,0套在售二手房
20190504,长宁,中山公园,万航渡路1523号,暂无,0套在售二手房
20190504,长宁,中山公园,万航渡路1538号,暂无,0套在售二手房
20190504,长宁,中山公园,增沁商务楼,暂无,0套在售二手房
20190504,长宁,中山公园,中山西路513号,暂无,0套在售二手房
20190504,长宁,中山公园,中山西路181号,暂无,0套在售二手房
20190504,长宁,中山公园,延安西路858号,暂无,0套在售二手房
20190504,长宁,中山公园,兆丰世贸大厦,暂无,0套在售二手房
20190504,长宁,中山公园,愚园路1283弄,暂无,0套在售二手房
20190504,长宁,中山公园,安化路201号,76219元/m2,0套在售二手房
20190504,长宁,中山公园,安化路327号,78358元/m2,0套在售二手房
20190504,长宁,中山公园,中山西路650号,62189元/m2,0套在售二手房
20190504,长宁,中山公园,安化路115号,暂无,0套在售二手房
20190504,长宁,中山公园,愚园路1112弄,暂无,0套在售二手房
20190504,长宁,中山公园,万航渡路2534号,50475元/m2,0套在售二手房
20190504,长宁,中山公园,凯旋路901号,暂无,0套在售二手房
20190504,长宁,中山公园,中山西路262号,暂无,0套在售二手房
20190504,长宁,中山公园,愚园路1223号,暂无,0套在售二手房
20190504,长宁,中山公园,安化路419号,69596元/m2,0套在售二手房
20190504,长宁,中山公园,武夷路140号,暂无,0套在售二手房
20190504,长宁,中山公园,武夷路153弄,暂无,0套在售二手房
20190504,长宁,中山公园,长宁支路328弄,70652元/m2,0套在售二手房
20190504,长宁,中山公园,凯旋路118号,87673元/m2,0套在售二手房
20190504,长宁,中山公园,亨通国际大厦,暂无,0套在售二手房
20190504,长宁,中山公园,长宁路2091号,暂无,0套在售二手房
20190504,长宁,中山公园,古北路19号,暂无,0套在售二手房
20190504,长宁,中山公园,遵义路543号,68577元/m2,0套在售二手房
20190504,长宁,中山公园,长宁路2097号,暂无,0套在售二手房
20190504,长宁,中山公园,汇川路6号,暂无,0套在售二手房
20190504,长宁,中山公园,安化路183号,暂无,0套在售二手房
20190504,长宁,中山公园,武夷路302号,暂无,0套在售二手房
20190504,长宁,中山公园,延安西路1247号,暂无,0套在售二手房
20190504,长宁,中山公园,上海电信实业大楼,暂无,0套在售二手房
20190504,长宁,中山公园,愚园路991号,暂无,0套在售二手房
20190504,长宁,中山公园,玉屏南路336号,暂无,0套在售二手房
20190504,长宁,中山公园,长宁路266号,暂无,0套在售二手房
20190504,长宁,中山公园,长宁路1674号,暂无,0套在售二手房
20190504,长宁,中山公园,长宁路1810号,暂无,0套在售二手房
20190504,长宁,中山公园,长宁路709号,暂无,0套在售二手房
20190504,长宁,中山公园,长宁路890号,暂无,0套在售二手房
20190504,长宁,中山公园,长宁支路151号,暂无,0套在售二手房
20190504,长宁,中山公园,小马路3弄5号,暂无,0套在售二手房
20190504,长宁,中山公园,万航渡路1306号,暂无,0套在售二手房
20190504,长宁,中山公园,武夷路174号,暂无,0套在售二手房
20190504,长宁,中山公园,遵义路511号,暂无,0套在售二手房
20190504,长宁,中山公园,安基大楼,68421元/m2,1套在售二手房
20190504,长宁,中山公园,华阳路219号,暂无,0套在售二手房
20190504,长宁,中山公园,武夷路290弄,暂无,0套在售二手房
20190504,长宁,中山公园,宣化路221号,102483元/m2,1套在售二手房
20190504,长宁,中山公园,安化路177号,暂无,0套在售二手房
20190504,长宁,中山公园,利西路164号,84536元/m2,0套在售二手房
20190504,长宁,中山公园,武夷路413号,暂无,0套在售二手房
20190504,长宁,中山公园,中一村,暂无,0套在售二手房
20190504,长宁,中山公园,武夷路227弄,暂无,0套在售二手房
20190504,长宁,中山公园,武夷路698号,暂无,0套在售二手房
20190504,长宁,中山公园,安西路660号,暂无,0套在售二手房
20190504,长宁,中山公园,江苏路70弄,暂无,0套在售二手房
20190504,长宁,中山公园,安化路394号,71825元/m2,0套在售二手房
20190504,长宁,中山公园,安西路320弄,暂无,0套在售二手房
20190504,长宁,中山公园,御华名苑(公寓),40402元/m2,0套在售二手房
20190504,长宁,中山公园,昭化路303号,暂无,0套在售二手房
20190504,长宁,中山公园,公信绿地大楼,73701元/m2,0套在售二手房
20190504,长宁,中山公园,长宁路2061号,暂无,0套在售二手房
20190504,长宁,中山公园,利西路52号,79611元/m2,0套在售二手房
20190504,长宁,中山公园,云雾山路27号,暂无,0套在售二手房
20190504,长宁,中山公园,江苏北路119号,71738元/m2,0套在售二手房
20190504,长宁,中山公园,宁定大楼,58486元/m2,1套在售二手房
20190504,长宁,中山公园,长宁支路302弄,71319元/m2,0套在售二手房
20190504,长宁,中山公园,长宁路720号,284313元/m2,0套在售二手房
20190504,长宁,中山公园,愚园路1315弄,暂无,0套在售二手房
20190504,长宁,中山公园,娄山关路1032号,暂无,0套在售二手房
20190504,长宁,中山公园,利西路30号,暂无,0套在售二手房
20190504,长宁,中山公园,采芝村,152143元/m2,0套在售二手房
20190504,长宁,中山公园,安定坊,87702元/m2,0套在售二手房
20190504,长宁,中山公园,云雾山路23号,70175元/m2,0套在售二手房
20190504,长宁,中山公园,宁定大楼,58486元/m2,1套在售二手房
20190504,长宁,中山公园,长宁路2061号,暂无,0套在售二手房
20190504,长宁,中山公园,利西路124号,72070元/m2,0套在售二手房
20190504,长宁,中山公园,安化路413号,65322元/m2,0套在售二手房
20190504,长宁,中山公园,武夷路698号,暂无,0套在售二手房
20190504,长宁,中山公园,安化路394号,71825元/m2,0套在售二手房
20190504,长宁,中山公园,江苏路70弄,暂无,0套在售二手房
20190504,长宁,中山公园,安西路660号,暂无,0套在售二手房
20190504,长宁,中山公园,安定坊,87702元/m2,0套在售二手房
20190504,长宁,中山公园,江苏路78弄,暂无,0套在售二手房
20190504,长宁,中山公园,玉屏南路49号,52714元/m2,0套在售二手房
20190504,长宁,中山公园,安化路275号,68396元/m2,0套在售二手房
20190504,长宁,中山公园,娄山关路1032号,暂无,0套在售二手房
20190504,长宁,中山公园,玉屏南路721弄,65350元/m2,0套在售二手房
20190504,长宁,中山公园,长宁支路279弄,93563元/m2,0套在售二手房
20190504,长宁,中山公园,万航渡路1502号,76367元/m2,0套在售二手房
20190504,长宁,中山公园,云雾山路23号,70175元/m2,0套在售二手房
20190504,长宁,中山公园,利西路30号,暂无,0套在售二手房
20190504,长宁,中山公园,采芝村,152143元/m2,0套在售二手房
20190504,长宁,中山公园,愚园路1163号,91209元/m2,0套在售二手房
20190504,长宁,中山公园,华阳路217号,61742元/m2,0套在售二手房
20190504,长宁,中山公园,云雾山路102号,暂无,0套在售二手房
20190504,长宁,中山公园,延安西路1033号,暂无,0套在售二手房
20190504,长宁,中山公园,笠园凯旋坊,59960元/m2,1套在售二手房
20190504,长宁,中山公园,长宁路373号,暂无,0套在售二手房
20190504,长宁,中山公园,武夷路342号,暂无,0套在售二手房
20190504,长宁,中山公园,玉屏南路520弄,65116元/m2,0套在售二手房
20190504,长宁,中山公园,武夷路423弄,暂无,0套在售二手房
20190504,长宁,中山公园,汤山村,91086元/m2,0套在售二手房
20190504,长宁,中山公园,兆丰苑,75028元/m2,0套在售二手房
20190504,长宁,中山公园,长宁路1812号,暂无,0套在售二手房
20190504,长宁,中山公园,长宁路343号,暂无,0套在售二手房
20190504,长宁,中山公园,长宁路600号,暂无,0套在售二手房
20190504,长宁,中山公园,长宁路800号,暂无,0套在售二手房
20190504,长宁,中山公园,长宁路1495号,暂无,0套在售二手房
20190504,长宁,中山公园,长宁路2031号,暂无,0套在售二手房
20190504,长宁,中山公园,宣化路72号,暂无,0套在售二手房
20190504,长宁,中山公园,愚园路1366号,暂无,0套在售二手房
20190504,长宁,中山公园,新利商务中心,暂无,0套在售二手房
20190504,长宁,中山公园,万华人才公寓,暂无,0套在售二手房
20190504,长宁,中山公园,武夷路350号,暂无,0套在售二手房
20190504,长宁,中山公园,武夷路749号,暂无,0套在售二手房
20190504,长宁,中山公园,安化路329号,暂无,0套在售二手房
20190504,长宁,中山公园,玉屏南路197号,暂无,0套在售二手房
20190504,长宁,中山公园,延安西路1725号,暂无,0套在售二手房
20190504,长宁,中山公园,玉屏南路150号,暂无,0套在售二手房
20190504,长宁,中山公园,古北路189号,暂无,0套在售二手房
20190504,长宁,中山公园,古北路5号,暂无,0套在售二手房
20190504,长宁,中山公园,古北路339号,暂无,0套在售二手房
20190504,长宁,中山公园,遵义路829号,暂无,0套在售二手房
20190504,长宁,中山公园,遵义路518号,暂无,0套在售二手房
20190504,长宁,中山公园,定西路1222号,暂无,0套在售二手房
20190504,长宁,中山公园,武夷路450弄17号,暂无,0套在售二手房
20190504,长宁,中山公园,武夷路492号,暂无,0套在售二手房
20190504,长宁,中山公园,武夷路587号,暂无,0套在售二手房
20190504,长宁,中山公园,武夷路630号,暂无,0套在售二手房
20190504,长宁,中山公园,玉屏南路336号,暂无,0套在售二手房
20190504,长宁,中山公园,长宁路266号,暂无,0套在售二手房
20190504,长宁,中山公园,长宁路1674号,暂无,0套在售二手房
20190504,长宁,中山公园,长宁路1810号,暂无,0套在售二手房
20190504,长宁,中山公园,古北路379号,暂无,0套在售二手房
20190504,长宁,中山公园,定西路1100号,暂无,0套在售二手房
20190504,长宁,中山公园,昭化路273号,暂无,0套在售二手房
20190504,长宁,中山公园,天杉德必易园,暂无,0套在售二手房
20190504,长宁,中山公园,安化路121号,暂无,0套在售二手房
20190504,长宁,中山公园,利西路224号,暂无,0套在售二手房
20190504,长宁,中山公园,利西路128号,暂无,0套在售二手房
20190504,长宁,中山公园,古北路361号,暂无,0套在售二手房
20190504,长宁,中山公园,安化路333弄,暂无,0套在售二手房
20190504,长宁,中山公园,长宁支路1788弄,暂无,0套在售二手房
20190504,长宁,中山公园,紫云路402号,暂无,0套在售二手房
20190504,长宁,中山公园,遵义路425号,暂无,0套在售二手房
20190504,长宁,中山公园,安西路371号,暂无,0套在售二手房
20190504,长宁,中山公园,DOHO创意园,暂无,0套在售二手房
20190504,长宁,中山公园,新利商务中心,暂无,0套在售二手房
20190504,长宁,中山公园,上海电信实业大楼,暂无,0套在售二手房
20190504,长宁,中山公园,愚园路991号,暂无,0套在售二手房
20190504,长宁,中山公园,玉屏南路336号,暂无,0套在售二手房
20190504,长宁,中山公园,长宁路266号,暂无,0套在售二手房
20190504,长宁,中山公园,长宁路1674号,暂无,0套在售二手房
20190504,长宁,中山公园,长宁路1810号,暂无,0套在售二手房
20190504,长宁,中山公园,长宁路709号,暂无,0套在售二手房
20190504,长宁,中山公园,长宁路890号,暂无,0套在售二手房
20190504,长宁,中山公园,长宁支路151号,暂无,0套在售二手房
20190504,长宁,中山公园,宣化路1536号,暂无,0套在售二手房
20190504,长宁,中山公园,宣化路159号,暂无,0套在售二手房
20190504,长宁,中山公园,延安西路1505号,暂无,0套在售二手房
20190504,长宁,中山公园,万华人才公寓,暂无,0套在售二手房
20190504,长宁,中山公园,武夷路749号,暂无,0套在售二手房
20190504,长宁,中山公园,玉屏南路197号,暂无,0套在售二手房
20190504,长宁,中山公园,延安西路1725号,暂无,0套在售二手房
20190504,长宁,中山公园,玉屏南路150号,暂无,0套在售二手房
20190504,长宁,中山公园,武夷路350号,暂无,0套在售二手房
20190504,长宁,中山公园,安化路329号,暂无,0套在售二手房
20190504,长宁,中山公园,长宁支路322弄,暂无,0套在售二手房
20190504,长宁,中山公园,太丰花园,暂无,0套在售二手房
20190504,长宁,中山公园,昭化路9号,暂无,0套在售二手房
20190504,长宁,中山公园,长宁路661号,暂无,0套在售二手房
20190504,长宁,中山公园,江苏北路88号,暂无,0套在售二手房
20190504,长宁,中山公园,江苏路500号,暂无,0套在售二手房
20190504,长宁,中山公园,上海万众大厦,暂无,0套在售二手房
20190504,长宁,中山公园,中山西路648号,暂无,0套在售二手房
20190504,长宁,中山公园,长宁路1598号,暂无,0套在售二手房
20190504,长宁,中山公园,长宁路2077号,暂无,0套在售二手房
20190504,长宁,中山公园,长宁路1297号,暂无,0套在售二手房
20190504,长宁,中山公园,长宁路988号,暂无,0套在售二手房
20190504,长宁,中山公园,长宁路2063号,暂无,0套在售二手房
20190504,长宁,中山公园,长宁路1505号,暂无,0套在售二手房
20190504,长宁,中山公园,长宁支路250号,暂无,0套在售二手房
20190504,长宁,中山公园,荆楚商务楼,暂无,0套在售二手房
20190504,长宁,中山公园,玫瑰坊,暂无,0套在售二手房
20190504,长宁,中山公园,万三小区,暂无,0套在售二手房
20190504,长宁,中山公园,长宁路1792号,暂无,0套在售二手房
20190504,长宁,中山公园,长宁路1439号,暂无,0套在售二手房
20190504,长宁,中山公园,长宁路1309号,暂无,0套在售二手房
20190504,长宁,中山公园,长宁路380号,暂无,0套在售二手房
20190504,长宁,中山公园,安化路566号,暂无,0套在售二手房
20190504,长宁,中山公园,定西路1285号,暂无,0套在售二手房
20190504,长宁,中山公园,愚园路1405号,暂无,0套在售二手房
20190504,长宁,中山公园,安化路568号,暂无,0套在售二手房
20190504,长宁,中山公园,家化小区,55174元/m2,1套在售二手房
20190504,长宁,中山公园,万航渡路1514号,69671元/m2,1套在售二手房
20190504,长宁,中山公园,悦达花苑,72757元/m2,5套在售二手房
20190504,长宁,中山公园,华馨小区,67518元/m2,2套在售二手房
20190504,长宁,中山公园,兆丰别墅,暂无,0套在售二手房
20190504,长宁,中山公园,江苏北路105弄,66202元/m2,1套在售二手房
20190504,长宁,中山公园,武夷路491弄,70000元/m2,1套在售二手房
20190504,长宁,中山公园,定西路1238号,38759元/m2,1套在售二手房
20190504,长宁,中山公园,富都花园,56830元/m2,1套在售二手房
20190504,长宁,中山公园,长宁支路320弄,69962元/m2,1套在售二手房
20190504,长宁,中山公园,遵义东大楼,61623元/m2,0套在售二手房
20190504,长宁,中山公园,江苏北路109号,66185元/m2,2套在售二手房
20190504,长宁,中山公园,协和小区(延安西路1289弄),68913元/m2,3套在售二手房
20190504,长宁,中山公园,娄山关路815弄,60387元/m2,2套在售二手房
20190504,长宁,中山公园,安化路337号,70012元/m2,2套在售二手房
20190504,长宁,中山公园,中山学林苑,暂无,1套在售二手房
20190504,长宁,中山公园,锦屏小区,55464元/m2,3套在售二手房
20190504,长宁,中山公园,联业大楼,65324元/m2,4套在售二手房
20190504,长宁,中山公园,宣化路231号,99460元/m2,1套在售二手房
20190504,长宁,中山公园,大众金融大厦,暂无,0套在售二手房
20190504,长宁,中山公园,月村,56782元/m2,0套在售二手房
20190504,长宁,中山公园,兴安小区,172583元/m2,1套在售二手房
20190504,长宁,中山公园,绿地商务大厦,暂无,0套在售二手房
20190504,长宁,中山公园,华宁国际广场,暂无,0套在售二手房
20190504,长宁,中山公园,江苏路54弄,100529元/m2,0套在售二手房
20190504,长宁,中山公园,遵义路402号,暂无,1套在售二手房
20190504,长宁,中山公园,天山商厦,46211元/m2,3套在售二手房
20190504,长宁,中山公园,利西路24弄,71262元/m2,3套在售二手房
20190504,长宁,中山公园,遵义路740号,59677元/m2,2套在售二手房
20190504,长宁,中山公园,利西路125弄,57314元/m2,0套在售二手房
20190504,长宁,中山公园,安化路273号,暂无,1套在售二手房
20190504,长宁,中山公园,娄山关路1010号,暂无,0套在售二手房
20190504,长宁,中山公园,利西路164号,84536元/m2,0套在售二手房
20190504,长宁,中山公园,武夷路413号,暂无,0套在售二手房
20190504,长宁,中山公园,中一村,暂无,0套在售二手房
20190504,长宁,中山公园,武夷路227弄,暂无,0套在售二手房
20190504,长宁,中山公园,娄山关路1032号,暂无,0套在售二手房
20190504,长宁,中山公园,太平洋企业中心,暂无,0套在售二手房
20190504,长宁,中山公园,延安西路1033号,暂无,0套在售二手房
20190504,长宁,中山公园,云雾山路102号,暂无,0套在售二手房
20190504,长宁,中山公园,利西路124号,72070元/m2,0套在售二手房
20190504,长宁,中山公园,武夷路342号,暂无,0套在售二手房
20190504,长宁,中山公园,利西路126号,72152元/m2,0套在售二手房
20190504,长宁,中山公园,娄山关路1018号,暂无,0套在售二手房
20190504,长宁,中山公园,武夷路423弄,暂无,0套在售二手房
20190504,长宁,中山公园,武夷路698号,暂无,0套在售二手房
20190504,长宁,中山公园,安西路660号,暂无,0套在售二手房
20190504,长宁,中山公园,江苏路70弄,暂无,0套在售二手房
20190504,长宁,中山公园,长宁路2061号,暂无,0套在售二手房
20190504,长宁,中山公园,愚园路1050弄,暂无,0套在售二手房
20190504,长宁,中山公园,利西路62号,暂无,0套在售二手房
20190504,长宁,中山公园,愚园路1054号,暂无,0套在售二手房
20190504,长宁,中山公园,长宁路1488弄26号,暂无,0套在售二手房
20190504,长宁,中山公园,申亚金融广场,暂无,0套在售二手房
20190504,长宁,中山公园,延安西路1249号,暂无,0套在售二手房
20190504,长宁,中山公园,万航渡路2526号,暂无,0套在售二手房
20190504,长宁,中山公园,凯旋路106号,暂无,1套在售二手房
20190504,长宁,中山公园,银统大厦,暂无,0套在售二手房
20190504,长宁,中山公园,兆仪大厦,暂无,0套在售二手房
20190504,长宁,中山公园,鸿凯湾绿苑,93847元/m2,5套在售二手房
20190504,长宁,中山公园,愚园村,暂无,0套在售二手房
20190504,长宁,中山公园,范北小区,71247元/m2,3套在售二手房
20190504,长宁,中山公园,长宁路1488弄3支弄,62614元/m2,1套在售二手房
20190504,长宁,中山公园,天山路1920弄,66667元/m2,1套在售二手房
