20190504,浦东,碧云,二期四房+四开间朝南+满五唯一+可看房,1200万,中楼层(共11层)                                                    | 2003年建 |                                 4室2厅 | 154.77平米                                  | 南,https://ke-image.ljcdn.com/310000-inspection/prod-6d3d1e15-c45b-48cd-8371-339e62157a6f.jpg!m_fill,w_280,h_210,f_jpg?from=ke.com
20190504,浦东,碧云,正三房，带车位，楼层适中，位置优良,1130万,中楼层(共13层)                                                    | 2003年建 |                                 3室2厅 | 139.76平米                                  | 南,https://ke-image.ljcdn.com/310000-inspection/test-3d55c701-af40-49a0-9c75-7b3b83ab049a.png!m_fill,w_280,h_210,f_jpg?from=ke.com
20190504,浦东,碧云,20万全屋实木装修 业主忍痛割爱 急售,385万,低楼层(共19层)                                                    | 1995年建 |                                 1室1厅 | 47.73平米                                  | 南,https://ke-image.ljcdn.com/310000-inspection/prod-6ee41238-601d-4133-a0ef-707aaf2b9f61.jpg!m_fill,w_280,h_210,f_jpg?from=ke.com
20190504,浦东,碧云,位置不靠路+中间楼层+随时可看+价格可谈,650万,中楼层(共6层)                                                    | 1998年建 |                                 2室2厅 | 69.09平米                                  | 南,https://ke-image.ljcdn.com/310000-inspection/prod-039d701e-ce36-43f4-a204-827edd6d396d.jpg!m_fill,w_280,h_210,f_jpg?from=ke.com
20190504,浦东,碧云,世茂一期带产权车位！！16年买进1510万！已满两年！,1600万,低楼层(共30层)                                                    | 2003年建 |                                 3室2厅 | 206.29平米                                  | 南,https://ke-image.ljcdn.com/310000-inspection/prod-6eda8f86-82e9-4cbb-9b30-0c911153ccc0.jpg!m_fill,w_280,h_210,f_jpg?from=ke.com
20190504,浦东,碧云,业主诚意出售，高区景观房，有钥匙随时可以看房,1200万,高楼层(共30层)                                                    | 2004年建 |                                 2室2厅 | 142.7平米                                  | 南,https://ke-image.ljcdn.com/310000-inspection/test-907ae050-f8a5-4bc4-94fc-481a92bb3f1e.png!m_fill,w_280,h_210,f_jpg?from=ke.com
20190504,浦东,碧云,朝南一房，低总价，满五年，无户口，无抵押，诚意卖,390万,低楼层(共19层)                                                    | 1995年建 |                                 1室0厅 | 47.73平米                                  | 南,https://ke-image.ljcdn.com/310000-inspection/prod-2497a393-e4de-44d8-98dc-f6025bd0beb8.png!m_fill,w_280,h_210,f_jpg?from=ke.com
20190504,浦东,碧云,此房满五唯一，拎包入住，离地铁近，总价低,397万,高楼层(共4层)                                                    | 2005年建 |                                 1室1厅 | 63.79平米                                  | 西南,https://ke-image.ljcdn.com/310000-inspection/prod-0446e208-2d64-4fe0-a942-538fccff4286.jpg!m_fill,w_280,h_210,f_jpg?from=ke.com
20190504,浦东,碧云,中天碧云苑！单价低！配套成熟！出行方便,1000万,低楼层(共18层)                                                    | 2004年建 |                                 3室2厅 | 148.31平米                                  | 南,https://ke-image.ljcdn.com/310000-inspection/prod-db12c4fb-4d2d-4c19-b918-c567e038d3b6.jpg!m_fill,w_280,h_210,f_jpg?from=ke.com
20190504,浦东,碧云,16年买进1520万！已满两年，增值税4万，个税无有地暖,1550万,中楼层(共31层)                                                    | 2004年建 |                                 3室2厅 | 213.93平米                                  | 南,https://ke-image.ljcdn.com/310000-inspection/prod-72296d99-e9e7-4dd9-a436-74a7b3f713be.jpg!m_fill,w_280,h_210,f_jpg?from=ke.com
20190504,浦东,碧云,整个小区只有这一套双拼别墅在出售，300平花园，急售,2780万,低楼层(共3层)                                                4室2厅 | 182.4平米                                  | 北,https://ke-image.ljcdn.com/310000-inspection/d5973cc6-c676-4de4-9fdc-f3a30d1ded56.jpg!m_fill,w_280,h_210,f_jpg?from=ke.com
20190504,浦东,碧云,碧云总价低、全新装修 拎包入住的居家理想三房,510万,高楼层(共4层)                                                    | 2005年建 |                                 3室2厅 | 73.51平米                                  | 东南,https://ke-image.ljcdn.com/310000-inspection/prod-27ac2ded-7d1c-4e6b-821f-a0f4e854f466.jpg!m_fill,w_280,h_210,f_jpg?from=ke.com
20190504,浦东,碧云,中天碧云 3房2厅2卫 146.07平,1150万,高楼层(共11层)                                                    | 2004年建 |                                 3室2厅 | 146.07平米                                  | 南,https://ke-image.ljcdn.com/shfdfs-image/20141126/222e1f28-2e5d-4bbf-a856-3c8fbb6bc4e2.jpg!m_fill,w_280,h_210,f_jpg?from=ke.com
20190504,浦东,碧云,云间叠加别墅，户型好，环境优雅！,1730万,中楼层(共4层)                                                3室2厅 | 162.88平米                                  | 南,https://ke-image.ljcdn.com/shfdfs-image/20151010/150a387d-235a-4a00-8ae0-9ce24a21514e.jpg!m_fill,w_280,h_210,f_jpg?from=ke.com
20190504,浦东,碧云,金桥酒店公寓 2室2厅 西南,470万,中楼层(共4层)                                                    | 2005年建 |                                 2室2厅 | 79.5平米                                  | 西南,https://ke-image.ljcdn.com/310000-inspection/prod-b68e6d0f-3ee8-4658-955e-3d81d1ae8afb.jpg!m_fill,w_280,h_210,f_jpg?from=ke.com
20190504,浦东,碧云,适合三世同堂别墅，5个独立套房设计,1760万,低楼层(共3层)                                                    | 2000年建 |                                 6室2厅 | 217.15平米                                  | 南,https://ke-image.ljcdn.com/shfdfs-image/20180104/4c0066a4-e35d-4d22-b055-51552b394593.jpg!m_fill,w_280,h_210,f_jpg?from=ke.com
20190504,浦东,碧云,别墅1400万装修，花园600万装修，南看张家浜河全景,12000万,低楼层(共2层)                                                    | 2005年建 |                                 7室3厅 | 492.77平米                                  | 南,https://ke-image.ljcdn.com/310000-inspection/c4a6f5ad-4d73-4534-bed0-471af6f0e816.jpg!m_fill,w_280,h_210,f_jpg?from=ke.com
20190504,浦东,碧云,精装修两房，满两年税低，业主诚意出售，看房方便。,395万,中楼层(共4层)                                                    | 2005年建 |                                 2室1厅 | 66.98平米                                  | 东南,https://ke-image.ljcdn.com/310000-inspection/prod-feefa056-7fe5-474d-b22e-35c4c1f3fe88.jpg!m_fill,w_280,h_210,f_jpg?from=ke.com
20190504,浦东,碧云,中天在售总价低三房，满五唯一免个税，户型方正明亮,1100万,低楼层(共18层)                                                    | 2004年建 |                                 3室2厅 | 126.41平米                                  | 南,https://ke-image.ljcdn.com/shfdfs-image/20160718/9bb1f9e8-140e-492f-8133-575a45ca6689.jpg!m_fill,w_280,h_210,f_jpg?from=ke.com
20190504,浦东,碧云,房东二次装修，拎包入住，诚意出售，看房方便,666万,低楼层(共8层)                                                    | 1995年建 |                                 3室2厅 | 93.12平米                                  | 南,https://ke-image.ljcdn.com/310000-inspection/prod-e27c3886-e574-4818-ae92-3ba369951923.jpg!m_fill,w_280,h_210,f_jpg?from=ke.com
20190504,浦东,碧云,回国 无个税 高区 保养好 南北向,2400万,高楼层(共13层)                                                    | 2002年建 |                                 5室3厅 | 286.69平米                                  | 南,https://ke-image.ljcdn.com/310000-inspection/prod-8f1f3721-3f46-4d29-ab9e-8e66d69e1770.jpg!m_fill,w_280,h_210,f_jpg?from=ke.com
20190504,浦东,碧云,碧云社区顶楼复式+三房两厅两卫+总价低+适合一大家人,750万,高楼层(共5层)                                                    | 1998年建 |                                 3室2厅 | 85.14平米                                  | 南,https://ke-image.ljcdn.com/310000-inspection/prod-9ae46663-516c-442d-99f0-a8459454c743.jpg!m_fill,w_280,h_210,f_jpg?from=ke.com
20190504,浦东,碧云,买小三房看这里，业主二次装修过，诚意卖，可拎包入住,960万,中楼层(共8层)                                                    | 2000年建 |                                 3室2厅 | 113.45平米                                  | 南,https://ke-image.ljcdn.com/310000-inspection/test-20fb8f48-0aea-4e5c-a183-5b54148fbf86.png!m_fill,w_280,h_210,f_jpg?from=ke.com
20190504,浦东,碧云,满五年唯一  税费少  两房朝南  得房率高,860万,中楼层(共11层)                                                    | 2004年建 |                                 2室2厅 | 97.09平米                                  | 南,https://ke-image.ljcdn.com/shfdfs-image/20170710/74808c67-1df4-4bb7-88e5-8b151ae4db72.jpg!m_fill,w_280,h_210,f_jpg?from=ke.com
20190504,浦东,碧云,全新自住装修+有钥匙随时看+业主诚意出售,1500万,中楼层(共7层)                                                    | 1997年建 |                                 6室2厅 | 286平米                                  | 南 北,https://ke-image.ljcdn.com/310000-inspection/prod-1cbe93c2-3ea8-4593-be26-896d5fa24585.jpg!m_fill,w_280,h_210,f_jpg?from=ke.com
20190504,浦东,碧云,自住精装+满五唯一+车位+地铁914号+南北通风,1080万,中楼层(共8层)                                                    | 2000年建 |                                 3室2厅 | 126.7平米                                  | 南,https://ke-image.ljcdn.com/310000-inspection/test-20c52062-04cf-44bb-bae6-59c166b5550f.png!m_fill,w_280,h_210,f_jpg?from=ke.com
20190504,浦东,碧云,金桥爱建园！大三房可改四房！看房很方便,1250万,低楼层(共19层)                                                    | 2003年建 |                                 3室3厅 | 171.86平米                                  | 南,https://ke-image.ljcdn.com/310000-inspection/prod-60801cbe-fa94-4f2b-8cca-c3d771f56797.jpg!m_fill,w_280,h_210,f_jpg?from=ke.com
20190504,浦东,碧云,总价低 框架大平层 高楼层 南北通 好位置,2100万,高楼层(共13层)                                                    | 2002年建 |                                 3室2厅 | 268.06平米                                  | 南,https://ke-image.ljcdn.com/310000-inspection/test-5a75f22f-fda8-4c09-b4ab-a71346c2580d.png!m_fill,w_280,h_210,f_jpg?from=ke.com
20190504,浦东,碧云,碧云低总价三房，自住保养好，房型正气方便看,940万,低楼层(共11层)                                                    | 2005年建 |                                 3室2厅 | 124.65平米                                  | 东,https://ke-image.ljcdn.com/shfdfs-image/20160710/43b23295-b04d-4a99-97ca-54c58c7bfb1a.jpg!m_fill,w_280,h_210,f_jpg?from=ke.com
20190504,浦东,碧云,平层大四房，前后间距大光线视线都不错，可三代同堂,1300万,低楼层(共18层)                                                    | 2004年建 |                                 4室2厅 | 163.52平米                                  | 南,https://ke-image.ljcdn.com/310000-inspection/test-b7a5450c-31db-421b-a068-42ecc092efb2.png!m_fill,w_280,h_210,f_jpg?from=ke.com
20190504,浦东,碧云,高区视野开阔+位置好+带车位+免个税,1980万,中楼层(共11层)                                                    | 2006年建 |                                 4室2厅 | 211.35平米                                  | 南,https://ke-image.ljcdn.com/310000-inspection/test-4ae7c7fd-46fc-4c8d-8469-db4e9834c93c.png!m_fill,w_280,h_210,f_jpg?from=ke.com
20190504,浦东,碧云,二手买进515万！满两年税费低！中间位置！诚意出售！,750万,中楼层(共11层)                                                    | 2005年建 |                                 2室1厅 | 85.61平米                                  | 南,https://ke-image.ljcdn.com/310000-inspection/prod-e0730743-db23-4d77-a9e1-3cfdbc4664b3.jpg!m_fill,w_280,h_210,f_jpg?from=ke.com
20190504,浦东,碧云,12楼 位置居中 通透正气大2房 满五唯一,1260万,低楼层(共43层)                                                    | 2004年建 |                                 2室2厅 | 172.25平米                                  | 南 北,https://ke-image.ljcdn.com/310000-inspection/test-062c5439-4ac6-459d-b081-fa4750bc7c26.png!m_fill,w_280,h_210,f_jpg?from=ke.com
20190504,浦东,碧云,世茂一期带南北露台+看湖景 采光好+带产权车位,1600万,低楼层(共30层)                                                    | 2003年建 |                                 3室2厅 | 211.88平米                                  | 南,https://ke-image.ljcdn.com/310000-inspection/prod-a2925e7a-ea4d-46e5-a4b9-afbb86d467dd.png!m_fill,w_280,h_210,f_jpg?from=ke.com
20190504,浦东,碧云,总价低，小三房，南北通风，出国诚售，地铁260米,950万,中楼层(共11层)                                                    | 2000年建 |                                 3室1厅 | 113.35平米                                  | 南,https://ke-image.ljcdn.com/310000-inspection/prod-bcaf7779-c0a1-4f9a-a849-b08eef52111b.jpg!m_fill,w_280,h_210,f_jpg?from=ke.com
20190504,浦东,碧云,小区少有且布局合理的大平层，视野佳，南北通，省税,2490万,低楼层(共13层)                                                    | 2002年建 |                                 4室3厅 | 286.69平米                                  | 南,https://ke-image.ljcdn.com/310000-inspection/prod-b928a98b-8239-42b4-b17d-fd0cce0cedbf.jpg!m_fill,w_280,h_210,f_jpg?from=ke.com
20190504,浦东,碧云,方正格局房，采光充足，拎包入住,1150万,中楼层(共5层)                                                    | 2004年建 |                                 3室2厅 | 133.48平米                                  | 南,https://ke-image.ljcdn.com/310000-inspection/prod-f9b887f3-d0ee-4279-8cb5-6ba642d2f7f9.jpg!m_fill,w_280,h_210,f_jpg?from=ke.com
20190504,浦东,碧云,高区 正气 通透 2南1北 随时看,1050万,高楼层(共18层)                                                    | 2003年建 |                                 3室2厅 | 121.65平米                                  | 南,https://ke-image.ljcdn.com/310000-inspection/85d51ffb-0cac-4e71-83a9-50d423a7e3df.jpg!m_fill,w_280,h_210,f_jpg?from=ke.com
20190504,浦东,碧云,世茂湖滨花园(公寓) 3室2厅 西南,1550万,高楼层(共30层)                                                    | 2003年建 |                                 3室2厅 | 195.47平米                                  | 西南,https://ke-image.ljcdn.com/310000-inspection/test-a7afbdfc-ee3f-42e7-a6e1-b7ffd8ea83ec.png!m_fill,w_280,h_210,f_jpg?from=ke.com
20190504,浦东,碧云,云间小区近花园，联排别墅，装修保养好，房子正气！,2200万,低楼层(共2层)                                                    | 2009年建 |                                 3室2厅 | 170.88平米                                  | 南,https://ke-image.ljcdn.com/shfdfs-image/20160925/d87a4630-aeeb-4c44-8291-3a9a271ee12e.jpg!m_fill,w_280,h_210,f_jpg?from=ke.com
20190504,浦东,碧云,交通便利，配套齐全，复式利用空间大,440万,中楼层(共4层)                                                    | 2005年建 |                                 2室1厅 | 68平米                                  | 北,https://ke-image.ljcdn.com/310000-inspection/prod-4538c562-e1e0-4d63-955e-0f61e6781f83.jpg!m_fill,w_280,h_210,f_jpg?from=ke.com
20190504,浦东,碧云,临平和国际、无遮挡、正对小区游泳池、带产权车位,1650万,低楼层(共12层)                                                    | 2006年建 |                                 3室2厅 | 175.81平米                                  | 南,https://ke-image.ljcdn.com/310000-inspection/prod-bf13b581-f2aa-4a14-adb6-0d4bbeb01596.jpg!m_fill,w_280,h_210,f_jpg?from=ke.com
20190504,浦东,碧云,小三房，总价低，带地暖，视野佳，南北通风,1050万,低楼层(共17层)                                                    | 2003年建 |                                 3室2厅 | 119平米                                  | 南 北,https://ke-image.ljcdn.com/310000-inspection/b988e6b4-9ad1-45bc-ab40-787ed1afa360.jpg!m_fill,w_280,h_210,f_jpg?from=ke.com
20190504,浦东,碧云,空中花园，80平露台不算产证面积，毛坯房,1450万,高楼层(共5层)                                                    | 2004年建 |                                 4室2厅 | 174.15平米                                  | 南,https://ke-image.ljcdn.com/310000-inspection/prod-7f2f1f92-cf87-4983-b2d1-8ce01cfe5f34.png!m_fill,w_280,h_210,f_jpg?from=ke.com
20190504,浦东,碧云,位置楼层适中，高区景观房，视野可看碧云别墅,875万,高楼层(共18层)                                                    | 2004年建 |                                 2室2厅 | 97.69平米                                  | 南,https://ke-image.ljcdn.com/310000-inspection/prod-34f9b42e-9e82-4424-b558-b574762b5529.jpg!m_fill,w_280,h_210,f_jpg?from=ke.com
20190504,浦东,碧云,信和花园 3室1厅 东南,680万,高楼层(共8层)                                                    | 1995年建 |                                 3室1厅 | 89平米                                  | 东南,https://ke-image.ljcdn.com/310000-inspection/test-1a4f31f6-7261-4d3f-8660-b6f0a96a6cc8.png!m_fill,w_280,h_210,f_jpg?from=ke.com
20190504,浦东,碧云,世茂二期位置景观好+全屋带地暖+视野开阔+诚意出售,1620万,低楼层(共30层)                                                    | 2004年建 |                                 3室2厅 | 211.02平米                                  | 南,https://ke-image.ljcdn.com/310000-inspection/prod-17717dee-9912-4908-a1c4-ac98b1757c65.jpg!m_fill,w_280,h_210,f_jpg?from=ke.com
20190504,浦东,碧云,装修拎包入住+高区视野采光好+诚意出售+随时签字看房,700万,高楼层(共8层)                                                    | 1995年建 |                                 2室2厅 | 89.41平米                                  | 西南,https://ke-image.ljcdn.com/shfdfs-image/20170731/2092270b-feeb-4d0b-be72-6f5c9f61b2d4.jpg!m_fill,w_280,h_210,f_jpg?from=ke.com
20190504,浦东,碧云,南邻河，好景观，小区仅有8套，业主变现诚意出售,2950万,低楼层(共3层)                                                4室2厅 | 182.4平米                                  | 南,https://ke-image.ljcdn.com/310000-inspection/a3634eed-dfbe-46b0-b826-95ebad64e6e3.jpg!m_fill,w_280,h_210,f_jpg?from=ke.com
20190504,浦东,碧云,正气两房，一梯两户，户型方正，双轨交汇，配套齐,890万,低楼层(共6层)                                                    | 2005年建 |                                 2室1厅 | 95.38平米                                  | 南,https://ke-image.ljcdn.com/310000-inspection/test-d0dca367-938b-4bda-b5c3-bbb0fd2e167b.png!m_fill,w_280,h_210,f_jpg?from=ke.com
20190504,浦东,碧云,小区是碧云国际社区房源低谷，价格低于碧云市场价,690万,低楼层(共8层)                                                    | 1995年建 |                                 3室2厅 | 96.78平米                                  | 南,https://ke-image.ljcdn.com/310000-inspection/test-cd557e6b-30a5-4435-8bcc-82330c48fc32.png!m_fill,w_280,h_210,f_jpg?from=ke.com
20190504,浦东,碧云,临湖景观，500平南花园，巍峨法式独栋，鸟语花香,4999万,低楼层(共2层)                                                    | 2002年建 |                                 4室2厅 | 270.39平米                                  | 南,https://ke-image.ljcdn.com/310000-inspection/02a5ccab-5e68-4745-9049-f4fd12fda1ae.jpg!m_fill,w_280,h_210,f_jpg?from=ke.com
20190504,浦东,碧云,空中别墅！唯一在售顶复！享受阳光满屋！,2780万,高楼层(共40层)                                                    | 2004年建 |                                 4室2厅 | 369.6平米                                  | 南,https://ke-image.ljcdn.com/310000-inspection/test-fef4927b-7c36-4291-aa51-94ac08331939.png!m_fill,w_280,h_210,f_jpg?from=ke.com
20190504,浦东,碧云,这一套可以轻松入住碧云国际社区、满两年唯一,725万,低楼层(共8层)                                                    | 1995年建 |                                 3室1厅 | 102.92平米                                  | 南,https://ke-image.ljcdn.com/310000-inspection/prod-eb805130-470e-42ab-b575-c282f4c3e9f7.jpg!m_fill,w_280,h_210,f_jpg?from=ke.com
20190504,浦东,碧云,独栋别墅朝南近500平米花园、价格可谈，业主诚意出售,4800万,低楼层(共3层)                                                    | 2002年建 |                                 5室2厅 | 280平米                                  | 南,https://ke-image.ljcdn.com/310000-inspection/163f97a9-2ac9-4452-bcb5-cb0432fd2ecf.png!m_fill,w_280,h_210,f_jpg?from=ke.com
20190504,浦东,碧云,本小区唯一在卖位置佳，高区景观看碧云别墅,2500万,中楼层(共13层)                                                    | 2002年建 |                                 3室2厅 | 266.58平米                                  | 西南,https://ke-image.ljcdn.com/310000-inspection/prod-cc85f2e8-b3d8-4ab1-9e24-73cde6ffa079.jpg!m_fill,w_280,h_210,f_jpg?from=ke.com
20190504,浦东,碧云,业主诚意出售，看房方便，可改3房,698万,高楼层(共6层)                                                    | 1995年建 |                                 2室2厅 | 100.95平米                                  | 东南 南,https://ke-image.ljcdn.com/310000-inspection/prod-37961792-5027-4f16-81d9-764b874b20b7.jpg!m_fill,w_280,h_210,f_jpg?from=ke.com
20190504,浦东,碧云,维诗凯亚F户型独栋别墅+北进门南花园+业主诚意出售,3500万,低楼层(共2层)                                                    | 2006年建 |                                 3室2厅 | 435.17平米                                  | 南,https://ke-image.ljcdn.com/310000-inspection/c68d13e0-985c-4fa0-801e-e708ad7ef3cb.jpg!m_fill,w_280,h_210,f_jpg?from=ke.com
20190504,浦东,碧云,信和花园正三房 简装 业主诚意出售,928万,中楼层(共8层)                                                    | 1995年建 |                                 3室1厅 | 156.48平米                                  | 南,https://ke-image.ljcdn.com/310000-inspection/1ea9359b-026d-4c17-8180-bd5b09b2b4ef.JPG!m_fill,w_280,h_210,f_jpg?from=ke.com
20190504,浦东,碧云,金桥爱建园小三房 中间楼层无户口 看房方便,1070万,中楼层(共17层)                                                    | 2003年建 |                                 3室2厅 | 119.49平米                                  | 南,https://ke-image.ljcdn.com/310000-inspection/test-0eb09888-bd21-44a4-9cdb-5242b547a6a9.png!m_fill,w_280,h_210,f_jpg?from=ke.com
20190504,浦东,碧云,三南一北，户型方正！采光充足！,1500万,中楼层(共15层)                                                    | 2004年建 |                                 4室2厅 | 154.06平米                                  | 南,https://ke-image.ljcdn.com/shfdfs-image/20160726/b787563e-b5c3-4710-81a9-a8f60a329eff.jpg!m_fill,w_280,h_210,f_jpg?from=ke.com
20190504,浦东,碧云,独栋 不靠不吵 南临水 270度看湖景 装修保养好,4500万,低楼层(共3层)                                                    | 2003年建 |                                 5室2厅 | 539.58平米                                  | 南,https://ke-image.ljcdn.com/shfdfs-image/20161121/e6aca03b-d1d0-4695-8a28-ffa30b642ce3.jpg!m_fill,w_280,h_210,f_jpg?from=ke.com
20190504,浦东,碧云,二期西班牙风格独栋别墅+满五唯一税费少+1000平大花园,7000万,低楼层(共2层)                                                    | 2005年建 |                                 5室3厅 | 405.35平米                                  | 南,https://ke-image.ljcdn.com/310000-inspection/fb96ba17-0816-4f25-80bd-8a5954bd059c.jpg!m_fill,w_280,h_210,f_jpg?from=ke.com
20190504,浦东,碧云,自住保养很好，拎包入住，业主诚意出售，户型好,975万,低楼层(共11层)                                                    | 2003年建 |                                 3室2厅 | 112.84平米                                  | 南,https://ke-image.ljcdn.com/310000-inspection/test-30018060-1600-4223-ad25-23617eed57d3.png!m_fill,w_280,h_210,f_jpg?from=ke.com
20190504,浦东,碧云,金桥爱建园 4室2厅 南,1150万,低楼层(共17层)                                                    | 2003年建 |                                 4室2厅 | 141.9平米                                  | 南,https://ke-image.ljcdn.com/310000-inspection/prod-8acf1e3f-f851-4d42-8c01-f732a12b3278.jpg!m_fill,w_280,h_210,f_jpg?from=ke.com
20190504,浦东,碧云,南向大阳台，户型方正，装修保养好，您的居家选择,1200万,低楼层(共30层)                                                    | 2004年建 |                                 2室2厅 | 150.93平米                                  | 南,https://ke-image.ljcdn.com/310000-inspection/prod-9aed0c83-419e-42bb-ad8b-080bb7ffc3ba.jpg!m_fill,w_280,h_210,f_jpg?from=ke.com
20190504,浦东,碧云,房型正气，楼层好，采光好，视野好可看陆家嘴金融大厦,1150万,中楼层(共17层)                                                    | 2003年建 |                                 3室2厅 | 142.2平米                                  | 南,https://ke-image.ljcdn.com/310000-inspection/prod-080989c2-4348-4557-9d28-33bbf271102c.jpg!m_fill,w_280,h_210,f_jpg?from=ke.com
20190504,浦东,碧云,湖滨少有复式户型放出，4个阳台，居住舒适看小区花园,2180万,低楼层(共31层)                                                    | 2004年建 |                                 4室3厅 | 297.84平米                                  | 南 北,https://ke-image.ljcdn.com/310000-inspection/42b7bc22-503a-45dc-a598-fb210bb3ee62.jpg!m_fill,w_280,h_210,f_jpg?from=ke.com
20190504,浦东,碧云,二期带煤气    户型方正  直观碧云体育公园,455万,高楼层(共19层)                                                    | 2003年建 |                                 1室1厅 | 65.01平米                                  | 南,https://ke-image.ljcdn.com/310000-inspection/test-c1b8c3f1-99f7-4eb1-9023-774872c2af76.png!m_fill,w_280,h_210,f_jpg?from=ke.com
20190504,浦东,碧云,顶楼复式，南北双阳台，二楼还有阳光房,1280万,高楼层(共6层)                                                    | 2005年建 |                                 3室2厅 | 131.07平米                                  | 南,https://ke-image.ljcdn.com/310000-inspection/prod-4a659d1d-81a7-4869-a92a-d25123b4ae93.jpg!m_fill,w_280,h_210,f_jpg?from=ke.com
20190504,浦东,碧云,联排边套，挑空客厅，小区出门就是地铁口,1900万,低楼层(共3层)                                                    | 2000年建 |                                 4室2厅 | 211平米                                  | 南,https://ke-image.ljcdn.com/310000-inspection/9fdf62e8-126a-46cb-ba11-fe82b57b30ac.jpg!m_fill,w_280,h_210,f_jpg?from=ke.com
20190504,浦东,碧云,满五年 业主诚意出售 看房方便,920万,高楼层(共6层)                                                    | 2005年建 |                                 2室2厅 | 96.74平米                                  | 南,https://ke-image.ljcdn.com/310000-inspection/test-fe611bdd-c376-42ad-8823-e54011d34b80.png!m_fill,w_280,h_210,f_jpg?from=ke.com
20190504,浦东,碧云,业主移民，诚意出售，拎包入住、随时看房,1130万,中楼层(共12层)                                                    | 2005年建 |                                 3室1厅 | 132.58平米                                  | 西南,https://ke-image.ljcdn.com/310000-inspection/prod-8749f293-676b-46bc-ae0e-d66a4dd737ce.png!m_fill,w_280,h_210,f_jpg?from=ke.com
20190504,浦东,碧云,银泰花园，楼层好，户型正，有钥匙看房方便，诚意出售,980万,中楼层(共8层)                                                    | 2000年建 |                                 3室2厅 | 116.37平米                                  | 南,https://ke-image.ljcdn.com/310000-inspection/test-4e93a14e-9f29-41e9-a30b-56c6d0483787.png!m_fill,w_280,h_210,f_jpg?from=ke.com
20190504,浦东,碧云,信和花园 4室2厅 南,1100万,低楼层(共8层)                                                    | 1995年建 |                                 4室2厅 | 155.16平米                                  | 南,https://ke-image.ljcdn.com/310000-inspection/prod-0ffcc9ca-f248-4f7d-a764-bf3e2cdd5b68.jpg!m_fill,w_280,h_210,f_jpg?from=ke.com
20190504,浦东,碧云,小区中间位置，业主诚意出售，景观很好，可以看别墅区,1680万,中楼层(共40层)                                                    | 2004年建 |                                 3室2厅 | 218.53平米                                  | 南,https://ke-image.ljcdn.com/shfdfs-image/20171104/c60ee8b3-ce3e-45e8-a76e-1f0870eb6c36.jpg!m_fill,w_280,h_210,f_jpg?from=ke.com
20190504,浦东,碧云,奢华邻水独栋，全南户型★ 160平大主卧，待君赏鉴新上,5000万,低楼层(共3层)                                                    | 2005年建 |                                 5室3厅 | 541.43平米                                  | 南,https://ke-image.ljcdn.com/310000-inspection/4e88364a-c6a5-4124-aeeb-47dfec079a58.jpg!m_fill,w_280,h_210,f_jpg?from=ke.com
20190504,浦东,碧云,维诗凯亚在卖户型独栋，装修保养恨好,3600万,低楼层(共2层)                                                    | 2006年建 |                                 3室2厅 | 435.17平米                                  | 南,https://ke-image.ljcdn.com/310000-inspection/893e3230-26c5-4425-a3df-de198a203ce3.jpg!m_fill,w_280,h_210,f_jpg?from=ke.com
20190504,浦东,碧云,世茂湖滨这是适合你的选择居住地方,2800万,中楼层(共5层)                                                5室2厅 | 404.77平米                                  | 南,https://ke-image.ljcdn.com/310000-inspection/cbdcb299-b15c-420c-aaa9-fff7143285a9.jpg!m_fill,w_280,h_210,f_jpg?from=ke.com
20190504,浦东,碧云,前排无遮挡 满五年 业主诚意出售,1680万,低楼层(共10层)                                                    | 2006年建 |                                 3室2厅 | 177.84平米                                  | 南,https://ke-image.ljcdn.com/310000-inspection/test-ec83378d-8605-407c-a647-863887fd3044.png!m_fill,w_280,h_210,f_jpg?from=ke.com
20190504,浦东,碧云,小区唯一的标准4房，业主移民，诚意出售，随时看房,2450万,中楼层(共13层)                                                    | 2002年建 |                                 4室2厅 | 268.06平米                                  | 南,https://ke-image.ljcdn.com/310000-inspection/test-14a47e62-d34f-4d5c-8f7b-741f8c385426.png!m_fill,w_280,h_210,f_jpg?from=ke.com
20190504,浦东,碧云,此房全明户型，总价低，看房方便，带车位。,1150万,低楼层(共13层)                                                    | 2003年建 |                                 3室2厅 | 137.08平米                                  | 南,https://ke-image.ljcdn.com/310000-inspection/prod-9b34fddc-d1e5-4818-8deb-677783c7a38b.jpg!m_fill,w_280,h_210,f_jpg?from=ke.com
20190504,浦东,碧云,信和花园 2室2厅 东北,728万,中楼层(共8层)                                                    | 1995年建 |                                 2室2厅 | 101.69平米                                  | 东北,https://ke-image.ljcdn.com/310000-inspection/prod-549cde68-4d13-4aad-8eac-8aaf7ff4c97a.jpg!m_fill,w_280,h_210,f_jpg?from=ke.com
20190504,浦东,碧云,信和花园 3室2厅 南,950万,中楼层(共8层)                                                    | 1995年建 |                                 3室2厅 | 101.69平米                                  | 南,https://ke-image.ljcdn.com/310000-inspection/prod-6e5786a8-c353-436a-9206-11ea80effd0a.jpg!m_fill,w_280,h_210,f_jpg?from=ke.com
20190504,浦东,碧云,满5年唯一税少，户型方正，房东诚意出售,2080万,低楼层(共3层)                                                    | 2000年建 |                                 5室2厅 | 210.64平米                                  | 南,https://ke-image.ljcdn.com/310000-inspection/bf94fca8-f559-4594-96af-93520063cbbb.jpg!m_fill,w_280,h_210,f_jpg?from=ke.com
20190504,浦东,碧云,冰厂田+hg海实验东xio+二次装修拎包入住+方便看房,780万,中楼层(共6层)                                                    | 1998年建 |                                 2室2厅 | 82.61平米                                  | 南,https://ke-image.ljcdn.com/310000-inspection/test-1d5c4074-628c-4406-8cb9-c1606aa070cf.png!m_fill,w_280,h_210,f_jpg?from=ke.com
20190504,浦东,碧云,碧云社区 信和花园  精装三房 诚意出售 看房方便,710万,低楼层(共8层)                                                    | 1995年建 |                                 3室2厅 | 97.06平米                                  | 东北,https://ke-image.ljcdn.com/310000-inspection/prod-6a29ba16-2ce0-4592-bb71-ef5f33ca503d.png!m_fill,w_280,h_210,f_jpg?from=ke.com
20190504,浦东,碧云,云间绿大地毛坯别墅，临水位置，西班牙风格独栋！,5300万,低楼层(共2层)                                                    | 2005年建 |                                 5室3厅 | 405.35平米                                  | 东南,https://ke-image.ljcdn.com/shfdfs-image/20151004/2e9f7b53-44f7-4b01-bf3a-b3df1a02893d.jpg!m_fill,w_280,h_210,f_jpg?from=ke.com
20190504,浦东,碧云,视野开阔顶楼复式，户型方正南北通透明亮,1100万,高楼层(共6层)                                                    | 2005年建 |                                 2室2厅 | 96.74平米                                  | 南 北,https://ke-image.ljcdn.com/310000-inspection/6045788d-61f9-43de-97f1-9a810216a61d.jpg!m_fill,w_280,h_210,f_jpg?from=ke.com
20190504,浦东,碧云,碧云社区叠加别墅，三年出一套，业主诚意出售，随时看,1550万,低楼层(共3层)                                                    | 1997年建 |                                 4室2厅 | 186平米                                  | 南,https://ke-image.ljcdn.com/310000-inspection/prod-29730a6c-b7d9-4d6c-914b-599a46aec476.jpg!m_fill,w_280,h_210,f_jpg?from=ke.com
20190504,浦东,碧云,碧云国际社区，单价仅周 边二手房三分之一,280万,中楼层(共38层)                                                    | 2005年建 |                                 1室2厅 | 109.35平米                                  | 东南,https://s1.ljcdn.com/pegasus/redskull/images/common/default_house_list.png?_v=20190429153127
20190504,浦东,碧云,碧云西班牙地中海别墅，好位置，L户型,4300万,低楼层(共2层)                                                    | 2007年建 |                                 3室2厅 | 440.5平米                                  | 南,https://ke-image.ljcdn.com/310000-inspection/ce27c4d7-caf6-4468-b2b1-c7fa5b31b22b.jpg!m_fill,w_280,h_210,f_jpg?from=ke.com
20190504,浦东,碧云,独栋 位置安静清静 北进门南花园,3600万,低楼层(共2层)                                                    | 2006年建 |                                 3室2厅 | 424.37平米                                  | 南,https://ke-image.ljcdn.com/shfdfs-image/20171130/0ee524a3-7f75-4a5c-9f7e-a2c072847492.jpg!m_fill,w_280,h_210,f_jpg?from=ke.com
20190504,浦东,碧云,碧云东方公寓 唯一一套诚意在卖的大一房 看房方便,788万,高楼层(共12层)                                                    | 2005年建 |                                 1室2厅 | 88平米                                  | 西南,https://ke-image.ljcdn.com/shfdfs-image/20171015/418b1f41-778d-4a91-a5cc-dbe145531427.jpg!m_fill,w_280,h_210,f_jpg?from=ke.com
20190504,浦东,碧云,好房子不等人,好价格也不等你,你看看这个房子,1100万,低楼层(共10层)                                                    | 2006年建 |                                 2室2厅 | 120.19平米                                  | 南,https://ke-image.ljcdn.com/shfdfs-image/20150401/5b8b5e5a-445d-425b-b520-25c8a1090472.jpg!m_fill,w_280,h_210,f_jpg?from=ke.com
20190504,浦东,碧云,轨交口，shui费少，烫金楼层，采光充足,228万,中楼层(共6层)                                                    | 1995年建 |                                 1室1厅 | 45.58平米                                  | 南,https://ke-image.ljcdn.com/310000-inspection/prod-033f483d-a419-441d-a27f-afafc5cd32dc.jpg!m_fill,w_280,h_210,f_jpg?from=ke.com
20190504,浦东,碧云,小区位置佳，大户型，楼层高，视野好,1400万,高楼层(共11层)                                                    | 2003年建 |                                 4室2厅 | 177.06平米                                  | 南,https://ke-image.ljcdn.com/310000-inspection/cd389dd2-d666-449d-bfa5-641a2e8caa80.jpg!m_fill,w_280,h_210,f_jpg?from=ke.com
20190504,浦东,碧云,空中花园 早上阳光满屋 中午一览无余 傍晚彩霞美景,2600万,高楼层(共30层)                                                    | 2003年建 |                                 4室2厅 | 355平米                                  | 南,https://ke-image.ljcdn.com/310000-inspection/test-46b814b0-313e-4577-aec1-be8da6cb2858.png!m_fill,w_280,h_210,f_jpg?from=ke.com
20190504,浦东,碧云,碧云东方公寓 1室1厅 东南,790万,低楼层(共11层)                                                    | 2005年建 |                                 1室1厅 | 96.35平米                                  | 东南,https://ke-image.ljcdn.com/shfdfs-image/20160604/63cea99e-ee37-45b4-b60d-29a6dd95feb0.jpg!m_fill,w_280,h_210,f_jpg?from=ke.com
20190504,浦东,碧云,金桥爱建园 2房2厅2卫 106.10平,1000万,低楼层(共16层)                                                    | 2003年建 |                                 2室2厅 | 106.1平米                                  | 南,https://ke-image.ljcdn.com/shfdfs-image/20170630/837ec0c5-38e3-4c4e-89bc-5259caf69b7c.jpg!m_fill,w_280,h_210,f_jpg?from=ke.com
20190504,浦东,碧云,满5年税少，户型方正，朝南房间多，小区北门出行9号线,1120万,低楼层(共18层)                                                    | 2003年建 |                                 3室2厅 | 137.08平米                                  | 南,https://ke-image.ljcdn.com/shfdfs-image/20180127/ea392730-08eb-4a4a-9267-66f6cd5c50af.jpg!m_fill,w_280,h_210,f_jpg?from=ke.com
20190504,浦东,碧云,户型方正，离地铁100米离家乐福150米  出行方便,1160万,中楼层(共11层)                                                    | 2000年建 |                                 3室2厅 | 130.45平米                                  | 南,https://ke-image.ljcdn.com/shfdfs-image/20160816/0df94c46-b262-46c3-a20c-898caf5d9ca9.jpg!m_fill,w_280,h_210,f_jpg?from=ke.com
20190504,浦东,碧云,二期中间位置，满五年唯一，业主诚意出售,1800万,低楼层(共30层)                                                    | 2004年建 |                                 4室2厅 | 231.96平米                                  | 南,https://ke-image.ljcdn.com/310000-inspection/test-3d93f2f3-5ad5-4276-a108-69d653e215be.png!m_fill,w_280,h_210,f_jpg?from=ke.com
20190504,浦东,碧云,半人车分流小区，户型方正，平层大四房，视野开阔！,1350万,低楼层(共19层)                                                    | 2004年建 |                                 4室2厅 | 165.7平米                                  | 南,https://ke-image.ljcdn.com/shfdfs-image/2014/0222/4FEB69B0DFDB451A8299924BCD7DB15E.jpg!m_fill,w_280,h_210,f_jpg?from=ke.com
20190504,浦东,碧云,板式结构  得房率高 装修较好  楼层适中 满五唯一,750万,中楼层(共6层)                                                    | 1998年建 |                                 2室2厅 | 82.61平米                                  | 南,https://ke-image.ljcdn.com/shfdfs-image/20151223/552206e6-1656-4a7a-b82c-9f1c116040b3.jpg!m_fill,w_280,h_210,f_jpg?from=ke.com
20190504,浦东,碧云,单价6.3万，买进价格高税费少，谁是,1061万,中楼层(共23层)                                                    | 1998年建 |                                 2室2厅 | 164.98平米                                  | 南,https://ke-image.ljcdn.com/310000-inspection/prod-ab540845-4f38-484f-95d8-2c6a6e983411.jpg!m_fill,w_280,h_210,f_jpg?from=ke.com
20190504,浦东,碧云,百富丽山庄大独栋8房，好房子，快来,7000万,低楼层(共3层)                                                    | 2000年建 |                                 8室3厅 | 812.72平米                                  | 南,https://ke-image.ljcdn.com/shfdfs-image/20160414/434ba49e-6c71-44ff-bfaf-77d6dd93a5f5.jpg!m_fill,w_280,h_210,f_jpg?from=ke.com
20190504,浦东,碧云,明厨明卫，南北通风好，楼间距宽，无遮挡视野好。,1120万,中楼层(共20层)                                                    | 2003年建 |                                 3室2厅 | 120.45平米                                  | 南,https://ke-image.ljcdn.com/shfdfs-image/20141126/4cbda46d-9c4c-4633-94b4-e5e7df17d706.jpg!m_fill,w_280,h_210,f_jpg?from=ke.com
20190504,浦东,碧云,金浦小区双南2房，价格优选，诚意出售,350万,中楼层(共6层)                                                    | 1995年建 |                                 2室1厅 | 69.15平米                                  | 南,https://ke-image.ljcdn.com/310000-inspection/565d5e80-2081-4499-b82c-8f9ac58fad59.jpg!m_fill,w_280,h_210,f_jpg?from=ke.com
20190504,浦东,碧云,小区唯一在卖的一楼复式，花公寓的价钱，享受别墅感觉,2450万,低楼层(共12层)                                                    | 2006年建 |                                 6室3厅 | 294.08平米                                  | 南,https://ke-image.ljcdn.com/shfdfs-image/20170826/bf1a6e53-bc01-4dd0-b7b3-1cc918f78e52.jpg!m_fill,w_280,h_210,f_jpg?from=ke.com
20190504,浦东,碧云,精装修带电梯大三房，满五唯一免征个税,1350万,高楼层(共11层)                                                    | 2003年建 |                                 3室2厅 | 177.06平米                                  | 南,https://ke-image.ljcdn.com/310000-inspection/prod-b11674d2-4bc7-4a49-8712-36e6b7ea7ed8.jpg!m_fill,w_280,h_210,f_jpg?from=ke.com
20190504,浦东,碧云,金浦小区诚意售2房，朝南户型，有钥匙 看房方便,365万,低楼层(共6层)                                                    | 1995年建 |                                 2室1厅 | 66.66平米                                  | 南,https://ke-image.ljcdn.com/310000-inspection/test-f2586941-7511-4f35-971f-4d6ae8b796c1.png!m_fill,w_280,h_210,f_jpg?from=ke.com
20190504,浦东,碧云,中高楼层，房型通透，小户型精致2房，居住安逸,800万,中楼层(共11层)                                                    | 2005年建 |                                 2室1厅 | 85.6平米                                  | 南,https://ke-image.ljcdn.com/shfdfs-image/20170211/d43eae20-c96f-4b5c-b1ab-f017a072d07b.jpg!m_fill,w_280,h_210,f_jpg?from=ke.com
20190504,浦东,碧云,一期景观位置+自住装修+景观好+无个税+外籍业主,425万,低楼层(共19层)                                                    | 1997年建 |                                 1室1厅 | 62.36平米                                  | 南,https://ke-image.ljcdn.com/310000-inspection/0f3fdd12-47bb-4598-ac54-cf9024a88971.JPG!m_fill,w_280,h_210,f_jpg?from=ke.com
20190504,浦东,碧云,自住适合价格，两房一厅，朝南。,370万,中楼层(共6层)                                                    | 1993年建 |                                 2室1厅 | 71.53平米                                  | 南,https://ke-image.ljcdn.com/310000-inspection/prod-788ae978-7c5c-4710-83fe-01f096576c90.jpg!m_fill,w_280,h_210,f_jpg?from=ke.com
20190504,浦东,碧云,东方Beverly Hill 碧云山庄传世独栋 占地666-668平,6999万,低楼层(共3层)                                                    | 2004年建 |                                 9室2厅 | 812.72平米                                  | 南,https://ke-image.ljcdn.com/shfdfs-image/20170710/fa051b64-9df5-45dd-a40e-3f11364a8c0e.jpg!m_fill,w_280,h_210,f_jpg?from=ke.com
20190504,浦东,碧云,二期庄园式独栋别墅，南花园700平，看张家浜河全景,8100万,地下室(共2层)                                                    | 2005年建 |                                 5室3厅 | 492平米                                  | 北,https://ke-image.ljcdn.com/shfdfs-image/20171204/9b79dc14-fbd4-4c6d-8bd6-6e54882296ac.jpg!m_fill,w_280,h_210,f_jpg?from=ke.com
20190504,浦东,碧云,精装修，三房两卫，南北通透，距9号线蓝天路站900米,960万,高楼层(共6层)                                                    | 1998年建 |                                 3室2厅 | 115.55平米                                  | 南 北,https://ke-image.ljcdn.com/310000-inspection/prod-832d815b-5179-41b6-8c5d-c96ea1154bdb.jpg!m_fill,w_280,h_210,f_jpg?from=ke.com
20190504,浦东,碧云,金桥酒店公寓 二期带煤气 温馨自住装修 闹中取静,480万,中楼层(共19层)                                                    | 2003年建 |                                 1室1厅 | 83.15平米                                  | 南,https://ke-image.ljcdn.com/shfdfs-image/20171004/fb40bb0f-fc5b-4f0e-b11e-8b4594db0e37.jpg!m_fill,w_280,h_210,f_jpg?from=ke.com
20190504,浦东,碧云,顶复+满五唯一+可改三房+前后无遮挡,685万,高楼层(共6层)                                                    | 1998年建 |                                 2室2厅 | 69.52平米                                  | 南,https://ke-image.ljcdn.com/310000-inspection/prod-0f3f638a-c7d3-45a3-b4c9-4b75aa4f2b5c.jpg!m_fill,w_280,h_210,f_jpg?from=ke.com
20190504,浦东,碧云,房东二次买进，装修保养好，拎包入住,408万,中楼层(共4层)                                                    | 2005年建 |                                 1室1厅 | 53.22平米                                  | 南,https://ke-image.ljcdn.com/310000-inspection/test-348ce031-292d-4c7b-afe5-a16c15725d73.png!m_fill,w_280,h_210,f_jpg?from=ke.com
20190504,浦东,碧云,诚意出售，一期好房，看房提前约。,426万,低楼层(共19层)                                                    | 1997年建 |                                 1室2厅 | 66.62平米                                  | 东北,https://ke-image.ljcdn.com/310000-inspection/prod-4bd21a66-238b-452f-aa66-665b28a6b2c2.jpg!m_fill,w_280,h_210,f_jpg?from=ke.com
20190504,浦东,碧云,户型方正，业主诚售，采光好，前排无遮挡,423万,中楼层(共19层)                                                    | 1995年建 |                                 1室1厅 | 63.09平米                                  | 东南,https://ke-image.ljcdn.com/310000-inspection/prod-e1b3a2e8-8a12-414d-b1e1-cffdd5556d0a.jpg!m_fill,w_280,h_210,f_jpg?from=ke.com
20190504,浦东,碧云,高区看世纪公园和东方明珠，70年产权住宅房，通天然气,460万,高楼层(共19层)                                                    | 2003年建 |                                 1室1厅 | 75.22平米                                  | 南,https://ke-image.ljcdn.com/310000-inspection/prod-39c49e61-f341-49f3-84d9-e0fb9e403972.jpg!m_fill,w_280,h_210,f_jpg?from=ke.com
20190504,浦东,碧云,国际社区，高，端小区，看房提前预约,435万,低楼层(共19层)                                                    | 2003年建 |                                 1室1厅 | 65.86平米                                  | 南,https://ke-image.ljcdn.com/310000-inspection/test-1745d732-0cb3-4bb5-9097-26f2ed1d70b8.png!m_fill,w_280,h_210,f_jpg?from=ke.com
20190504,浦东,碧云,实木厨卫+大理石地板+主卧落地窗+朝向正南+高区采光好,853万,高楼层(共13层)                                                    | 2005年建 |                                 1室1厅 | 97.03平米                                  | 南,https://ke-image.ljcdn.com/310000-inspection/prod-c02004df-3186-4e34-8ccf-98417b26e254.jpg!m_fill,w_280,h_210,f_jpg?from=ke.com
20190504,浦东,碧云,二次装修花费100万，业主诚意出售，有钥匙随时看！,1600万,高楼层(共30层)                                                    | 2004年建 |                                 3室2厅 | 207.97平米                                  | 南,https://ke-image.ljcdn.com/310000-inspection/test-2e271753-eddc-49fe-b649-d06af6214a2e.png!m_fill,w_280,h_210,f_jpg?from=ke.com
20190504,浦东,碧云,品赏高区2房，视野好，户型好，采光棒,1080万,高楼层(共10层)                                                    | 2006年建 |                                 2室2厅 | 121.55平米                                  | 南,https://ke-image.ljcdn.com/310000-inspection/prod-724e7801-87b4-433c-bac4-fab502151347.jpg!m_fill,w_280,h_210,f_jpg?from=ke.com
20190504,浦东,碧云,碧云国际，9号线蓝天路，三房两厅，证满五年产权清晰,1050万,低楼层(共10层)                                                    | 2003年建 |                                 3室2厅 | 132.45平米                                  | 南,https://ke-image.ljcdn.com/hdic-frame/baaec278-8910-4ef4-9504-29e945fa26a0.png!m_fill,w_280,h_210,f_jpg?from=ke.com
20190504,浦东,碧云,世茂大平层正四房 （三南一北 南北 通透）品质小区,2100万,中楼层(共23层)                                                    | 2004年建 |                                 4室2厅 | 278.45平米                                  | 南,https://ke-image.ljcdn.com/310000-inspection/prod-fac67da6-880a-43d5-826f-e9668f7a7131.jpg!m_fill,w_280,h_210,f_jpg?from=ke.com
20190504,浦东,碧云,满五唯一\不靠路\中间楼层\户型方正\可看房,680万,中楼层(共6层)                                                    | 1998年建 |                                 2室2厅 | 69.09平米                                  | 南,https://ke-image.ljcdn.com/310000-inspection/prod-629afeba-7e86-4146-9778-e86ffb9c8587.jpg!m_fill,w_280,h_210,f_jpg?from=ke.com
20190504,浦东,碧云,两房朝南一房朝北，户型方正，业主诚意出售,1250万,中楼层(共6层)                                                    | 2005年建 |                                 3室2厅 | 134.64平米                                  | 南,https://ke-image.ljcdn.com/310000-inspection/test-5075ad5d-cdf7-4817-b412-a57e3f69c7cf.png!m_fill,w_280,h_210,f_jpg?from=ke.com
20190504,浦东,碧云,大三房带保姆间 世茂湖滨花园低总价  高区采光随时看,1580万,中楼层(共32层)                                                    | 2004年建 |                                 3室2厅 | 207.94平米                                  | 南,https://ke-image.ljcdn.com/310000-inspection/test-caaa0453-dd89-47ad-b78a-70fcbbc7b05d.png!m_fill,w_280,h_210,f_jpg?from=ke.com
20190504,浦东,碧云,小区里面位置 精装修 拎包入住,1217万,中楼层(共13层)                                                    | 2005年建 |                                 3室2厅 | 145.09平米                                  | 南,https://ke-image.ljcdn.com/310000-inspection/test-63772ca8-d254-4267-8ad6-f589a54b2ada.png!m_fill,w_280,h_210,f_jpg?from=ke.com
20190504,浦东,碧云,两房朝南，南北通透，满五年税费少,1100万,低楼层(共10层)                                                    | 2006年建 |                                 3室2厅 | 122.42平米                                  | 南 北,https://ke-image.ljcdn.com/310000-inspection/test-7a1f6757-452f-469f-b537-843db195385a.png!m_fill,w_280,h_210,f_jpg?from=ke.com
20190504,浦东,碧云,罗山花苑、特殊户型可改三房、两房朝南、业主诚意出售,680万,中楼层(共6层)                                                    | 1998年建 |                                 2室2厅 | 75.21平米                                  | 南,https://ke-image.ljcdn.com/310000-inspection/45ea5a0b-5dcf-49d6-aa5a-287362b276df.jpg!m_fill,w_280,h_210,f_jpg?from=ke.com
20190504,浦东,碧云,挑空客厅，楼上274+110地下室，独立入户，满五唯一,2650万,低楼层(共12层)                                                    | 2006年建 |                                 5室3厅 | 274.78平米                                  | 南,https://ke-image.ljcdn.com/310000-inspection/721d646c-a5bc-43a5-8753-f10298b0e620.jpg!m_fill,w_280,h_210,f_jpg?from=ke.com
20190504,浦东,碧云,精装修，带花园，户型方正，南北通透,705万,低楼层(共6层)                                                    | 1998年建 |                                 2室1厅 | 77.95平米                                  | 南 北,https://ke-image.ljcdn.com/310000-inspection/prod-3fd32fe7-589a-462f-8625-1829ca9e4148.jpg!m_fill,w_280,h_210,f_jpg?from=ke.com
20190504,浦东,碧云,晓园 4室2厅 南,1780万,高楼层(共12层)                                                    | 2006年建 |                                 4室2厅 | 182.93平米                                  | 南,https://ke-image.ljcdn.com/hdic-frame/64fff80b-3ad8-4344-971e-e7e42e45db80.png!m_fill,w_280,h_210,f_jpg?from=ke.com
20190504,浦东,碧云,金桥酒店公寓 1室1厅 东南,440万,中楼层(共19层)                                                    | 1997年建 |                                 1室1厅 | 66.62平米                                  | 东南,https://ke-image.ljcdn.com/hdic-frame/c096aafd-55b7-44b9-882e-29cede0b7211.png!m_fill,w_280,h_210,f_jpg?from=ke.com
20190504,浦东,碧云,房子满五年唯一，房东二次装修，拎包入住，诚意出售,1250万,中楼层(共11层)                                                    | 2005年建 |                                 3室2厅 | 142.66平米                                  | 南,https://ke-image.ljcdn.com/310000-inspection/prod-e0530862-f8df-4fbf-a8d8-2ef6a8a00fd6.jpg!m_fill,w_280,h_210,f_jpg?from=ke.com
20190504,浦东,碧云,联排边套花园方正+此房满五唯一税费少+诚意出售,2250万,低楼层(共2层)                                                3室2厅 | 174.12平米                                  | 东南,https://ke-image.ljcdn.com/310000-inspection/c900d588-ca0f-4029-b4b2-a147f6560625.jpg!m_fill,w_280,h_210,f_jpg?from=ke.com
20190504,浦东,碧云,业主自住精装修保养好，位置优越，满五唯一税费少,975万,高楼层(共6层)                                                    | 1998年建 |                                 3室2厅 | 115.55平米                                  | 南,https://ke-image.ljcdn.com/310000-inspection/test-2ba1f862-ca36-469e-95e7-3896fcb8a4a3.png!m_fill,w_280,h_210,f_jpg?from=ke.com
20190504,浦东,碧云,朝南户型，高区，视野好！大面积三房！,1200万,中楼层(共23层)                                                    | 1998年建 |                                 3室2厅 | 164.98平米                                  | 南,https://ke-image.ljcdn.com/310000-inspection/test-338be2da-d995-48b1-94b4-fe8def4ef4a4.png!m_fill,w_280,h_210,f_jpg?from=ke.com
20190504,浦东,碧云,满五唯一无个税，客厅主卧朝南，南临水南露台带地下室,2500万,低楼层(共4层)                                                    | 2003年建 |                                 3室2厅 | 293.87平米                                  | 南,https://ke-image.ljcdn.com/310000-inspection/a3044501-06b2-480d-947b-34ebc21b426b.jpg!m_fill,w_280,h_210,f_jpg?from=ke.com
20190504,浦东,碧云,罗山花苑 2室2厅 南,720万,低楼层(共6层)                                                    | 1998年建 |                                 2室2厅 | 72.3平米                                  | 南,https://ke-image.ljcdn.com/shfdfs-image/20170527/c2693f14-7c7e-4078-9416-cb18c13ac43e.jpg!m_fill,w_280,h_210,f_jpg?from=ke.com
20190504,浦东,碧云,罗山花苑 3室2厅 南,960万,中楼层(共6层)                                                    | 1998年建 |                                 3室2厅 | 115.55平米                                  | 南,https://ke-image.ljcdn.com/shfdfs-image/20161003/a11f5de8-bac5-4a65-9328-5c2a3439f8f0.jpg!m_fill,w_280,h_210,f_jpg?from=ke.com
20190504,浦东,碧云,全南户型，高区景观，看小区全景色,1180万,中楼层(共28层)                                                    | 2003年建 |                                 2室2厅 | 135.76平米                                  | 南,https://ke-image.ljcdn.com/hdic-frame/87af726a-3699-491b-a2df-3b1fc5fc4495.png!m_fill,w_280,h_210,f_jpg?from=ke.com
20190504,浦东,碧云,此房买入满五年唯一，相对税费比较低，房子保养好。,2000万,中楼层(共4层)                                                3室2厅 | 162.88平米                                  | 南,https://ke-image.ljcdn.com/310000-inspection/d11f5590-6298-400f-9cb6-ce305ba27ab8.jpg!m_fill,w_280,h_210,f_jpg?from=ke.com
20190504,浦东,碧云,碧云东南位  得房高 2南带天井,350万,低楼层(共6层)                                                    | 1995年建 |                                 2室1厅 | 66.66平米                                  | 南,https://ke-image.ljcdn.com/310000-inspection/prod-bde403eb-0157-4039-9f3d-96bb9dddd7b5.jpg!m_fill,w_280,h_210,f_jpg?from=ke.com
20190504,浦东,碧云,看房方便，业主纯变现出售，有钥匙,600万,低楼层(共23层)                                                    | 1998年建 |                                 1室2厅 | 80.35平米                                  | 东南,https://ke-image.ljcdn.com/310000-inspection/prod-329468d0-1324-4d18-a618-a876ad6cca5f.jpg!m_fill,w_280,h_210,f_jpg?from=ke.com
20190504,浦东,碧云,有钥匙随时可看 ，交通便利 ，配套完善,630万,中楼层(共23层)                                                    | 1998年建 |                                 1室2厅 | 80.35平米                                  | 东南,https://ke-image.ljcdn.com/310000-inspection/prod-d26a28f8-0522-4513-a714-77afeb9215ab.jpg!m_fill,w_280,h_210,f_jpg?from=ke.com
20190504,浦东,碧云,业主自住装修，3房，碧云国际社区，低单价，看房方便,1120万,中楼层(共23层)                                                    | 1998年建 |                                 3室2厅 | 164.98平米                                  | 南,https://ke-image.ljcdn.com/310000-inspection/test-a99308a2-bb3c-495c-a419-94ac3d03f00e.png!m_fill,w_280,h_210,f_jpg?from=ke.com
20190504,浦东,碧云,南北双阳台，正南正北户型，楼层好，采光好,1390万,中楼层(共11层)                                                    | 2005年建 |                                 3室2厅 | 152.2平米                                  | 南,https://ke-image.ljcdn.com/310000-inspection/a233bf08-0d57-4627-aef7-6b8707086187.JPG!m_fill,w_280,h_210,f_jpg?from=ke.com
20190504,浦东,碧云,高区，采光好，高楼层俯瞰绿地和水景，视野开阔,2500万,高楼层(共13层)                                                    | 2002年建 |                                 4室2厅 | 268.06平米                                  | 南,https://ke-image.ljcdn.com/310000-inspection/prod-4675424f-12cb-4357-8143-847ba11d9be0.jpg!m_fill,w_280,h_210,f_jpg?from=ke.com
20190504,浦东,碧云,位于碧云国际社区，西班牙地中海风格建筑，诚意出售,4000万,低楼层(共2层)                                                    | 2007年建 |                                 5室2厅 | 441.58平米                                  | 南,https://ke-image.ljcdn.com/shfdfs-image/20161009/03892a9b-9b66-4a73-a620-8b7906d78a35.jpg!m_fill,w_280,h_210,f_jpg?from=ke.com
20190504,浦东,碧云,金浦小区(金桥) 2室1厅 南,360万,中楼层(共6层)                                                    | 1995年建 |                                 2室1厅 | 69.15平米                                  | 南,https://ke-image.ljcdn.com/310000-inspection/test-e50f2ae4-24ba-4049-8aa5-e99a84d37108.png!m_fill,w_280,h_210,f_jpg?from=ke.com
20190504,浦东,碧云,满五唯一免个税+冰厂t上实d皆ky+楼层好大两房,748万,中楼层(共5层)                                                    | 1998年建 |                                 2室2厅 | 85.14平米                                  | 南,https://ke-image.ljcdn.com/310000-inspection/prod-9d7a5e6f-107d-4623-82eb-84ce1096917f.jpg!m_fill,w_280,h_210,f_jpg?from=ke.com
20190504,浦东,碧云,凤凰大厦 2室2厅 东 南,970万,高楼层(共23层)                                                    | 1998年建 |                                 2室2厅 | 142.6平米                                  | 东 南,https://ke-image.ljcdn.com/310000-inspection/prod-52cba48f-3aa2-42ba-9081-8e2343677565.jpg!m_fill,w_280,h_210,f_jpg?from=ke.com
20190504,浦东,碧云,金桥酒店公寓一室 满五唯一有钥匙随时看房,398万,低楼层(共19层)                                                    | 1997年建 |                                 1室0厅 | 47.18平米                                  | 南,https://ke-image.ljcdn.com/310000-inspection/prod-74a75257-ef49-449a-ab59-3b0791724688.jpg!m_fill,w_280,h_210,f_jpg?from=ke.com
20190504,浦东,碧云,小区在售一楼的三房，看房方便，房东自住,1120万,低楼层(共10层)                                                    | 2006年建 |                                 3室2厅 | 130.3平米                                  | 南,https://ke-image.ljcdn.com/310000-inspection/test-0d8855a0-05e8-4a2d-8c7c-76b986609f57.png!m_fill,w_280,h_210,f_jpg?from=ke.com
20190504,浦东,碧云,碧云国际社区精装两房 朝向好 采光好,580万,高楼层(共38层)                                                    | 2005年建 |                                 2室2厅 | 169.08平米                                  | 东南 南,https://ke-image.ljcdn.com/hdic-frame/01045fe3-fa4e-415f-8e42-3af183dd0ecb.png!m_fill,w_280,h_210,f_jpg?from=ke.com
20190504,浦东,碧云,一手买入清水房 房型正气 得房率高,1040万,低楼层(共10层)                                                    | 2006年建 |                                 2室2厅 | 120.82平米                                  | 南,https://ke-image.ljcdn.com/shfdfs-image/20160915/20da3143-de32-487a-b01c-cc6669111cee.jpg!m_fill,w_280,h_210,f_jpg?from=ke.com
20190504,浦东,碧云,二期带煤气  高层视野开阔 看房提前约,480万,高楼层(共19层)                                                    | 2003年建 |                                 1室1厅 | 65平米                                  | 南 北,https://ke-image.ljcdn.com/310000-inspection/prod-2eb61345-4f35-444b-8139-9a8294fb9d6d.jpg!m_fill,w_280,h_210,f_jpg?from=ke.com
20190504,浦东,碧云,碧云国际社区单价低的高区三房，满五唯一，新装修,1100万,高楼层(共23层)                                                    | 1998年建 |                                 3室2厅 | 163.03平米                                  | 南,https://ke-image.ljcdn.com/310000-inspection/test-c63fa3a9-911b-4439-8f7d-cd1734785138.png!m_fill,w_280,h_210,f_jpg?from=ke.com
20190504,浦东,碧云,满五年唯一+自住装修+高区视野好,2400万,高楼层(共13层)                                                    | 2002年建 |                                 4室2厅 | 268.06平米                                  | 南,https://ke-image.ljcdn.com/310000-inspection/c61a3ba0-4c64-4bcc-b9ee-c1a9e93879b2.jpg!m_fill,w_280,h_210,f_jpg?from=ke.com
20190504,浦东,碧云,带南北双露台，满五年唯一，带产权车位,1800万,低楼层(共40层)                                                    | 2004年建 |                                 4室2厅 | 230.21平米                                  | 南,https://ke-image.ljcdn.com/310000-inspection/test-c1f55780-f7b3-4c47-8740-52d6dada132f.png!m_fill,w_280,h_210,f_jpg?from=ke.com
20190504,浦东,碧云,南北向D户型独栋+中间位置，北进门南花园+4房朝南,4500万,低楼层(共2层)                                                    | 2006年建 |                                 4室2厅 | 450.66平米                                  | 北,https://ke-image.ljcdn.com/shfdfs-image/20170824/4c0c9df4-d3ee-4ef7-bfd6-f3bce0c2ef93.jpg!m_fill,w_280,h_210,f_jpg?from=ke.com
20190504,浦东,碧云,金浦小区(金桥) 3室2厅 南,560万,高楼层(共6层)                                                    | 1995年建 |                                 3室2厅 | 86.12平米                                  | 南,https://ke-image.ljcdn.com/hdic-frame/3ca231eb-06fe-4909-92d4-a49170c601e9.png!m_fill,w_280,h_210,f_jpg?from=ke.com
20190504,浦东,碧云,国社社区，品质小区，好装2房，看房提前预约,790万,中楼层(共11层)                                                    | 2005年建 |                                 2室1厅 | 79.07平米                                  | 南,https://ke-image.ljcdn.com/310000-inspection/test-adb079b9-a0cf-41fc-b17f-ccb50d681372.png!m_fill,w_280,h_210,f_jpg?from=ke.com
20190504,浦东,碧云,品赏碧云 2室2厅 南,1100万,中楼层(共10层)                                                    | 2006年建 |                                 2室2厅 | 122.15平米                                  | 南,https://ke-image.ljcdn.com/310000-inspection/prod-619a9f44-2829-4e55-a47b-3db0926fb1b6.jpg!m_fill,w_280,h_210,f_jpg?from=ke.com
20190504,浦东,碧云,业主诚意出售，接受置换客户，精装修带地暖,750万,低楼层(共8层)                                                    | 1995年建 |                                 2室2厅 | 93.29平米                                  | 南,https://ke-image.ljcdn.com/310000-inspection/prod-c77f154b-63a7-44ce-9912-1e82cd3b6f75.jpg!m_fill,w_280,h_210,f_jpg?from=ke.com
20190504,浦东,碧云,罗山花苑 2房2厅1卫 69.43平,690万,高楼层(共6层)                                                    | 1998年建 |                                 2室2厅 | 69.43平米                                  | 南,https://ke-image.ljcdn.com/310000-inspection/prod-057f59ae-6f04-468d-98c7-058251444231.jpg!m_fill,w_280,h_210,f_jpg?from=ke.com
20190504,浦东,碧云,满5年税少，交通9号线，户型方正，改善精选,740万,中楼层(共6层)                                                    | 1998年建 |                                 2室1厅 | 76.79平米                                  | 南,https://ke-image.ljcdn.com/shfdfs-image/20170616/399e81b1-91f9-41bd-a23b-f09aca6dca83.jpg!m_fill,w_280,h_210,f_jpg?from=ke.com
20190504,浦东,碧云,金桥酒店公寓 1室1厅 北,420万,高楼层(共19层)                                                    | 1997年建 |                                 1室1厅 | 66.62平米                                  | 北,https://ke-image.ljcdn.com/hdic-frame/c096aafd-55b7-44b9-882e-29cede0b7211.png!m_fill,w_280,h_210,f_jpg?from=ke.com
20190504,浦东,碧云,边套户型，采光充足，重新翻新过，诚意出售,430万,低楼层(共19层)                                                    | 1995年建 |                                 1室1厅 | 59.13平米                                  | 东南,https://ke-image.ljcdn.com/310000-inspection/1e2c8d9b-397b-4963-8e63-e2b37e61aa65.jpg!m_fill,w_280,h_210,f_jpg?from=ke.com
20190504,浦东,碧云,小区中间位置，业主移民，诚心出售,415万,高楼层(共19层)                                                    | 1997年建 |                                 1室1厅 | 62.36平米                                  | 西南,https://ke-image.ljcdn.com/310000-inspection/2e0af798-09e4-406a-9ca7-6983ccfed98a.JPG!m_fill,w_280,h_210,f_jpg?from=ke.com
20190504,浦东,碧云,国社社区，高，端公寓，品质小区，看房提前预约,1220万,中楼层(共11层)                                                    | 2005年建 |                                 3室2厅 | 142.66平米                                  | 东南 西南,https://ke-image.ljcdn.com/310000-inspection/test-df24b4b8-bf74-4a66-808f-e2882f37b33f.png!m_fill,w_280,h_210,f_jpg?from=ke.com
20190504,浦东,碧云,北临水复式 买入大概1100万 有车位 有露台,2400万,低楼层(共4层)                                                    | 2004年建 |                                 3室2厅 | 296.25平米                                  | 北,https://ke-image.ljcdn.com/310000-inspection/f265a7b9-7960-4fa4-ab04-ae0112850cfe.jpg!m_fill,w_280,h_210,f_jpg?from=ke.com
20190504,浦东,碧云,不靠路，位置好，户型方正，出行方便，可看房,1150万,低楼层(共11层)                                                    | 2000年建 |                                 3室2厅 | 126.9平米                                  | 南,https://ke-image.ljcdn.com/hdic-frame/5b637dab-d335-40b6-b4cd-02509b0444b1.png!m_fill,w_280,h_210,f_jpg?from=ke.com
20190504,浦东,碧云,金桥酒店公寓 1室1厅 北,420万,高楼层(共19层)                                                    | 1997年建 |                                 1室1厅 | 66.62平米                                  | 北,https://ke-image.ljcdn.com/hdic-frame/c096aafd-55b7-44b9-882e-29cede0b7211.png!m_fill,w_280,h_210,f_jpg?from=ke.com
20190504,浦东,碧云,金色碧云 5室1厅 南 北,1100万,高楼层(共6层)                                                    | 2005年建 |                                 5室1厅 | 96.77平米                                  | 南 北,https://ke-image.ljcdn.com/hdic-frame/30915e6f-7bb7-4599-8118-f71f78faa156.png!m_fill,w_280,h_210,f_jpg?from=ke.com
20190504,浦东,碧云,免个税  位置佳  中间楼层 小区人车分流,1980万,中楼层(共11层)                                                    | 2006年建 |                                 3室2厅 | 211.35平米                                  | 南,https://ke-image.ljcdn.com/310000-inspection/prod-dc24eda6-2de4-4038-a053-7bc45b333edc.jpg!m_fill,w_280,h_210,f_jpg?from=ke.com
20190504,浦东,碧云,精装修，朝南，不靠马路，好出租,398万,低楼层(共19层)                                                    | 1995年建 |                                 1室1厅 | 47.73平米                                  | 东南,https://ke-image.ljcdn.com/310000-inspection/prod-f5558924-f8b5-4781-bf83-bc562da698f8.jpg!m_fill,w_280,h_210,f_jpg?from=ke.com
20190504,浦东,碧云,凤凰大厦 2室2厅 南,1100万,高楼层(共23层)                                                    | 1998年建 |                                 2室2厅 | 142.6平米                                  | 南,https://ke-image.ljcdn.com/310000-inspection/prod-c3130265-90bb-40df-9c58-565cb070a830.jpg!m_fill,w_280,h_210,f_jpg?from=ke.com
20190504,浦东,碧云,精装一房，朝南向，高区，空间合理，适合单身自住,410万,中楼层(共19层)                                                    | 1997年建 |                                 1室0厅 | 47.14平米                                  | 南,https://ke-image.ljcdn.com/310000-inspection/prod-62cdbbc9-af8d-4d0d-808a-4f10b0308736.jpg!m_fill,w_280,h_210,f_jpg?from=ke.com
20190504,浦东,碧云,品质小区 素质住户 碧云国际社区 独幢别墅,5800万,低楼层(共3层)                                                    | 2003年建 |                                 5室2厅 | 677.45平米                                  | 西南,https://s1.ljcdn.com/pegasus/redskull/images/common/default_house_list.png?_v=20190429153127
20190504,浦东,碧云,婚房装修花费20万，附带家具家电，满五年唯一，随时看,465万,中楼层(共19层)                                                    | 2003年建 |                                 1室2厅 | 65.86平米                                  | 南,https://ke-image.ljcdn.com/310000-inspection/test-eca3687e-a591-453e-9250-1f4c962d30f9.png!m_fill,w_280,h_210,f_jpg?from=ke.com
20190504,浦东,碧云,带煤气 有钥匙 看房方便 高区采光好  业主诚意出售,310万,高楼层(共38层)                                                    | 2005年建 |                                 1室2厅 | 98平米                                  | 西,https://ke-image.ljcdn.com/hdic-frame/1c2cb7fb-af79-44da-8b64-5bc89eeda669.png!m_fill,w_280,h_210,f_jpg?from=ke.com
20190504,浦东,碧云,安静位置+满五唯一无个税+带10平地下室+诚意出售,1700万,低楼层(共12层)                                                    | 2006年建 |                                 4室2厅 | 183平米                                  | 南,https://ke-image.ljcdn.com/310000-inspection/bcba6160-3e84-4141-94eb-f0b8d580b06e.JPG!m_fill,w_280,h_210,f_jpg?from=ke.com
20190504,浦东,碧云,碧云社区，环境优美，上海世茂建设有限公司开发,1250万,中楼层(共43层)                                                    | 2004年建 |                                 2室2厅 | 134.89平米                                  | 南,https://ke-image.ljcdn.com/310000-inspection/prod-5ba084ac-63c5-4aeb-ac14-a6416f9e04a8.jpg!m_fill,w_280,h_210,f_jpg?from=ke.com
20190504,浦东,碧云,此房中区不怕高，采光视野依旧好，业主诚意随时签！,445万,中楼层(共19层)                                                    | 2003年建 |                                 1室1厅 | 65.86平米                                  | 南,https://ke-image.ljcdn.com/310000-inspection/test-33eda3bf-b46d-442e-855f-87f28d589c7a.png!m_fill,w_280,h_210,f_jpg?from=ke.com
20190504,浦东,碧云,精装修，带地暖，楼层中上，一房,450万,高楼层(共19层)                                                    | 1995年建 |                                 1室2厅 | 67.4平米                                  | 西南,https://ke-image.ljcdn.com/310000-inspection/prod-d3138d72-d39a-47a6-93a0-f17aa617c969.jpg!m_fill,w_280,h_210,f_jpg?from=ke.com
20190504,浦东,碧云,满五唯一+车位+地铁914号+屋况不错,1150万,高楼层(共8层)                                                    | 2000年建 |                                 3室2厅 | 113.41平米                                  | 南,https://ke-image.ljcdn.com/310000-inspection/43ed3da8-b66f-47ab-997a-aa6e59c11867.jpg!m_fill,w_280,h_210,f_jpg?from=ke.com
20190504,浦东,碧云,业主诚意出售，产权清晰，带车位,1600万,低楼层(共43层)                                                    | 2004年建 |                                 3室2厅 | 205.76平米                                  | 南,https://ke-image.ljcdn.com/shfdfs-image/20141208/8876796b-d057-4974-b18a-af8234909193.jpg!m_fill,w_280,h_210,f_jpg?from=ke.com
20190504,浦东,碧云,此房是朝南的一房，采光充足，房型简单通透,400万,中楼层(共19层)                                                    | 1995年建 |                                 1室0厅 | 47.73平米                                  | 南,https://ke-image.ljcdn.com/hdic-frame/52cdc068-6e4d-4ff8-8a9a-7b80c12511e8.png!m_fill,w_280,h_210,f_jpg?from=ke.com
20190504,浦东,碧云,世茂高区景观房，视野好，楼层棒，看房提前约都OK,1630万,高楼层(共30层)                                                    | 2003年建 |                                 3室2厅 | 195.47平米                                  | 南,https://ke-image.ljcdn.com/shfdfs-image/20160410/42233e4c-66a9-4cce-8a92-d2f5e3d06633.jpg!m_fill,w_280,h_210,f_jpg?from=ke.com
20190504,浦东,碧云,罗山花苑 2室2厅 南,750万,低楼层(共6层)                                                    | 1998年建 |                                 2室2厅 | 72.14平米                                  | 南,https://ke-image.ljcdn.com/hdic-frame/99172376-0f35-416c-b834-c677ee56ae10.png!m_fill,w_280,h_210,f_jpg?from=ke.com
20190504,浦东,碧云,房子两年前全新装修保养好，二手买进价格高，税费少,720万,低楼层(共8层)                                                    | 1995年建 |                                 3室2厅 | 93.12平米                                  | 东南 南,https://ke-image.ljcdn.com/310000-frame/eb8ca608-0e71-4e9f-be33-7278bbf9039d.jpg_600x450.jpg!m_fill,w_280,h_210,f_jpg?from=ke.com
20190504,浦东,碧云,总价低入住碧云国际社区 税费少 业主诚意出售,400万,中楼层(共19层)                                                    | 1995年建 |                                 1室1厅 | 47.73平米                                  | 南,https://ke-image.ljcdn.com/310000-inspection/prod-eac37ad6-56ae-4505-9cf3-6dc1ab6736b8.jpg!m_fill,w_280,h_210,f_jpg?from=ke.com
20190504,浦东,碧云,诚意卖，满五年，可以协商价格。,450万,高楼层(共19层)                                                    | 1997年建 |                                 1室1厅 | 62.36平米                                  | 南,https://ke-image.ljcdn.com/shfdfs-image/20160529/5d2f9d17-c31e-4913-92cc-0dd58d0082f4.jpg!m_fill,w_280,h_210,f_jpg?from=ke.com
20190504,浦东,碧云,罗山花苑 2室1厅 南,860万,低楼层(共6层)                                                    | 1998年建 |                                 2室1厅 | 90.42平米                                  | 南,https://ke-image.ljcdn.com/310000-inspection/prod-5b3d61b2-371e-4686-9923-cfb947df39f6.jpg!m_fill,w_280,h_210,f_jpg?from=ke.com
20190504,浦东,碧云,碧云 一房 南向 精装 满五年 税少,399万,低楼层(共19层)                                                    | 1995年建 |                                 1室1厅 | 46.7平米                                  | 南,https://ke-image.ljcdn.com/310000-inspection/prod-032b7b1e-1839-43c8-b21e-b388925bb41d.jpg!m_fill,w_280,h_210,f_jpg?from=ke.com
20190504,浦东,碧云,民航大厦 2室2厅 东,530万,高楼层(共38层)                                                    | 2005年建 |                                 2室2厅 | 174.86平米                                  | 东,https://s1.ljcdn.com/pegasus/redskull/images/common/default_house_list.png?_v=20190429153127
20190504,浦东,碧云,小区四期中间位置 前后花园 满五唯一 税费少,4500万,低楼层(共3层)                                                    | 2007年建 |                                 4室2厅 | 428.23平米                                  | 南,https://ke-image.ljcdn.com/shfdfs-image/20170406/7eb4471a-754d-4084-b661-c1e74cae21ff.jpg!m_fill,w_280,h_210,f_jpg?from=ke.com
20190504,浦东,碧云,总高38楼 俯瞰碧云qu景 视野开阔,380万,高楼层(共38层)                                                    | 2005年建 |                                 1室2厅 | 109.35平米                                  | 南,https://s1.ljcdn.com/pegasus/redskull/images/common/default_house_list.png?_v=20190429153127
20190504,浦东,碧云,满五唯一，朝南通透户型，通燃气，屋况好，税费少,435万,低楼层(共19层)                                                    | 2003年建 |                                 1室1厅 | 65.86平米                                  | 南,https://ke-image.ljcdn.com/310000-inspection/test-1b806760-b8b4-49d6-b2e7-31dfde86f67b.png!m_fill,w_280,h_210,f_jpg?from=ke.com
20190504,浦东,碧云,满五唯一，视野开阔，采光充足。,428万,高楼层(共19层)                                                    | 1995年建 |                                 1室1厅 | 63.09平米                                  | 南,https://ke-image.ljcdn.com/310000-inspection/d1bca0b4-72df-4447-9451-bca9ebcfde17.jpg!m_fill,w_280,h_210,f_jpg?from=ke.com
20190504,浦东,碧云,金桥酒店公寓 一室一厅 490万,490万,低楼层(共19层)                                                    | 1997年建 |                                 1室1厅 | 62.36平米                                  | 西南,https://ke-image.ljcdn.com/shfdfs-image/20170719/969bbb2f-d1da-41a5-8d12-aaa3ae4cc528.jpg!m_fill,w_280,h_210,f_jpg?from=ke.com
20190504,浦东,碧云,业主自住精装修，大金空调带地暖，保养好，诚意卖,2395万,低楼层(共4层)                                                    | 2004年建 |                                 3室2厅 | 291.38平米                                  | 南,https://ke-image.ljcdn.com/310000-inspection/ccfbb246-96f0-482b-8782-b38288ce54b8.jpg!m_fill,w_280,h_210,f_jpg?from=ke.com
20190504,浦东,碧云,小区中间位置，楼层好，无遮挡 ，诚意出售,710万,低楼层(共6层)                                                    | 1998年建 |                                 2室2厅 | 75.24平米                                  | 南,https://ke-image.ljcdn.com/310000-inspection/prod-ce6ea291-f6d9-4fa8-84f1-15c45f4f4ab7.jpg!m_fill,w_280,h_210,f_jpg?from=ke.com
20190504,浦东,碧云,晓园 3室2厅 南,1750万,中楼层(共12层)                                                    | 2006年建 |                                 3室2厅 | 175.81平米                                  | 南,https://ke-image.ljcdn.com/shfdfs-image/20170625/eeac8934-bc11-4fe2-b1b1-579d6e6de239.jpg!m_fill,w_280,h_210,f_jpg?from=ke.com
20190504,浦东,碧云,总价低，9号线蓝天路，精装修，业主诚意出售,400万,低楼层(共19层)                                                    | 1997年建 |                                 1室1厅 | 47.18平米                                  | 南,https://ke-image.ljcdn.com/310000-inspection/prod-9e9c571b-f827-475c-a10c-3be08f3933af.jpg!m_fill,w_280,h_210,f_jpg?from=ke.com
20190504,浦东,碧云,世茂湖滨花园(公寓) 3室2厅 南,1960万,中楼层(共40层)                                                    | 2004年建 |                                 3室2厅 | 218.53平米                                  | 南,https://ke-image.ljcdn.com/hdic-frame/7cf8d952-30b8-492c-b321-bce9919e17e6.png!m_fill,w_280,h_210,f_jpg?from=ke.com
20190504,浦东,碧云,带花园，价格便宜，周末安排看房,650万,低楼层(共5层)                                                    | 1998年建 |                                 2室2厅 | 73.74平米                                  | 南,https://ke-image.ljcdn.com/hdic-frame/e006b7b4-6d5a-443a-8cc3-2d7d8f44b4fc.png!m_fill,w_280,h_210,f_jpg?from=ke.com
20190504,浦东,碧云,二期带煤气，精装一室户，看房提前预约,500万,低楼层(共19层)                                                    | 2003年建 |                                 1室1厅 | 75.22平米                                  | 南,https://ke-image.ljcdn.com/310000-inspection/e9d53e7d-65c7-424d-9f45-e600c89fcb91.JPG!m_fill,w_280,h_210,f_jpg?from=ke.com
20190504,浦东,碧云,二期带天然气，一房一厅，全明户型,455万,低楼层(共19层)                                                    | 2003年建 |                                 1室1厅 | 65.86平米                                  | 西南,https://ke-image.ljcdn.com/310000-inspection/prod-d74dadcb-38ca-4069-9232-bb66066fd313.jpg!m_fill,w_280,h_210,f_jpg?from=ke.com
20190504,浦东,碧云,价格亲民 业主诚意卖 交通便利,300万,高楼层(共6层)                                                    | 1995年建 |                                 1室1厅 | 46平米                                  | 南,https://ke-image.ljcdn.com/shfdfs-image/20171024/7950b630-6c88-43de-bf29-db6709500067.jpg!m_fill,w_280,h_210,f_jpg?from=ke.com
20190504,浦东,碧云,金桥酒店公寓 1室1厅 南,410万,高楼层(共4层)                                                    | 2005年建 |                                 1室1厅 | 49.32平米                                  | 南,https://ke-image.ljcdn.com/hdic-frame/6a898dad-ffa1-48e1-9c7c-dd11e6d37cc4.png!m_fill,w_280,h_210,f_jpg?from=ke.com
20190504,浦东,碧云,晓园 3室2厅 南,1899万,低楼层(共10层)                                                    | 2006年建 |                                 3室2厅 | 174.07平米                                  | 南,https://ke-image.ljcdn.com/310000-inspection/test-7f02079b-3602-4305-aac1-57fa028aa14f.png!m_fill,w_280,h_210,f_jpg?from=ke.com
20190504,浦东,碧云,金桥酒店公寓 2室1厅 东南 南新上,398万,高楼层(共4层)                                                    | 2005年建 |                                 2室1厅 | 55.91平米                                  | 东南 南,https://ke-image.ljcdn.com/310000-inspection/prod-6f0696ae-f161-4964-a54c-50be7d14bff7.jpg!m_fill,w_280,h_210,f_jpg?from=ke.com
20190504,浦东,碧云,金浦小区(金桥) 1室1厅 南,320万,低楼层(共6层)                                                    | 1995年建 |                                 1室1厅 | 45平米                                  | 南,https://ke-image.ljcdn.com/310000-inspection/6128e4d7-9321-44fc-8026-761ccd413066.JPG!m_fill,w_280,h_210,f_jpg?from=ke.com
20190504,浦东,碧云,房子满五年唯一税费少，户型方正，2房朝南，1房朝北,1800万,低楼层(共32层)                                                    | 2004年建 |                                 3室2厅 | 217.94平米                                  | 南,https://ke-image.ljcdn.com/310000-inspection/5e12af1c-e3c5-4a22-be4d-a0ac3baa0925.jpg!m_fill,w_280,h_210,f_jpg?from=ke.com
20190504,浦东,碧云,邻地铁9号线+便利家乐福+迪卡隆,1120万,中楼层(共11层)                                                    | 2000年建 |                                 3室2厅 | 126.9平米                                  | 南,https://ke-image.ljcdn.com/shfdfs-image/20171026/e08c8ae3-5f70-4010-9bd6-b46dd5d57b3d.jpg!m_fill,w_280,h_210,f_jpg?from=ke.com
20190504,浦东,碧云,新装修 2个车位 北临水 位置安静,3000万,低楼层(共4层)                                                    | 2004年建 |                                 3室2厅 | 292.34平米                                  | 北,https://s1.ljcdn.com/pegasus/redskull/images/common/default_house_list.png?_v=20190429153127
20190504,浦东,碧云,世茂湖滨临河下叠，带地下室，业主诚意出售,2750万,低楼层(共4层)                                                    | 2003年建 |                                 3室2厅 | 277.4平米                                  | 南,https://ke-image.ljcdn.com/shfdfs-image/20170115/1f01df99-51a6-4474-8f2f-331d1ceb9e36.jpg!m_fill,w_280,h_210,f_jpg?from=ke.com
20190504,浦东,碧云,金桥酒店公寓 1室2厅 南,488万,中楼层(共19层)                                                    | 1995年建 |                                 1室2厅 | 67.4平米                                  | 南,https://ke-image.ljcdn.com/310000-inspection/prod-21d9fa9b-c25b-424d-90a2-8a28e9be10f7.jpg!m_fill,w_280,h_210,f_jpg?from=ke.com
20190504,浦东,碧云,罗山花苑 2室2厅 南,700万,低楼层(共6层)                                                    | 1998年建 |                                 2室2厅 | 69.52平米                                  | 南,https://ke-image.ljcdn.com/310000-inspection/prod-96f3837c-eb88-4193-976e-d2cfabdb6c9e.jpg!m_fill,w_280,h_210,f_jpg?from=ke.com
20190504,浦东,碧云,三房全朝南 带地暖 中 央空调 满五年 近地铁9号线,1500万,低楼层(共10层)                                                    | 2006年建 |                                 3室2厅 | 150.7平米                                  | 南,https://ke-image.ljcdn.com/310000-inspection/93cf85ce-1aa4-4b06-80d5-ce53b3927c50.jpg_600x450.jpg!m_fill,w_280,h_210,f_jpg?from=ke.com
20190504,浦东,碧云,金浦小区(金桥) 3室1厅 南,335万,高楼层(共6层)                                                    | 1995年建 |                                 3室1厅 | 69.15平米                                  | 南,https://ke-image.ljcdn.com/hdic-frame/c04840b4-f332-49c5-8e19-68213489d443.png!m_fill,w_280,h_210,f_jpg?from=ke.com
20190504,浦东,碧云,自住装修 一房一厅 朝南 看景观花园,450万,中楼层(共19层)                                                    | 1995年建 |                                 1室2厅 | 67.4平米                                  | 西北,https://ke-image.ljcdn.com/310000-inspection/test-973c11ef-294a-4870-965e-539adbeb67c3.png!m_fill,w_280,h_210,f_jpg?from=ke.com
20190504,浦东,碧云,满五年，坐北朝南，视野开阔，景观好,1850万,低楼层(共33层)                                                    | 2003年建 |                                 4室2厅 | 227.37平米                                  | 南,https://ke-image.ljcdn.com/310000-inspection/9b12dd79-4fb5-41ef-ad92-adb6e01425fa.jpg!m_fill,w_280,h_210,f_jpg?from=ke.com
20190504,浦东,碧云,业主精装修，保养佳，户型通透，适合一家5口居住,1350万,中楼层(共19层)                                                    | 2003年建 |                                 4室3厅 | 173.99平米                                  | 南,https://s1.ljcdn.com/pegasus/redskull/images/common/default_house_list.png?_v=20190429153127
20190504,浦东,碧云,小户型一房、业主置换着急出手、可安排看房,420万,中楼层(共19层)                                                    | 1995年建 |                                 1室1厅 | 63.09平米                                  | 南,https://ke-image.ljcdn.com/shfdfs-image/20170524/a174665c-0ba9-48f4-9a9b-25a067adfa8f.jpg!m_fill,w_280,h_210,f_jpg?from=ke.com
20190504,浦东,碧云,百富丽山庄 6室2厅 南,5500万,低楼层(共3层)                                                    | 1998年建 |                                 6室2厅 | 402.51平米                                  | 南,https://s1.ljcdn.com/pegasus/redskull/images/common/default_house_list.png?_v=20190429153127
20190504,浦东,碧云,世茂一期高区景观房 业主诚意出售 看中价格谈,1400万,高楼层(共30层)                                                    | 2003年建 |                                 2室2厅 | 172.12平米                                  | 南,https://s1.ljcdn.com/pegasus/redskull/images/common/default_house_list.png?_v=20190429153127
20190504,浦东,碧云,一期法式独栋，占地约700平，中间位置，税费各付,4300万,低楼层(共2层)                                                    | 2002年建 |                                 5室2厅 | 270.39平米                                  | 南,https://s1.ljcdn.com/pegasus/redskull/images/common/default_house_list.png?_v=20190429153127
20190504,浦东,碧云,经典户型+总价低+南北朝向+细心保养+诚意出售,3500万,低楼层(共2层)                                                    | 2005年建 |                                 3室2厅 | 416.47平米                                  | 南,https://s1.ljcdn.com/pegasus/redskull/images/common/default_house_list.png?_v=20190429153127
20190504,浦东,碧云,业主很诚意出售、价格可谈、F户型独栋别墅，占地大！,3500万,低楼层(共2层)                                                    | 2006年建 |                                 3室3厅 | 435.17平米                                  | 南,https://s1.ljcdn.com/pegasus/redskull/images/common/default_house_list.png?_v=20190429153127
20190504,浦东,碧云,一期朝南600平大花园独栋、楼间距大、外籍租客保养好,4890万,低楼层(共2层)                                                5室3厅 | 270.39平米                                  | 南,https://s1.ljcdn.com/pegasus/redskull/images/common/default_house_list.png?_v=20190429153127
20190504,浦东,碧云,碧云国际社区+一期独栋别墅+500平花园,6000万,低楼层(共2层)                                                4室2厅 | 270.39平米                                  | 南,https://s1.ljcdn.com/pegasus/redskull/images/common/default_house_list.png?_v=20190429153127
20190504,浦东,碧云,D户型大独栋别墅，4房户型，3房朝南；大占地、大花园,4300万,低楼层(共2层)                                                    | 2006年建 |                                 4室2厅 | 450.66平米                                  | 南,https://s1.ljcdn.com/pegasus/redskull/images/common/default_house_list.png?_v=20190429153127
20190504,浦东,碧云,凤凰大厦 4室2厅 南,2850万,高楼层(共23层)                                                    | 1998年建 |                                 4室2厅 | 191.32平米                                  | 南,https://s1.ljcdn.com/pegasus/redskull/images/common/default_house_list.png?_v=20190429153127
20190504,浦东,碧云,碧云东方公寓 4室2厅 南 西南新上,1600万,高楼层(共11层)                                                    | 2005年建 |                                 4室2厅 | 170平米                                  | 南 西南,https://s1.ljcdn.com/pegasus/redskull/images/common/default_house_list.png?_v=20190429153127
20190504,浦东,碧云,金桥酒店公寓 1室2厅 东 南新上,415万,低楼层(共19层)                                                    | 1995年建 |                                 1室2厅 | 67.4平米                                  | 东 南,https://ke-image.ljcdn.com/hdic-frame/ef59ddfc-ff7c-401c-85ae-8cdbdcab0511.png!m_fill,w_280,h_210,f_jpg?from=ke.com
20190504,浦东,碧云,满五年唯一，户型方正，位置安静，上东和冰园可用,720万,中楼层(共6层)                                                    | 1998年建 |                                 2室2厅 | 76.11平米                                  | 南,https://ke-image.ljcdn.com/310000-inspection/prod-da1666ee-c888-4e08-8261-3dfdd83a7482.jpg!m_fill,w_280,h_210,f_jpg?from=ke.com
